id;contributors;coordinates;created_at;display_text_range;entities;extended_entities;favorite_count;favorited;filter_level;geo;id_str;in_reply_to_screen_name;in_reply_to_status_id;in_reply_to_status_id_str;in_reply_to_user_id;in_reply_to_user_id_str;is_quote_status;lang;place;possibly_sensitive;retweet_count;retweeted;retweeted_status;source;text;timestamp_ms;truncated;user
8.482610056e+17;;;Sat Apr 01 19:49:18 +0000 2017;;{'symbols': [], 'urls': [{'url': 'https://t.co/Y8GqFhRNvS', 'indices': [92, 115], 'expanded_url': 'https://giveaway.amazon.com/p/60f5751a8ee97632/?ref_=tsm_4_tw_p_tw', 'display_url': 'giveaway.amazon.com/p/60f5751a8ee9…'}], 'user_mentions': [], 'hashtags': [{'indices': [116, 125], 'text': 'giveaway'}]};;0.0;0.0;low;;848261005583011840;;;;;;0.0;en;;0.0;0.0;0.0;;"<a href=""http://www.amazon.com"" rel=""nofollow"">Amazon</a>";"I entered a giveaway for a chance to win ""Steamy Nights, Cool Lights"" by KT Grant (Author). https://t.co/Y8GqFhRNvS #giveaway";1491076158315;0.0;{'time_zone': None, 'name': 'Shawna Bradshaw', 'favourites_count': 54, 'default_profile_image': False, 'listed_count': 0, 'utc_offset': None, 'profile_text_color': '333333', 'screen_name': 'ShawnaMarie1974', 'url': None, 'statuses_count': 1882, 'geo_enabled': False, 'id': 828092179402862592, 'description': None, 'location': None, 'notifications': None, 'following': None, 'friends_count': 898, 'profile_background_image_url_https': '', 'profile_sidebar_border_color': 'C0DEED', 'profile_background_image_url': '', 'followers_count': 27, 'lang': 'en', 'id_str': '828092179402862592', 'profile_image_url_https': 'https://pbs.twimg.com/profile_images/847621515898109952/rOHMtXZ1_normal.jpg', 'profile_link_color': '1DA1F2', 'profile_sidebar_fill_color': 'DDEEF6', 'profile_image_url': 'http://pbs.twimg.com/profile_images/847621515898109952/rOHMtXZ1_normal.jpg', 'verified': False, 'contributors_enabled': False, 'protected': False, 'profile_background_tile': False, 'follow_request_sent': None, 'default_profile': True, 'created_at': 'Sun Feb 05 04:05:35 +0000 2017', 'profile_use_background_image': True, 'profile_background_color': 'F5F8FA', 'is_translator': False}
8.482610071e+17;;;Sat Apr 01 19:49:18 +0000 2017;;{'symbols': [], 'urls': [{'url': 'https://t.co/Klgus4Qq3d', 'indices': [72, 95], 'expanded_url': 'https://www.hwswworld.com/index.php?route=product/product&path=139&product_id=116', 'display_url': 'hwswworld.com/index.php?rout…'}, {'url': 'https://t.co/hdqIPAbItb', 'indices': [114, 137], 'expanded_url': 'http://www.amazon.com/gp/product/1492992682/ref=as_li_tf_tl?ie=UTF8&camp=1789&creative=9325&creativeASIN=1492992682&linkCode=as2&tag=hardwaresoftw-20', 'display_url': 'amazon.com/gp/product/149…'}], 'user_mentions': [], 'hashtags': []};;0.0;0.0;low;;848261007076184064;;;;;;0.0;en;;0.0;0.0;0.0;;"<a href=""Http://www.hwswworld.com"" rel=""nofollow"">Doesnothaveanameyet</a>";roydell2b : Seek Global PB-Scale AI Big Data Cloud Boot Camp Partners - https://t.co/Klgus4Qq3d The Coyote Wars : https://t.co/hdqIPAbItb;1491076158671;0.0;{'time_zone': 'Arizona', 'name': 'AIBigDataCloudTrain', 'favourites_count': 0, 'default_profile_image': False, 'listed_count': 619, 'utc_offset': -25200, 'profile_text_color': '000000', 'screen_name': 'ClouDatAI', 'url': 'http://www.hwswworld.com', 'statuses_count': 2633813, 'geo_enabled': False, 'profile_banner_url': 'https://pbs.twimg.com/profile_banners/2319610428/1489632298', 'id': 2319610428, 'description': 'Seeking Universal/Global Deep Learning of AI Boot Camp Partners for win-win! \n- http://www.meetup.com/Deep-Learning-of-PB-Scale-AI-Big-Data-Cloud-IoT-Boot-Camp/', 'location': 'San Francisco & Worldwwide', 'notifications': None, 'following': None, 'friends_count': 0, 'profile_background_image_url_https': 'https://abs.twimg.com/images/themes/theme1/bg.png', 'profile_sidebar_border_color': '000000', 'profile_background_image_url': 'http://abs.twimg.com/images/themes/theme1/bg.png', 'followers_count': 1139, 'lang': 'en', 'id_str': '2319610428', 'profile_image_url_https': 'https://pbs.twimg.com/profile_images/842511013232631808/3Kgdka26_normal.jpg', 'profile_link_color': '9266CC', 'profile_sidebar_fill_color': '000000', 'profile_image_url': 'http://pbs.twimg.com/profile_images/842511013232631808/3Kgdka26_normal.jpg', 'verified': False, 'contributors_enabled': False, 'protected': False, 'profile_background_tile': False, 'follow_request_sent': None, 'default_profile': False, 'created_at': 'Thu Jan 30 21:58:33 +0000 2014', 'profile_use_background_image': False, 'profile_background_color': '000000', 'is_translator': False}
8.482610074e+17;;;Sat Apr 01 19:49:18 +0000 2017;[0, 86];{'symbols': [], 'urls': [{'url': 'https://t.co/TKZjtZ5Y3p', 'indices': [63, 86], 'expanded_url': 'https://www.amazon.com/Graco-Nautilus-Harness-Booster-Sully/dp/B00Y285W8G/ref=pd_zg_rss_ms_ba_baby-products_8?ie=UTF8&tag=crazysale.us-20', 'display_url': 'amazon.com/Graco-Nautilus…'}], 'user_mentions': [], 'hashtags': [], 'media': [{'url': 'https://t.co/wogi9OSxOK', 'id_str': '848261004836438016', 'display_url': 'pic.twitter.com/wogi9OSxOK', 'id': 848261004836438016, 'type': 'photo', 'media_url': 'http://pbs.twimg.com/media/C8Wg474XgAA3o1K.jpg', 'indices': [87, 110], 'expanded_url': 'https://twitter.com/CrazySale_Toys/status/848261007390769158/photo/1', 'sizes': {'small': {'h': 160, 'resize': 'fit', 'w': 160}, 'medium': {'h': 160, 'resize': 'fit', 'w': 160}, 'large': {'h': 160, 'resize': 'fit', 'w': 160}, 'thumb': {'h': 150, 'resize': 'crop', 'w': 150}}, 'media_url_https': 'https://pbs.twimg.com/media/C8Wg474XgAA3o1K.jpg'}]};{'media': [{'url': 'https://t.co/wogi9OSxOK', 'id_str': '848261004836438016', 'display_url': 'pic.twitter.com/wogi9OSxOK', 'id': 848261004836438016, 'type': 'photo', 'media_url': 'http://pbs.twimg.com/media/C8Wg474XgAA3o1K.jpg', 'indices': [87, 110], 'expanded_url': 'https://twitter.com/CrazySale_Toys/status/848261007390769158/photo/1', 'sizes': {'small': {'h': 160, 'resize': 'fit', 'w': 160}, 'medium': {'h': 160, 'resize': 'fit', 'w': 160}, 'large': {'h': 160, 'resize': 'fit', 'w': 160}, 'thumb': {'h': 150, 'resize': 'crop', 'w': 150}}, 'media_url_https': 'https://pbs.twimg.com/media/C8Wg474XgAA3o1K.jpg'}]};0.0;0.0;low;;848261007390769158;;;;;;0.0;en;;0.0;0.0;0.0;;"<a href=""http://www.crazysale.us/"" rel=""nofollow"">CrazySale_Toys</a>";#8: Graco Nautilus 65 3-in-1 Harness Booster Car Seat, Sully - https://t.co/TKZjtZ5Y3p https://t.co/wogi9OSxOK;1491076158746;0.0;{'time_zone': None, 'name': 'Crazy Sale Toys', 'favourites_count': 0, 'default_profile_image': False, 'listed_count': 0, 'utc_offset': None, 'profile_text_color': '333333', 'screen_name': 'CrazySale_Toys', 'url': None, 'statuses_count': 1043, 'geo_enabled': False, 'profile_banner_url': 'https://pbs.twimg.com/profile_banners/820286872576409600/1484406712', 'id': 820286872576409600, 'description': 'We have all the craziest toys on sale right here!', 'location': 'United States', 'notifications': None, 'following': None, 'friends_count': 0, 'profile_background_image_url_https': '', 'profile_sidebar_border_color': 'C0DEED', 'profile_background_image_url': '', 'followers_count': 7, 'lang': 'en', 'id_str': '820286872576409600', 'profile_image_url_https': 'https://pbs.twimg.com/profile_images/820287204115103744/apVddGwi_normal.jpg', 'profile_link_color': '1DA1F2', 'profile_sidebar_fill_color': 'DDEEF6', 'profile_image_url': 'http://pbs.twimg.com/profile_images/820287204115103744/apVddGwi_normal.jpg', 'verified': False, 'contributors_enabled': False, 'protected': False, 'profile_background_tile': False, 'follow_request_sent': None, 'default_profile': True, 'created_at': 'Sat Jan 14 15:10:05 +0000 2017', 'profile_use_background_image': True, 'profile_background_color': 'F5F8FA', 'is_translator': False}
8.482610097e+17;;;Sat Apr 01 19:49:19 +0000 2017;;{'symbols': [], 'urls': [{'url': 'https://t.co/TD7LGz9nIL', 'indices': [46, 69], 'expanded_url': 'http://bit.ly/2okzwhm', 'display_url': 'bit.ly/2okzwhm'}], 'user_mentions': [{'indices': [3, 17], 'name': 'Mr. Morris', 'id_str': '207356178', 'id': 207356178, 'screen_name': 'Spaghetti3332'}], 'hashtags': [{'indices': [71, 78], 'text': 'Review'}, {'indices': [79, 84], 'text': 'food'}, {'indices': [85, 95], 'text': 'asianfood'}, {'indices': [96, 103], 'text': 'foodie'}, {'indices': [104, 114], 'text': 'karousell'}, {'indices': [115, 122], 'text': 'amazon'}, {'indices': [123, 131], 'text': 'kitchen'}]};;0.0;0.0;low;;848261009655595008;;;;;;0.0;en;;0.0;0.0;0.0;"{'place': None, 'id': 847918586496782336, 'user': {'time_zone': 'Singapore', 'name': 'Mr. Morris', 'favourites_count': 337, 'default_profile_image': False, 'listed_count': 65, 'utc_offset': 28800, 'profile_text_color': '3E4415', 'screen_name': 'Spaghetti3332', 'url': 'http://shrsl.com/?h7vq', 'statuses_count': 5389, 'geo_enabled': True, 'profile_banner_url': 'https://pbs.twimg.com/profile_banners/207356178/1401330555', 'id': 207356178, 'description': ""I don't want to be remembered. I want the nice words when I can hear them. Please always remember that talking is cheap, it takes money to buy whiskey!"", 'location': 'Singapore', 'notifications': None, 'following': None, 'friends_count': 4872, 'profile_background_image_url_https': 'https://pbs.twimg.com/profile_background_images/562336798/dsdsds.JPG', 'profile_sidebar_border_color': '829D5E', 'profile_background_image_url': 'http://pbs.twimg.com/profile_background_images/562336798/dsdsds.JPG', 'followers_count': 1528, 'lang': 'en', 'id_str': '207356178', 'profile_image_url_https': 'https://pbs.twimg.com/profile_images/698978065314091009/Z3OHOEdj_normal.jpg', 'profile_link_color': 'D02B55', 'profile_sidebar_fill_color': '99CC33', 'profile_image_url': 'http://pbs.twimg.com/profile_images/698978065314091009/Z3OHOEdj_normal.jpg', 'verified': False, 'contributors_enabled': False, 'protected': False, 'profile_background_tile': False, 'follow_request_sent': None, 'default_profile': False, 'created_at': 'Mon Oct 25 04:03:27 +0000 2010', 'profile_use_background_image': True, 'profile_background_color': '141312', 'is_translator': False}, 'retweeted': False, 'truncated': False, 'coordinates': None, 'is_quote_status': False, 'in_reply_to_status_id': None, 'in_reply_to_status_id_str': None, 'possibly_sensitive': False, 'source': '<a href=""http://twitter.com"" rel=""nofollow"">Twitter Web Client</a>', 'geo': None, 'extended_entities': {'media': [{'url': 'https://t.co/gRsV5lujsn', 'id_str': '847918229016244224', 'display_url': 'pic.twitter.com/gRsV5lujsn', 'id': 847918229016244224, 'type': 'photo', 'media_url': 'http://pbs.twimg.com/media/C8RpIwcXcAAFiEk.jpg', 'indices': [113, 136], 'expanded_url': 'https://twitter.com/Spaghetti3332/status/847918586496782336/photo/1', 'sizes': {'small': {'h': 420, 'resize': 'fit', 'w': 680}, 'medium': {'h': 718, 'resize': 'fit', 'w': 1163}, 'large': {'h': 718, 'resize': 'fit', 'w': 1163}, 'thumb': {'h': 150, 'resize': 'crop', 'w': 150}}, 'media_url_https': 'https://pbs.twimg.com/media/C8RpIwcXcAAFiEk.jpg'}]}, 'in_reply_to_screen_name': None, 'id_str': '847918586496782336', 'filter_level': 'low', 'in_reply_to_user_id': None, 'in_reply_to_user_id_str': None, 'text': 'Top 10 Rice Cooker review! https://t.co/TD7LGz9nIL\n\n#Review #food #asianfood #foodie #karousell #amazon #kitchen https://t.co/gRsV5lujsn', 'display_text_range': [0, 112], 'favorite_count': 4, 'entities': {'symbols': [], 'urls': [{'url': 'https://t.co/TD7LGz9nIL', 'indices': [27, 50], 'expanded_url': 'http://bit.ly/2okzwhm', 'display_url': 'bit.ly/2okzwhm'}], 'user_mentions': [], 'hashtags': [{'indices': [52, 59], 'text': 'Review'}, {'indices': [60, 65], 'text': 'food'}, {'indices': [66, 76], 'text': 'asianfood'}, {'indices': [77, 84], 'text': 'foodie'}, {'indices': [85, 95], 'text': 'karousell'}, {'indices': [96, 103], 'text': 'amazon'}, {'indices': [104, 112], 'text': 'kitchen'}], 'media': [{'url': 'https://t.co/gRsV5lujsn', 'id_str': '847918229016244224', 'display_url': 'pic.twitter.com/gRsV5lujsn', 'id': 847918229016244224, 'type': 'photo', 'media_url': 'http://pbs.twimg.com/media/C8RpIwcXcAAFiEk.jpg', 'indices': [113, 136], 'expanded_url': 'https://twitter.com/Spaghetti3332/status/847918586496782336/photo/1', 'sizes': {'small': {'h': 420, 'resize': 'fit', 'w': 680}, 'medium': {'h': 718, 'resize': 'fit', 'w': 1163}, 'large': {'h': 718, 'resize': 'fit', 'w': 1163}, 'thumb': {'h': 150, 'resize': 'crop', 'w': 150}}, 'media_url_https': 'https://pbs.twimg.com/media/C8RpIwcXcAAFiEk.jpg'}]}, 'retweet_count': 2, 'contributors': None, 'favorited': False, 'created_at': 'Fri Mar 31 21:08:39 +0000 2017', 'lang': 'en'}";"<a href=""http://twitter.com"" rel=""nofollow"">Twitter Web Client</a>";"RT @Spaghetti3332: Top 10 Rice Cooker review! https://t.co/TD7LGz9nIL

#Review #food #asianfood #foodie #karousell #amazon #kitchen https:/…";1491076159286;0.0;"{'time_zone': 'Singapore', 'name': 'Mr. Morris', 'favourites_count': 337, 'default_profile_image': False, 'listed_count': 65, 'utc_offset': 28800, 'profile_text_color': '3E4415', 'screen_name': 'Spaghetti3332', 'url': 'http://shrsl.com/?h7vq', 'statuses_count': 5390, 'geo_enabled': True, 'profile_banner_url': 'https://pbs.twimg.com/profile_banners/207356178/1401330555', 'id': 207356178, 'description': ""I don't want to be remembered. I want the nice words when I can hear them. Please always remember that talking is cheap, it takes money to buy whiskey!"", 'location': 'Singapore', 'notifications': None, 'following': None, 'friends_count': 4872, 'profile_background_image_url_https': 'https://pbs.twimg.com/profile_background_images/562336798/dsdsds.JPG', 'profile_sidebar_border_color': '829D5E', 'profile_background_image_url': 'http://pbs.twimg.com/profile_background_images/562336798/dsdsds.JPG', 'followers_count': 1528, 'lang': 'en', 'id_str': '207356178', 'profile_image_url_https': 'https://pbs.twimg.com/profile_images/698978065314091009/Z3OHOEdj_normal.jpg', 'profile_link_color': 'D02B55', 'profile_sidebar_fill_color': '99CC33', 'profile_image_url': 'http://pbs.twimg.com/profile_images/698978065314091009/Z3OHOEdj_normal.jpg', 'verified': False, 'contributors_enabled': False, 'protected': False, 'profile_background_tile': False, 'follow_request_sent': None, 'default_profile': False, 'created_at': 'Mon Oct 25 04:03:27 +0000 2010', 'profile_use_background_image': True, 'profile_background_color': '141312', 'is_translator': False}"
8.482610102e+17;;;Sat Apr 01 19:49:19 +0000 2017;;{'symbols': [], 'urls': [], 'user_mentions': [{'indices': [3, 13], 'name': 'Mauricio Prieto', 'id_str': '33952078', 'id': 33952078, 'screen_name': 'mauprieto'}], 'hashtags': []};;0.0;0.0;low;;848261010221928448;;;;;;0.0;es;;;0.0;0.0;"{'place': None, 'user': {'time_zone': 'Greenland', 'name': 'Mauricio Prieto', 'favourites_count': 285, 'default_profile_image': False, 'listed_count': 227, 'utc_offset': -7200, 'profile_text_color': '333333', 'screen_name': 'mauprieto', 'url': 'https://www.linkedin.com/in/mauprieto', 'statuses_count': 2221, 'geo_enabled': True, 'profile_banner_url': 'https://pbs.twimg.com/profile_banners/33952078/1355267622', 'id': 33952078, 'description': 'Entrepreneur, startup advisor, digital transformation, VC, eDreams cofounder, former CMO & board member eDreams Odigeo.', 'location': 'Tiburon, CA', 'notifications': None, 'following': None, 'friends_count': 2618, 'profile_background_image_url_https': 'https://abs.twimg.com/images/themes/theme1/bg.png', 'profile_sidebar_border_color': 'C0DEED', 'profile_background_image_url': 'http://abs.twimg.com/images/themes/theme1/bg.png', 'followers_count': 4035, 'lang': 'en', 'id_str': '33952078', 'profile_image_url_https': 'https://pbs.twimg.com/profile_images/932550239/mp_normal.jpg', 'profile_link_color': '1DA1F2', 'profile_sidebar_fill_color': 'DDEEF6', 'profile_image_url': 'http://pbs.twimg.com/profile_images/932550239/mp_normal.jpg', 'verified': False, 'contributors_enabled': False, 'protected': False, 'profile_background_tile': False, 'follow_request_sent': None, 'default_profile': True, 'created_at': 'Tue Apr 21 16:18:37 +0000 2009', 'profile_use_background_image': True, 'profile_background_color': 'C0DEED', 'is_translator': False}, 'retweeted': False, 'truncated': False, 'coordinates': None, 'is_quote_status': False, 'in_reply_to_status_id': None, 'in_reply_to_status_id_str': None, 'id': 848209715326734337, 'source': '<a href=""http://twitter.com/download/iphone"" rel=""nofollow"">Twitter for iPhone</a>', 'favorited': False, 'in_reply_to_screen_name': None, 'id_str': '848209715326734337', 'filter_level': 'low', 'in_reply_to_user_id': None, 'in_reply_to_user_id_str': None, 'text': ""Valor actual de $1000 invertidos en 2010 en...\n\nGoogle: $2600\nApple: $4700\nAmazon: $6500\nDomino's Pizza: $21500"", 'favorite_count': 19, 'entities': {'symbols': [], 'urls': [], 'user_mentions': [], 'hashtags': []}, 'retweet_count': 30, 'contributors': None, 'geo': None, 'created_at': 'Sat Apr 01 16:25:29 +0000 2017', 'lang': 'es'}";"<a href=""http://twitter.com/download/android"" rel=""nofollow"">Twitter for Android</a>";"RT @mauprieto: Valor actual de $1000 invertidos en 2010 en...

Google: $2600
Apple: $4700
Amazon: $6500
Domino's Pizza: $21500";1491076159421;0.0;{'time_zone': 'Madrid', 'name': 'José Moreno', 'favourites_count': 939, 'default_profile_image': False, 'listed_count': 88, 'utc_offset': 7200, 'profile_text_color': '333333', 'screen_name': 'jomoespe', 'url': None, 'statuses_count': 11508, 'geo_enabled': False, 'profile_banner_url': 'https://pbs.twimg.com/profile_banners/136034424/1402486452', 'id': 136034424, 'description': 'Tecnología, triatlón, desarrollo de software y algunos pensamientos #noArchitecture \n??', 'location': None, 'notifications': None, 'following': None, 'friends_count': 407, 'profile_background_image_url_https': 'https://abs.twimg.com/images/themes/theme14/bg.gif', 'profile_sidebar_border_color': 'EEEEEE', 'profile_background_image_url': 'http://abs.twimg.com/images/themes/theme14/bg.gif', 'followers_count': 379, 'lang': 'es', 'id_str': '136034424', 'profile_image_url_https': 'https://pbs.twimg.com/profile_images/681538952038346752/uKhu5Hnd_normal.jpg', 'profile_link_color': '2F74BD', 'profile_sidebar_fill_color': 'EFEFEF', 'profile_image_url': 'http://pbs.twimg.com/profile_images/681538952038346752/uKhu5Hnd_normal.jpg', 'verified': False, 'contributors_enabled': False, 'protected': False, 'profile_background_tile': True, 'follow_request_sent': None, 'default_profile': False, 'created_at': 'Thu Apr 22 21:32:37 +0000 2010', 'profile_use_background_image': True, 'profile_background_color': '131516', 'is_translator': False}
8.482610103e+17;;;Sat Apr 01 19:49:19 +0000 2017;;{'symbols': [], 'urls': [{'url': 'https://t.co/9LGzkEqXik', 'indices': [66, 89], 'expanded_url': 'http://amazon.com/dp/B00MZ25CWW/', 'display_url': 'amazon.com/dp/B00MZ25CWW/'}, {'url': 'https://t.co/ZnQBiJWWCW', 'indices': [93, 116], 'expanded_url': 'http://amazon.co.UK/dp/B00MZ25CWW/', 'display_url': 'amazon.co.UK/dp/B00MZ25CWW/'}], 'user_mentions': [], 'hashtags': [{'indices': [0, 8], 'text': '99cents'}, {'indices': [10, 15], 'text': 'FREE'}, {'indices': [16, 32], 'text': 'KindleUnlimited'}], 'media': [{'source_status_id_str': '848058001298661378', 'type': 'photo', 'display_url': 'pic.twitter.com/HMhajl0eZq', 'source_status_id': 848058001298661378, 'url': 'https://t.co/HMhajl0eZq', 'id_str': '848057992071204869', 'media_url_https': 'https://pbs.twimg.com/media/C8ToQCZV0AUEe6F.jpg', 'id': 848057992071204869, 'media_url': 'http://pbs.twimg.com/media/C8ToQCZV0AUEe6F.jpg', 'source_user_id_str': '104944845', 'source_user_id': 104944845, 'expanded_url': 'https://twitter.com/evepaludan/status/848058001298661378/photo/1', 'indices': [117, 140], 'sizes': {'small': {'h': 385, 'resize': 'fit', 'w': 610}, 'medium': {'h': 385, 'resize': 'fit', 'w': 610}, 'large': {'h': 385, 'resize': 'fit', 'w': 610}, 'thumb': {'h': 150, 'resize': 'crop', 'w': 150}}}]};{'media': [{'source_status_id_str': '848058001298661378', 'type': 'photo', 'display_url': 'pic.twitter.com/HMhajl0eZq', 'source_status_id': 848058001298661378, 'url': 'https://t.co/HMhajl0eZq', 'id_str': '848057992071204869', 'media_url_https': 'https://pbs.twimg.com/media/C8ToQCZV0AUEe6F.jpg', 'id': 848057992071204869, 'media_url': 'http://pbs.twimg.com/media/C8ToQCZV0AUEe6F.jpg', 'source_user_id_str': '104944845', 'source_user_id': 104944845, 'expanded_url': 'https://twitter.com/evepaludan/status/848058001298661378/photo/1', 'indices': [117, 140], 'sizes': {'small': {'h': 385, 'resize': 'fit', 'w': 610}, 'medium': {'h': 385, 'resize': 'fit', 'w': 610}, 'large': {'h': 385, 'resize': 'fit', 'w': 610}, 'thumb': {'h': 150, 'resize': 'crop', 'w': 150}}}]};0.0;0.0;low;;848261010259443712;;;;;;0.0;en;{'place_type': 'admin', 'name': 'Arizona', 'country_code': 'US', 'id': 'a612c69b44b2e5da', 'bounding_box': {'type': 'Polygon', 'coordinates': [[[-114.818269, 31.332246], [-114.818269, 37.004261], [-109.045153, 37.004261], [-109.045153, 31.332246]]]}, 'attributes': {}, 'full_name': 'Arizona, USA', 'country': 'United States', 'url': 'https://api.twitter.com/1.1/geo/id/a612c69b44b2e5da.json'};0.0;0.0;0.0;;"<a href=""http://twitter.com"" rel=""nofollow"">Twitter Web Client</a>";"#99cents/ #FREE #KindleUnlimited
THE MAN WHO ROSE FROM THE SEA
?? https://t.co/9LGzkEqXik
?? https://t.co/ZnQBiJWWCW
https://t.co/HMhajl0eZq";1491076159430;0.0;{'time_zone': 'Pacific Time (US & Canada)', 'name': 'Eve Paludan', 'favourites_count': 8172, 'default_profile_image': False, 'listed_count': 3073, 'utc_offset': -25200, 'profile_text_color': '3C3940', 'screen_name': 'evepaludan', 'url': 'http://www.amazon.com/Eve-Paludan/e/B004VXHP6O/', 'statuses_count': 466027, 'geo_enabled': True, 'profile_banner_url': 'https://pbs.twimg.com/profile_banners/104944845/1435538839', 'id': 104944845, 'description': '#Author #evepaludan #writes #paranormal #mystery #thriller  #romance. ? #werewolf #witch #vampire #ghost #angel #Bigfoot. Celebrate #reading. No DMs, please.', 'location': 'Mesa, AZ', 'notifications': None, 'following': None, 'friends_count': 64764, 'profile_background_image_url_https': 'https://abs.twimg.com/images/themes/theme4/bg.gif', 'profile_sidebar_border_color': '5ED4DC', 'profile_background_image_url': 'http://abs.twimg.com/images/themes/theme4/bg.gif', 'followers_count': 71197, 'lang': 'en', 'id_str': '104944845', 'profile_image_url_https': 'https://pbs.twimg.com/profile_images/615313726854463488/Uy6gq4g4_normal.jpg', 'profile_link_color': '0099B9', 'profile_sidebar_fill_color': '95E8EC', 'profile_image_url': 'http://pbs.twimg.com/profile_images/615313726854463488/Uy6gq4g4_normal.jpg', 'verified': False, 'contributors_enabled': False, 'protected': False, 'profile_background_tile': False, 'follow_request_sent': None, 'default_profile': False, 'created_at': 'Thu Jan 14 21:53:56 +0000 2010', 'profile_use_background_image': True, 'profile_background_color': '0099B9', 'is_translator': False}
8.482610145e+17;;;Sat Apr 01 19:49:20 +0000 2017;;{'symbols': [], 'urls': [{'url': 'https://t.co/qpBZIYliHt', 'indices': [107, 130], 'expanded_url': 'https://giveaway.amazon.com/p/0d47c3ab91eaedcf/?ref_=tsm_4_tw_p_tw', 'display_url': 'giveaway.amazon.com/p/0d47c3ab91ea…'}], 'user_mentions': [], 'hashtags': [{'indices': [131, 140], 'text': 'giveaway'}]};;0.0;0.0;low;;848261014466555908;;;;;;0.0;en;;0.0;0.0;0.0;;"<a href=""http://www.amazon.com"" rel=""nofollow"">Amazon</a>";"I entered a giveaway for a chance to win ""Irontria LED Headlamp High Power Bright Headlig..."" by Irontria. https://t.co/qpBZIYliHt #giveaway";1491076160433;0.0;{'time_zone': 'Central Time (US & Canada)', 'name': 'Happi Shopr', 'favourites_count': 58, 'default_profile_image': False, 'listed_count': 158, 'utc_offset': -18000, 'profile_text_color': 'E82E7F', 'screen_name': 'happishopr', 'url': None, 'statuses_count': 45529, 'geo_enabled': False, 'profile_banner_url': 'https://pbs.twimg.com/profile_banners/17840574/1424368617', 'id': 17840574, 'description': None, 'location': None, 'notifications': None, 'following': None, 'friends_count': 4215, 'profile_background_image_url_https': 'https://pbs.twimg.com/profile_background_images/488664395946278912/UU_Oimc-.png', 'profile_sidebar_border_color': 'B39E8F', 'profile_background_image_url': 'http://pbs.twimg.com/profile_background_images/488664395946278912/UU_Oimc-.png', 'followers_count': 1322, 'lang': 'en', 'id_str': '17840574', 'profile_image_url_https': 'https://pbs.twimg.com/profile_images/568469170157678592/A3YdXwYz_normal.jpeg', 'profile_link_color': 'A37C9D', 'profile_sidebar_fill_color': 'F06154', 'profile_image_url': 'http://pbs.twimg.com/profile_images/568469170157678592/A3YdXwYz_normal.jpeg', 'verified': False, 'contributors_enabled': False, 'protected': False, 'profile_background_tile': True, 'follow_request_sent': None, 'default_profile': False, 'created_at': 'Wed Dec 03 16:36:59 +0000 2008', 'profile_use_background_image': False, 'profile_background_color': '979EAD', 'is_translator': False}
8.482610165e+17;;;Sat Apr 01 19:49:20 +0000 2017;;{'symbols': [], 'urls': [{'url': 'https://t.co/tnaQcXKbRC', 'indices': [66, 89], 'expanded_url': 'http://www.amazon.co.jp/dp/B005VXQAS2/', 'display_url': 'amazon.co.jp/dp/B005VXQAS2/'}], 'user_mentions': [], 'hashtags': [{'indices': [90, 93], 'text': 'XH'}]};;0.0;0.0;low;;848261016534171649;;;;;;0.0;ja;;0.0;0.0;0.0;;"<a href=""http://twittbot.net/"" rel=""nofollow"">twittbot.net</a>";?????Makina?????8???UNDERGROUND MAKINA CONNECTIONZ VOL.8?(amazon)?https://t.co/tnaQcXKbRC #XH;1491076160926;0.0;{'time_zone': 'Tokyo', 'name': 'X-TREME HARD', 'favourites_count': 5670, 'default_profile_image': False, 'listed_count': 124, 'utc_offset': 32400, 'profile_text_color': '3C3940', 'screen_name': 'x_hard', 'url': None, 'statuses_count': 43272, 'geo_enabled': False, 'profile_banner_url': 'https://pbs.twimg.com/profile_banners/104392370/1478851142', 'id': 104392370, 'description': '??????????????????????X-TREME HARD?twitter? http://ameblo.jp/x-hard', 'location': None, 'notifications': None, 'following': None, 'friends_count': 2220, 'profile_background_image_url_https': 'https://pbs.twimg.com/profile_background_images/404386600/xh10_1600x1200.jpg', 'profile_sidebar_border_color': '5ED4DC', 'profile_background_image_url': 'http://pbs.twimg.com/profile_background_images/404386600/xh10_1600x1200.jpg', 'followers_count': 2255, 'lang': 'ja', 'id_str': '104392370', 'profile_image_url_https': 'https://pbs.twimg.com/profile_images/796985621575127040/MFIEsJOL_normal.jpg', 'profile_link_color': '0099B9', 'profile_sidebar_fill_color': '95E8EC', 'profile_image_url': 'http://pbs.twimg.com/profile_images/796985621575127040/MFIEsJOL_normal.jpg', 'verified': False, 'contributors_enabled': False, 'protected': False, 'profile_background_tile': False, 'follow_request_sent': None, 'default_profile': False, 'created_at': 'Wed Jan 13 05:34:51 +0000 2010', 'profile_use_background_image': True, 'profile_background_color': '0099B9', 'is_translator': False}
8.482610195e+17;;;Sat Apr 01 19:49:21 +0000 2017;;{'symbols': [], 'urls': [{'url': 'https://t.co/62zsvtwDx6', 'indices': [86, 109], 'expanded_url': 'http://rxe.me/0JKJHY', 'display_url': 'rxe.me/0JKJHY'}], 'user_mentions': [{'indices': [3, 14], 'name': 'Tu Libro Favorito', 'id_str': '786986295499300864', 'id': 786986295499300864, 'screen_name': 'HLfavorito'}, {'indices': [16, 26], 'name': 'A.M. Silva', 'id_str': '3948762256', 'id': 3948762256, 'screen_name': 'amsilva15'}], 'hashtags': [{'indices': [111, 118], 'text': 'Amazon'}, {'indices': [119, 126], 'text': 'Libros'}, {'indices': [127, 134], 'text': 'Queleo'}]};;0.0;0.0;low;;848261019508117504;;;;;;0.0;es;;0.0;0.0;0.0;"{'place': None, 'id': 815084054194356224, 'user': {'time_zone': 'Pacific Time (US & Canada)', 'name': 'Tu Libro Favorito', 'favourites_count': 22722, 'default_profile_image': False, 'listed_count': 90, 'utc_offset': -25200, 'profile_text_color': '000000', 'screen_name': 'HLfavorito', 'url': None, 'statuses_count': 1330, 'geo_enabled': False, 'profile_banner_url': 'https://pbs.twimg.com/profile_banners/786986295499300864/1482666560', 'id': 786986295499300864, 'description': 'Plataforma online para la promoción de Libros y Autores. ""Si te gusta leer procura reseñar"" hlfavorito@gmail.com', 'location': None, 'notifications': None, 'following': None, 'friends_count': 18364, 'profile_background_image_url_https': 'https://abs.twimg.com/images/themes/theme1/bg.png', 'profile_sidebar_border_color': '000000', 'profile_background_image_url': 'http://abs.twimg.com/images/themes/theme1/bg.png', 'followers_count': 19186, 'lang': 'es', 'id_str': '786986295499300864', 'profile_image_url_https': 'https://pbs.twimg.com/profile_images/798990472383336448/GJK3oOT6_normal.jpg', 'profile_link_color': '28332B', 'profile_sidebar_fill_color': '000000', 'profile_image_url': 'http://pbs.twimg.com/profile_images/798990472383336448/GJK3oOT6_normal.jpg', 'verified': False, 'contributors_enabled': False, 'protected': False, 'profile_background_tile': False, 'follow_request_sent': None, 'default_profile': False, 'created_at': 'Fri Oct 14 17:45:29 +0000 2016', 'profile_use_background_image': False, 'profile_background_color': '000000', 'is_translator': False}, 'retweeted': False, 'truncated': False, 'coordinates': None, 'is_quote_status': False, 'in_reply_to_status_id': None, 'in_reply_to_status_id_str': None, 'possibly_sensitive': False, 'source': '<a href=""http://twitter.com"" rel=""nofollow"">Twitter Web Client</a>', 'geo': None, 'extended_entities': {'media': [{'url': 'https://t.co/OBQ63nZ9Iy', 'id_str': '815084007583055872', 'display_url': 'pic.twitter.com/OBQ63nZ9Iy', 'id': 815084007583055872, 'type': 'photo', 'media_url': 'http://pbs.twimg.com/media/C0_Clh4XAAA74l5.jpg', 'indices': [119, 142], 'expanded_url': 'https://twitter.com/HLfavorito/status/815084054194356224/photo/1', 'sizes': {'small': {'h': 384, 'resize': 'fit', 'w': 680}, 'medium': {'h': 677, 'resize': 'fit', 'w': 1200}, 'large': {'h': 677, 'resize': 'fit', 'w': 1200}, 'thumb': {'h': 150, 'resize': 'crop', 'w': 150}}, 'media_url_https': 'https://pbs.twimg.com/media/C0_Clh4XAAA74l5.jpg'}]}, 'in_reply_to_screen_name': 'amsilva15', 'id_str': '815084054194356224', 'filter_level': 'low', 'in_reply_to_user_id': 3948762256, 'in_reply_to_user_id_str': '3948762256', 'text': '@amsilva15\nEL AMOR NO PIDE PERMISO\nA.M. Silva\nContem. Romance\nBUY=&gt;https://t.co/62zsvtwDx6 \n#Amazon #Libros #Queleo https://t.co/OBQ63nZ9Iy', 'display_text_range': [0, 118], 'favorite_count': 42, 'entities': {'symbols': [], 'urls': [{'url': 'https://t.co/62zsvtwDx6', 'indices': [70, 93], 'expanded_url': 'http://rxe.me/0JKJHY', 'display_url': 'rxe.me/0JKJHY'}], 'user_mentions': [{'indices': [0, 10], 'name': 'A.M. Silva', 'id_str': '3948762256', 'id': 3948762256, 'screen_name': 'amsilva15'}], 'hashtags': [{'indices': [95, 102], 'text': 'Amazon'}, {'indices': [103, 110], 'text': 'Libros'}, {'indices': [111, 118], 'text': 'Queleo'}], 'media': [{'url': 'https://t.co/OBQ63nZ9Iy', 'id_str': '815084007583055872', 'display_url': 'pic.twitter.com/OBQ63nZ9Iy', 'id': 815084007583055872, 'type': 'photo', 'media_url': 'http://pbs.twimg.com/media/C0_Clh4XAAA74l5.jpg', 'indices': [119, 142], 'expanded_url': 'https://twitter.com/HLfavorito/status/815084054194356224/photo/1', 'sizes': {'small': {'h': 384, 'resize': 'fit', 'w': 680}, 'medium': {'h': 677, 'resize': 'fit', 'w': 1200}, 'large': {'h': 677, 'resize': 'fit', 'w': 1200}, 'thumb': {'h': 150, 'resize': 'crop', 'w': 150}}, 'media_url_https': 'https://pbs.twimg.com/media/C0_Clh4XAAA74l5.jpg'}]}, 'retweet_count': 72, 'contributors': None, 'favorited': False, 'created_at': 'Sat Dec 31 06:35:56 +0000 2016', 'lang': 'es'}";"<a href=""http://twitter.com"" rel=""nofollow"">Twitter Web Client</a>";"RT @HLfavorito: @amsilva15
EL AMOR NO PIDE PERMISO
A.M. Silva
Contem. Romance
BUY=&gt;https://t.co/62zsvtwDx6 
#Amazon #Libros #Queleo https:/…";1491076161635;0.0;{'time_zone': 'Pacific Time (US & Canada)', 'name': 'Lorena', 'favourites_count': 1446, 'default_profile_image': False, 'listed_count': 6, 'utc_offset': -25200, 'profile_text_color': '000000', 'screen_name': 'plazalorena1', 'url': None, 'statuses_count': 1723, 'geo_enabled': False, 'profile_banner_url': 'https://pbs.twimg.com/profile_banners/773059483/1486285261', 'id': 773059483, 'description': 'Aprendiz de escritora. Amo lo k hago y disfruto de cada momento de mi vida!!', 'location': 'Jávea, España', 'notifications': None, 'following': None, 'friends_count': 639, 'profile_background_image_url_https': 'https://abs.twimg.com/images/themes/theme1/bg.png', 'profile_sidebar_border_color': '000000', 'profile_background_image_url': 'http://abs.twimg.com/images/themes/theme1/bg.png', 'followers_count': 728, 'lang': 'es', 'id_str': '773059483', 'profile_image_url_https': 'https://pbs.twimg.com/profile_images/831029040433680389/unhETUHp_normal.jpg', 'profile_link_color': '91D2FA', 'profile_sidebar_fill_color': '000000', 'profile_image_url': 'http://pbs.twimg.com/profile_images/831029040433680389/unhETUHp_normal.jpg', 'verified': False, 'contributors_enabled': False, 'protected': False, 'profile_background_tile': False, 'follow_request_sent': None, 'default_profile': False, 'created_at': 'Wed Aug 22 06:58:37 +0000 2012', 'profile_use_background_image': False, 'profile_background_color': '000000', 'is_translator': False}
