;index;contributors;coordinates;created_at;entities;favorite_count;favorited;filter_level;geo;id;id_str;in_reply_to_screen_name;in_reply_to_status_id;in_reply_to_status_id_str;in_reply_to_user_id;in_reply_to_user_id_str;is_quote_status;lang;place;possibly_sensitive;retweet_count;retweeted;source;text;timestamp_ms;truncated;retweeted_status;display_text_range;extended_tweet;quoted_status;quoted_status_id;quoted_status_id_str;extended_entities;user_contributors_enabled;user_created_at;user_default_profile;user_default_profile_image;user_description;user_favourites_count;user_follow_request_sent;user_followers_count;user_following;user_friends_count;user_geo_enabled;user_id;user_id_str;user_is_translator;user_lang;user_listed_count;user_location;user_name;user_notifications;user_profile_background_color;user_profile_background_image_url;user_profile_background_image_url_https;user_profile_background_tile;user_profile_banner_url;user_profile_image_url;user_profile_image_url_https;user_profile_link_color;user_profile_sidebar_border_color;user_profile_sidebar_fill_color;user_profile_text_color;user_profile_use_background_image;user_protected;user_screen_name;user_statuses_count;user_time_zone;user_url;user_utc_offset;user_verified
0;0;;;Wed Apr 05 16:07:51 +0000 2017;{'user_mentions': [], 'urls': [{'expanded_url': 'https://qwikad.com/banpost/697/posts/1-Banner-Ads/1-Banner-Ads/121562-www-amazon-com-amp-tag-takealook0b-20-amp-camp-0-amp-creative-0-amp-linkcode-ur1-amp-adid-0ezykkypvgyzranyr7da-amp-.html', 'url': 'https://t.co/w8lhLSY1bE', 'indices': [30, 53], 'display_url': 'qwikad.com/banpost/697/po…'}], 'hashtags': [{'text': 'Mindset', 'indices': [56, 64]}, {'text': 'Startups', 'indices': [65, 74]}], 'symbols': []};0.0;0.0;low;;8.496548299999519e+17;'849654829999951872;;;;;;0.0;en;;0.0;0.0;0.0;"<a href=""http://twitter.com"" rel=""nofollow"">Twitter Web Client</a>";"Make Cash - Fast.  

Stop By  https://t.co/w8lhLSY1bE

 #Mindset #Startups";1491408471952;0.0;;;;;;;;False;Thu Jun 23 20:44:05 +0000 2016;True;False;Advertise anything - fast, easy & FREE. No sign up required. Large traffic. Post your ads right now: https://QwikAd.com;78;;9144;;9975;False;746081412122578944;746081412122578944;False;en;1077;Worldwide;QwikAd Marketing;;F5F8FA;;;False;https://pbs.twimg.com/profile_banners/746081412122578944/1466715177;http://pbs.twimg.com/profile_images/746081904236068864/2amQErVN_normal.jpg;https://pbs.twimg.com/profile_images/746081904236068864/2amQErVN_normal.jpg;1DA1F2;C0DEED;DDEEF6;333333;True;False;qwikad_promote;114506;Pacific Time (US & Canada);https://QwikAd.com;-25200.0;False
1;1;;;Wed Apr 05 16:07:52 +0000 2017;{'user_mentions': [{'id_str': '15281391', 'screen_name': 'TheStreet', 'id': 15281391, 'indices': [109, 119], 'name': 'TheStreet'}], 'urls': [{'expanded_url': 'https://www.thestreet.com/story/14073764/1/amazon-and-google-s-reported-interest-in-toshiba-s-chip-unit-could-be-a-sign-of-things-to-come.html', 'url': 'https://t.co/iDQs9FzBbg', 'indices': [81, 104], 'display_url': 'thestreet.com/story/14073764…'}], 'hashtags': [], 'symbols': [{'text': 'IBM', 'indices': [26, 30]}, {'text': 'AMZN', 'indices': [39, 44]}, {'text': 'GOOGL', 'indices': [47, 53]}]};0.0;0.0;low;;8.496548307253412e+17;'849654830725341184;;;;;;0.0;en;;0.0;0.0;0.0;"<a href=""http://twitter.com"" rel=""nofollow"">Twitter Web Client</a>";ANOTHER NAIL IN DEAD BLUE $IBM COFFIN: $AMZN + $GOOGL MOVE IN FOR THE CLOUD KILL https://t.co/iDQs9FzBbg via @TheStreet;1491408472125;0.0;;;;;;;;False;Thu Jan 26 05:45:30 +0000 2012;False;False;All tweets/opinions are mine, not of Aeorads Capital or any company or person other than myself. No direct or indirect financial interest in companies mentioned;389;;197;;205;False;474631096;474631096;False;en;3;Seattle, WA;Ernest M. Edsel;;FFFFFF;http://pbs.twimg.com/profile_background_images/647104398/t2hwv4mb3dbq2iulig12.jpeg;https://pbs.twimg.com/profile_background_images/647104398/t2hwv4mb3dbq2iulig12.jpeg;False;https://pbs.twimg.com/profile_banners/474631096/1399328400;http://pbs.twimg.com/profile_images/2302630590/mxhud70ru9ducjg8sx0r_normal.jpeg;https://pbs.twimg.com/profile_images/2302630590/mxhud70ru9ducjg8sx0r_normal.jpeg;000000;C0DEED;DDEEF6;333333;True;False;ErnestMEdsel1;1071;Pacific Time (US & Canada);;-25200.0;False
2;2;;;Wed Apr 05 16:07:52 +0000 2017;{'user_mentions': [{'id_str': '164425558', 'screen_name': 'JonErlichman', 'id': 164425558, 'indices': [3, 16], 'name': 'Jon Erlichman'}], 'urls': [], 'hashtags': [], 'symbols': []};0.0;0.0;low;;8.49654833489494e+17;'849654833489494016;;;;;;0.0;en;;;0.0;0.0;"<a href=""https://about.twitter.com/products/tweetdeck"" rel=""nofollow"">TweetDeck</a>";"RT @JonErlichman: Combined Valuation, April 2017:

Apple
Amazon  $1.6 trillion
Facebook

Combined Valuation, April 2007:

Apple
Amazon   $1…";1491408472784;0.0;"{'filter_level': 'low', 'lang': 'en', 'in_reply_to_screen_name': None, 'entities': {'user_mentions': [], 'urls': [], 'hashtags': [], 'symbols': []}, 'favorite_count': 5, 'retweeted': False, 'source': '<a href=""http://twitter.com/download/iphone"" rel=""nofollow"">Twitter for iPhone</a>', 'place': None, 'in_reply_to_user_id': None, 'is_quote_status': False, 'id_str': '849654515762688000', 'text': 'Combined Valuation, April 2017:\n\nApple\nAmazon  $1.6 trillion\nFacebook\n\nCombined Valuation, April 2007:\n\nApple\nAmazon   $106 billion\nFacebook', 'user': {'verified': True, 'profile_image_url': 'http://pbs.twimg.com/profile_images/836626755951726593/n4i54n4l_normal.jpg', 'friends_count': 447, 'profile_text_color': '333333', 'time_zone': 'Eastern Time (US & Canada)', 'profile_background_tile': False, 'screen_name': 'JonErlichman', 'description': '@BNN Anchor @CTVNationalNews Correspondent @FortuneMagazine Contributor; Past: ABC, Bloomberg jon.erlichman@bellmedia.ca https://www.instagram.com/jonerlichman/', 'utc_offset': -14400, 'following': None, 'favourites_count': 10337, 'id_str': '164425558', 'profile_use_background_image': True, 'notifications': None, 'followers_count': 28884, 'lang': 'en', 'profile_link_color': '1B95E0', 'location': 'Toronto/LA', 'is_translator': False, 'profile_image_url_https': 'https://pbs.twimg.com/profile_images/836626755951726593/n4i54n4l_normal.jpg', 'listed_count': 1199, 'id': 164425558, 'profile_sidebar_border_color': 'EEEEEE', 'geo_enabled': True, 'profile_background_image_url_https': 'https://pbs.twimg.com/profile_background_images/606359357/p9lxhfjbkr1x4s8wv5za.jpeg', 'created_at': 'Thu Jul 08 21:17:18 +0000 2010', 'default_profile': False, 'name': 'Jon Erlichman', 'profile_background_image_url': 'http://pbs.twimg.com/profile_background_images/606359357/p9lxhfjbkr1x4s8wv5za.jpeg', 'default_profile_image': False, 'profile_sidebar_fill_color': 'EFEFEF', 'url': 'http://www.bellmedia.ca/pr/press/esteemed-journalist-jon-erlichman-joins-bnn/', 'statuses_count': 19385, 'protected': False, 'profile_banner_url': 'https://pbs.twimg.com/profile_banners/164425558/1472266025', 'profile_background_color': '131516', 'contributors_enabled': False, 'follow_request_sent': None}, 'in_reply_to_status_id_str': None, 'id': 849654515762688000, 'created_at': 'Wed Apr 05 16:06:37 +0000 2017', 'in_reply_to_user_id_str': None, 'truncated': False, 'contributors': None, 'retweet_count': 1, 'coordinates': None, 'in_reply_to_status_id': None, 'geo': None, 'favorited': False}";;;;;;;False;Wed Jul 12 19:04:59 +0000 2006;False;False;jaded optimist. fan of humans. too full of ideas. if it's in quotes, it's not real, right?;745;;9603;;1888;False;509;509;False;en;731;Portland, OR;"""rogue citizen""";;786651;http://pbs.twimg.com/profile_background_images/672452668/7a96cabf6dfc4e54fd4caac4cd45deef.png;https://pbs.twimg.com/profile_background_images/672452668/7a96cabf6dfc4e54fd4caac4cd45deef.png;True;https://pbs.twimg.com/profile_banners/509/1421991196;http://pbs.twimg.com/profile_images/824484791428935680/v3UI5W7v_normal.jpg;https://pbs.twimg.com/profile_images/824484791428935680/v3UI5W7v_normal.jpg;E21C3D;F25F46;F15045;EA2953;True;False;jerrymichalski;20943;Pacific Time (US & Canada);http://TheREXpedition.com/;-25200.0;False
3;3;;;Wed Apr 05 16:07:52 +0000 2017;{'user_mentions': [{'id_str': '1425647053', 'screen_name': 'AuthorJWhitley', 'id': 1425647053, 'indices': [3, 18], 'name': 'Julie Whitley'}], 'urls': [{'expanded_url': 'https://read.amazon.com/kp/embed?asin=B00Y3Y2IG8&preview=newtab&linkCode=kpe&ref_=cm_sw_r_kb_dp_vetRwb1E01DBS', 'url': 'https://t.co/lhtVfYMKH8', 'indices': [106, 129], 'display_url': 'read.amazon.com/kp/embed?asin=…'}], 'hashtags': [], 'symbols': []};0.0;0.0;low;;8.496548340683244e+17;'849654834068324352;;;;;;0.0;en;;0.0;0.0;0.0;"<a href=""http://twitter.com"" rel=""nofollow"">Twitter Web Client</a>";"RT @AuthorJWhitley: Want a sneak preview of Secrets of the Home Wood: the Sacrifice? Check out this link!
https://t.co/lhtVfYMKH8";1491408472922;0.0;"{'filter_level': 'low', 'lang': 'en', 'in_reply_to_screen_name': None, 'entities': {'user_mentions': [], 'urls': [{'expanded_url': 'https://read.amazon.com/kp/embed?asin=B00Y3Y2IG8&preview=newtab&linkCode=kpe&ref_=cm_sw_r_kb_dp_vetRwb1E01DBS', 'url': 'https://t.co/lhtVfYMKH8', 'indices': [86, 109], 'display_url': 'read.amazon.com/kp/embed?asin=…'}], 'hashtags': [], 'symbols': []}, 'possibly_sensitive': False, 'favorite_count': 108, 'retweeted': False, 'source': '<a href=""https://mobile.twitter.com"" rel=""nofollow"">Mobile Web (M5)</a>', 'place': None, 'in_reply_to_user_id': None, 'is_quote_status': False, 'id_str': '693558038569955328', 'text': 'Want a sneak preview of Secrets of the Home Wood: the Sacrifice? Check out this link!\nhttps://t.co/lhtVfYMKH8', 'user': {'verified': False, 'profile_image_url': 'http://pbs.twimg.com/profile_images/679509366165385216/shUpxgd4_normal.jpg', 'friends_count': 3219, 'profile_text_color': '333333', 'time_zone': 'Eastern Time (US & Canada)', 'profile_background_tile': False, 'screen_name': 'AuthorJWhitley', 'description': 'Award winning author/artist. Enjoys travel/golf/diving and being a grandma. Secrets of the Home Wood series on FB at http://www.facebook.com/juliewhitleyauthor', 'utc_offset': -14400, 'following': None, 'favourites_count': 7065, 'id_str': '1425647053', 'profile_use_background_image': True, 'notifications': None, 'followers_count': 3234, 'lang': 'en', 'profile_link_color': '1DA1F2', 'location': None, 'is_translator': False, 'profile_image_url_https': 'https://pbs.twimg.com/profile_images/679509366165385216/shUpxgd4_normal.jpg', 'listed_count': 168, 'id': 1425647053, 'profile_sidebar_border_color': 'C0DEED', 'geo_enabled': True, 'profile_background_image_url_https': 'https://abs.twimg.com/images/themes/theme1/bg.png', 'created_at': 'Mon May 13 14:32:10 +0000 2013', 'default_profile': True, 'name': 'Julie Whitley', 'profile_background_image_url': 'http://abs.twimg.com/images/themes/theme1/bg.png', 'default_profile_image': False, 'profile_sidebar_fill_color': 'DDEEF6', 'url': 'http://www.juliewhitley.com', 'statuses_count': 5938, 'protected': False, 'profile_banner_url': 'https://pbs.twimg.com/profile_banners/1425647053/1430239020', 'profile_background_color': 'C0DEED', 'contributors_enabled': False, 'follow_request_sent': None}, 'in_reply_to_status_id_str': None, 'id': 693558038569955328, 'created_at': 'Sat Jan 30 22:14:56 +0000 2016', 'in_reply_to_user_id_str': None, 'truncated': False, 'contributors': None, 'retweet_count': 246, 'coordinates': None, 'in_reply_to_status_id': None, 'geo': None, 'favorited': False}";;;;;;;False;Sun Sep 06 15:33:27 +0000 2015;False;False;Award winning and International Bestselling author of #historicalfantasy series - The Du Lac Chronicles -  #Arthurian enthusiast, #blogger and drinker of tea!;23267;;8633;;6824;False;3567436755;3567436755;False;en;728;England, United Kingdom;Mary Anne Yarde;;000000;http://abs.twimg.com/images/themes/theme1/bg.png;https://abs.twimg.com/images/themes/theme1/bg.png;False;https://pbs.twimg.com/profile_banners/3567436755/1485018339;http://pbs.twimg.com/profile_images/650611460498944000/y75UNQF-_normal.jpg;https://pbs.twimg.com/profile_images/650611460498944000/y75UNQF-_normal.jpg;1B95E0;000000;000000;000000;False;False;maryanneyarde;47762;;http://maryanneyarde.blogspot.co.uk;;False
4;4;;;Wed Apr 05 16:07:53 +0000 2017;{'user_mentions': [{'id_str': '839261368196943872', 'screen_name': 'ToyrifikToys', 'id': 839261368196943872, 'indices': [76, 89], 'name': 'Toyrifik'}], 'urls': [{'expanded_url': 'http://amzn.to/2n4mNzc', 'url': 'https://t.co/ou64PU8HFg', 'indices': [11, 34], 'display_url': 'amzn.to/2n4mNzc'}, {'expanded_url': 'https://giveaway.amazon.com/p/dcf990ce922f9a6a/?ref_=tsm_4_tw_p_tw', 'url': 'https://t.co/77qizaRRob', 'indices': [90, 113], 'display_url': 'giveaway.amazon.com/p/dcf990ce922f…'}], 'hashtags': [{'text': 'Easter', 'indices': [52, 59]}, {'text': 'Eggs', 'indices': [65, 70]}, {'text': 'giveaway', 'indices': [114, 123]}], 'symbols': []};0.0;0.0;low;;8.496548355867525e+17;'849654835586752515;;;;;;0.0;en;;0.0;0.0;0.0;"<a href=""http://www.amazon.com"" rel=""nofollow"">Amazon</a>";SAW THIS?? https://t.co/ou64PU8HFg NEW Real Looking #Easter Duck #Eggs From @ToyrifikToys https://t.co/77qizaRRob #giveaway;1491408473284;0.0;;;;;;;;False;Sun Jan 29 16:08:07 +0000 2017;True;False;;0;;5;;422;False;825737296276291584;825737296276291584;False;en;0;;Maggie Birmingham;;F5F8FA;;;False;;http://abs.twimg.com/sticky/default_profile_images/default_profile_normal.png;https://abs.twimg.com/sticky/default_profile_images/default_profile_normal.png;1DA1F2;C0DEED;DDEEF6;333333;True;False;MaggieBirmingh1;867;;;;False
5;5;;;Wed Apr 05 16:07:53 +0000 2017;{'user_mentions': [{'id_str': '377515929', 'screen_name': 'chrazymail', 'id': 377515929, 'indices': [0, 11], 'name': 'Zachary Lim'}], 'urls': [], 'hashtags': [], 'symbols': []};0.0;0.0;low;;8.496548360774492e+17;'849654836077449216;chrazymail;849654203228225536;849654203228225536;377515929;377515929;0.0;en;{'place_type': 'city', 'id': 'd3f378f122d4f4a7', 'full_name': 'Cheektowaga, NY', 'country_code': 'US', 'url': 'https://api.twitter.com/1.1/geo/id/d3f378f122d4f4a7.json', 'country': 'United States', 'name': 'Cheektowaga', 'attributes': {}, 'bounding_box': {'type': 'Polygon', 'coordinates': [[[-78.799913, 42.863516], [-78.799913, 42.950897], [-78.696885, 42.950897], [-78.696885, 42.863516]]]}};;0.0;0.0;"<a href=""http://twitter.com/download/android"" rel=""nofollow"">Twitter for Android</a>";@chrazymail Guess I have too via Amazon prime.;1491408473401;0.0;;[12, 46];;;;;;False;Wed Jun 24 03:58:33 +0000 2009;False;False;wedding photographer. marketing manager. husband. father. believer. RTs totally = endorsements;2871;;304;;216;True;50207466;50207466;False;en;12;Brockport, NY;Baker;;FFFFFF;http://pbs.twimg.com/profile_background_images/647424198491529216/3w6ibOKi.jpg;https://pbs.twimg.com/profile_background_images/647424198491529216/3w6ibOKi.jpg;True;https://pbs.twimg.com/profile_banners/50207466/1488919003;http://pbs.twimg.com/profile_images/839213072581419008/l6DoPzpY_normal.jpg;https://pbs.twimg.com/profile_images/839213072581419008/l6DoPzpY_normal.jpg;3B94D9;FFFFFF;252429;666666;True;False;John_Obert;4750;Quito;http://www.ApricityPhotography.com;-18000.0;False
6;6;;;Wed Apr 05 16:07:53 +0000 2017;{'user_mentions': [{'id_str': '210567377', 'screen_name': 'jaw_law', 'id': 210567377, 'indices': [0, 8], 'name': 'Joey Wright'}], 'urls': [{'expanded_url': 'https://twitter.com/i/web/status/849654836077441026', 'url': 'https://t.co/ZOsHoLyoS8', 'indices': [117, 140], 'display_url': 'twitter.com/i/web/status/8…'}], 'hashtags': [], 'symbols': []};0.0;0.0;low;;8.49654836077441e+17;'849654836077441026;jaw_law;849653827389280256;849653827389280256;210567377;210567377;0.0;en;;0.0;0.0;0.0;"<a href=""http://twitter.com"" rel=""nofollow"">Twitter Web Client</a>";@jaw_law all the awesome outdoorsy things are so many dollars. Had nightmare last night, I shaved it off.  Was awfu… https://t.co/ZOsHoLyoS8;1491408473401;1.0;;[9, 140];{'entities': {'user_mentions': [{'id_str': '210567377', 'screen_name': 'jaw_law', 'id': 210567377, 'indices': [0, 8], 'name': 'Joey Wright'}], 'urls': [{'expanded_url': 'https://www.amazon.com/gp/product/B00TT6OV38/ref=s9_acsd_hps_bw_c_x_8_w', 'url': 'https://t.co/W5MA0rFbjd', 'indices': [118, 141], 'display_url': 'amazon.com/gp/product/B00…'}], 'hashtags': [], 'symbols': []}, 'full_text': '@jaw_law all the awesome outdoorsy things are so many dollars. Had nightmare last night, I shaved it off.  Was awful. https://t.co/W5MA0rFbjd', 'display_text_range': [9, 141]};;;;;False;Sat Apr 17 16:03:07 +0000 2010;False;False;Sometimes I have brilliant thoughts and/or commentary that likely deserve 140-character lives (mostly, I don't). Also, I love pants, bourbon, beer, and sports.;516;;228;;644;True;134154836;134154836;False;en;6;Blacksburg, VA;Ryan Wagoner;;FFFFFF;http://pbs.twimg.com/profile_background_images/168787415/x057de7df8a44410edade1f5bd95b50e.jpg;https://pbs.twimg.com/profile_background_images/168787415/x057de7df8a44410edade1f5bd95b50e.jpg;False;https://pbs.twimg.com/profile_banners/134154836/1467406514;http://pbs.twimg.com/profile_images/760841043122216960/j-m_dftk_normal.jpg;https://pbs.twimg.com/profile_images/760841043122216960/j-m_dftk_normal.jpg;3B94D9;A0EEF5;1A3F57;72B9BF;True;False;rdwagoner;5332;Eastern Time (US & Canada);;-14400.0;False
7;7;;;Wed Apr 05 16:07:53 +0000 2017;{'user_mentions': [{'id_str': '138862578', 'screen_name': 'LandofFayelon', 'id': 138862578, 'indices': [3, 17], 'name': 'Fayelon'}], 'urls': [], 'hashtags': [{'text': 'wedding', 'indices': [85, 93]}, {'text': 'bridal', 'indices': [94, 101]}, {'text': 'jewelry', 'indices': [102, 110]}, {'text': 'prom', 'indices': [111, 116]}, {'text': 'handmade', 'indices': [117, 126]}, {'text': 'bead', 'indices': [127, 132]}, {'text': 'model', 'indices': [133, 139]}], 'symbols': []};0.0;0.0;low;;8.496548362955899e+17;'849654836295589888;;;;;;0.0;en;;;0.0;0.0;"<a href=""http://twitter.com"" rel=""nofollow"">Twitter Web Client</a>";"RT @LandofFayelon: Pink Swarovski Crystal Flower &amp; White Pearl Shoulder Necklace #wedding #bridal #jewelry #prom #handmade #bead #model htt…";1491408473453;0.0;"{'filter_level': 'low', 'lang': 'en', 'in_reply_to_screen_name': None, 'entities': {'user_mentions': [], 'urls': [{'expanded_url': 'https://www.amazon.com/dp/B01MU9G2PT/ref=hnd_sw_r_tw_dp_zVBDybCZ0V9FF', 'url': 'https://t.co/XPKJR8AKYK', 'indices': [121, 144], 'display_url': 'amazon.com/dp/B01MU9G2PT/…'}], 'hashtags': [{'text': 'wedding', 'indices': [66, 74]}, {'text': 'bridal', 'indices': [75, 82]}, {'text': 'jewelry', 'indices': [83, 91]}, {'text': 'prom', 'indices': [92, 97]}, {'text': 'handmade', 'indices': [98, 107]}, {'text': 'bead', 'indices': [108, 113]}, {'text': 'model', 'indices': [114, 120]}], 'symbols': []}, 'possibly_sensitive': False, 'favorite_count': 159, 'retweeted': False, 'source': '<a href=""http://twitter.com"" rel=""nofollow"">Twitter Web Client</a>', 'place': None, 'in_reply_to_user_id': None, 'is_quote_status': False, 'id_str': '819047182665793536', 'text': 'Pink Swarovski Crystal Flower &amp; White Pearl Shoulder Necklace #wedding #bridal #jewelry #prom #handmade #bead #model https://t.co/XPKJR8AKYK', 'user': {'verified': False, 'profile_image_url': 'http://pbs.twimg.com/profile_images/499736504168484864/5H4tnx0c_normal.png', 'friends_count': 15621, 'profile_text_color': 'CD8CF2', 'time_zone': 'Pacific Time (US & Canada)', 'profile_background_tile': True, 'screen_name': 'LandofFayelon', 'description': '(land of) Fayelon featuring Quality HandCrafted Jewelry, Accessories, Clothing, Décor & More. \r\nMy Etsy Shop: https://www.etsy.com/shop/landofFayelon', 'utc_offset': -25200, 'following': None, 'favourites_count': 12937, 'id_str': '138862578', 'profile_use_background_image': False, 'notifications': None, 'followers_count': 15682, 'lang': 'en', 'profile_link_color': 'F26E8A', 'location': 'Everett, WA', 'is_translator': False, 'profile_image_url_https': 'https://pbs.twimg.com/profile_images/499736504168484864/5H4tnx0c_normal.png', 'listed_count': 1422, 'id': 138862578, 'profile_sidebar_border_color': '00BCFF', 'geo_enabled': True, 'profile_background_image_url_https': 'https://pbs.twimg.com/profile_background_images/499864943638757376/kB00-nJJ.jpeg', 'created_at': 'Fri Apr 30 20:51:49 +0000 2010', 'default_profile': False, 'name': 'Fayelon', 'profile_background_image_url': 'http://pbs.twimg.com/profile_background_images/499864943638757376/kB00-nJJ.jpeg', 'default_profile_image': False, 'profile_sidebar_fill_color': '57E5F5', 'url': 'http://www.fayelon.com', 'statuses_count': 317421, 'protected': False, 'profile_banner_url': 'https://pbs.twimg.com/profile_banners/138862578/1408062935', 'profile_background_color': 'EE5177', 'contributors_enabled': False, 'follow_request_sent': None}, 'in_reply_to_status_id_str': None, 'id': 819047182665793536, 'created_at': 'Wed Jan 11 05:04:00 +0000 2017', 'in_reply_to_user_id_str': None, 'truncated': False, 'contributors': None, 'retweet_count': 565, 'coordinates': None, 'in_reply_to_status_id': None, 'geo': None, 'favorited': False}";;;;;;;False;Thu Jun 16 09:16:51 +0000 2011;False;False;Beautiful handmade personalised swimming bags, drawstring swimming bags, wash bags, luxury party bags and fabric party bags for children.;6861;;16332;;10827;False;318322550;318322550;False;en;2552;Shrewsbury, England;Lootybag;;B2DFDA;http://pbs.twimg.com/profile_background_images/690831889/75bf20b7ee0b83504ce59d7fa198bb26.jpeg;https://pbs.twimg.com/profile_background_images/690831889/75bf20b7ee0b83504ce59d7fa198bb26.jpeg;True;https://pbs.twimg.com/profile_banners/318322550/1445285186;http://pbs.twimg.com/profile_images/732968990641926145/84YGBRGg_normal.jpg;https://pbs.twimg.com/profile_images/732968990641926145/84YGBRGg_normal.jpg;DD2E44;FFFFFF;FFFFFF;333333;False;False;Lootybag;101862;Pacific Time (US & Canada);https://www.lootybag.co.uk/;-25200.0;False
8;8;;;Wed Apr 05 16:07:53 +0000 2017;{'user_mentions': [], 'urls': [{'expanded_url': 'https://twitter.com/gucci1017/status/849653083575644161', 'url': 'https://t.co/dB7wouQEfu', 'indices': [16, 39], 'display_url': 'twitter.com/gucci1017/stat…'}], 'hashtags': [], 'symbols': []};0.0;0.0;low;;8.496548356077363e+17;'849654835607736320;;;;;;1.0;en;;0.0;0.0;0.0;"<a href=""http://twitter.com/download/iphone"" rel=""nofollow"">Twitter for iPhone</a>";Newest purchase https://t.co/dB7wouQEfu;1491408473289;0.0;;[0, 15];;"{'filter_level': 'low', 'lang': 'en', 'in_reply_to_screen_name': None, 'entities': {'user_mentions': [], 'urls': [{'expanded_url': 'https://www.amazon.com/Autobiography-Gucci-Mane/dp/1501165321/ref=sr_1_1?s=books&ie=UTF8&qid=1490023962&sr=1-1&keywords=autobiography+of+gucci+mane', 'url': 'https://t.co/LNGFhdp0wz', 'indices': [88, 111], 'display_url': 'amazon.com/Autobiography-…'}], 'hashtags': [{'text': 'GuwopTheAuthor', 'indices': [72, 87]}], 'symbols': []}, 'possibly_sensitive': False, 'favorite_count': 220, 'retweeted': False, 'source': '<a href=""http://twitter.com/download/iphone"" rel=""nofollow"">Twitter for iPhone</a>', 'place': None, 'in_reply_to_user_id': None, 'is_quote_status': False, 'id_str': '849653083575644161', 'text': 'The Autobiography of Gucci Mane   \nOne of my greatest accomplishments!! #GuwopTheAuthor https://t.co/LNGFhdp0wz', 'user': {'verified': True, 'profile_image_url': 'http://pbs.twimg.com/profile_images/838200912258662401/cKTOtHTe_normal.jpg', 'friends_count': 1, 'profile_text_color': '333333', 'time_zone': 'Eastern Time (US & Canada)', 'profile_background_tile': False, 'screen_name': 'gucci1017', 'description': 'Major Label Recording Artist, signed to Atlantic Records. | wizopbooking@gmail.com', 'utc_offset': -14400, 'following': None, 'favourites_count': 11167, 'id_str': '46769281', 'profile_use_background_image': True, 'notifications': None, 'followers_count': 3324124, 'lang': 'en', 'profile_link_color': '009999', 'location': 'EAST ATLANTA', 'is_translator': False, 'profile_image_url_https': 'https://pbs.twimg.com/profile_images/838200912258662401/cKTOtHTe_normal.jpg', 'listed_count': 6670, 'id': 46769281, 'profile_sidebar_border_color': 'FFFFFF', 'geo_enabled': False, 'profile_background_image_url_https': 'https://pbs.twimg.com/profile_background_images/874096083/e19589866abe98b30af346d225011c03.jpeg', 'created_at': 'Fri Jun 12 22:52:05 +0000 2009', 'default_profile': False, 'name': 'Gucci Mane', 'profile_background_image_url': 'http://pbs.twimg.com/profile_background_images/874096083/e19589866abe98b30af346d225011c03.jpeg', 'default_profile_image': False, 'profile_sidebar_fill_color': 'EFEFEF', 'url': 'https://atlantic.lnk.to/MakeLove', 'statuses_count': 17816, 'protected': False, 'profile_banner_url': 'https://pbs.twimg.com/profile_banners/46769281/1488677646', 'profile_background_color': '000000', 'contributors_enabled': False, 'follow_request_sent': None}, 'in_reply_to_status_id_str': None, 'id': 849653083575644161, 'created_at': 'Wed Apr 05 16:00:55 +0000 2017', 'in_reply_to_user_id_str': None, 'truncated': False, 'contributors': None, 'retweet_count': 148, 'coordinates': None, 'in_reply_to_status_id': None, 'geo': None, 'favorited': False}";8.496530835756442e+17;849653083575644161;;False;Wed Oct 24 02:10:54 +0000 2012;True;False;East Carolina University || Knowledge is Power;5789;;733;;408;True;900998198;900998198;False;en;2;Greenville, NC;Trey Keeney;;C0DEED;http://abs.twimg.com/images/themes/theme1/bg.png;https://abs.twimg.com/images/themes/theme1/bg.png;False;https://pbs.twimg.com/profile_banners/900998198/1478135326;http://pbs.twimg.com/profile_images/829159439139758083/vrbtYNjk_normal.jpg;https://pbs.twimg.com/profile_images/829159439139758083/vrbtYNjk_normal.jpg;1DA1F2;C0DEED;DDEEF6;333333;True;False;tkeeney3;4659;;;;False
9;9;;;Wed Apr 05 16:07:53 +0000 2017;{'user_mentions': [{'id_str': '46769281', 'screen_name': 'gucci1017', 'id': 46769281, 'indices': [3, 13], 'name': 'Gucci Mane'}], 'urls': [{'expanded_url': 'https://www.amazon.com/Autobiography-Gucci-Mane/dp/1501165321/ref=sr_1_1?s=books&ie=UTF8&qid=1490023962&sr=1-1&keywords=autobiography+of+gucci+mane', 'url': 'https://t.co/LNGFhdp0wz', 'indices': [103, 126], 'display_url': 'amazon.com/Autobiography-…'}], 'hashtags': [{'text': 'GuwopTheAuthor', 'indices': [87, 102]}], 'symbols': []};0.0;0.0;low;;8.496548370504745e+17;'849654837050474496;;;;;;0.0;en;;0.0;0.0;0.0;"<a href=""http://twitter.com/download/iphone"" rel=""nofollow"">Twitter for iPhone</a>";"RT @gucci1017: The Autobiography of Gucci Mane   
One of my greatest accomplishments!! #GuwopTheAuthor https://t.co/LNGFhdp0wz";1491408473633;0.0;"{'filter_level': 'low', 'lang': 'en', 'in_reply_to_screen_name': None, 'entities': {'user_mentions': [], 'urls': [{'expanded_url': 'https://www.amazon.com/Autobiography-Gucci-Mane/dp/1501165321/ref=sr_1_1?s=books&ie=UTF8&qid=1490023962&sr=1-1&keywords=autobiography+of+gucci+mane', 'url': 'https://t.co/LNGFhdp0wz', 'indices': [88, 111], 'display_url': 'amazon.com/Autobiography-…'}], 'hashtags': [{'text': 'GuwopTheAuthor', 'indices': [72, 87]}], 'symbols': []}, 'possibly_sensitive': False, 'favorite_count': 220, 'retweeted': False, 'source': '<a href=""http://twitter.com/download/iphone"" rel=""nofollow"">Twitter for iPhone</a>', 'place': None, 'in_reply_to_user_id': None, 'is_quote_status': False, 'id_str': '849653083575644161', 'text': 'The Autobiography of Gucci Mane   \nOne of my greatest accomplishments!! #GuwopTheAuthor https://t.co/LNGFhdp0wz', 'user': {'verified': True, 'profile_image_url': 'http://pbs.twimg.com/profile_images/838200912258662401/cKTOtHTe_normal.jpg', 'friends_count': 1, 'profile_text_color': '333333', 'time_zone': 'Eastern Time (US & Canada)', 'profile_background_tile': False, 'screen_name': 'gucci1017', 'description': 'Major Label Recording Artist, signed to Atlantic Records. | wizopbooking@gmail.com', 'utc_offset': -14400, 'following': None, 'favourites_count': 11167, 'id_str': '46769281', 'profile_use_background_image': True, 'notifications': None, 'followers_count': 3324124, 'lang': 'en', 'profile_link_color': '009999', 'location': 'EAST ATLANTA', 'is_translator': False, 'profile_image_url_https': 'https://pbs.twimg.com/profile_images/838200912258662401/cKTOtHTe_normal.jpg', 'listed_count': 6670, 'id': 46769281, 'profile_sidebar_border_color': 'FFFFFF', 'geo_enabled': False, 'profile_background_image_url_https': 'https://pbs.twimg.com/profile_background_images/874096083/e19589866abe98b30af346d225011c03.jpeg', 'created_at': 'Fri Jun 12 22:52:05 +0000 2009', 'default_profile': False, 'name': 'Gucci Mane', 'profile_background_image_url': 'http://pbs.twimg.com/profile_background_images/874096083/e19589866abe98b30af346d225011c03.jpeg', 'default_profile_image': False, 'profile_sidebar_fill_color': 'EFEFEF', 'url': 'https://atlantic.lnk.to/MakeLove', 'statuses_count': 17816, 'protected': False, 'profile_banner_url': 'https://pbs.twimg.com/profile_banners/46769281/1488677646', 'profile_background_color': '000000', 'contributors_enabled': False, 'follow_request_sent': None}, 'in_reply_to_status_id_str': None, 'id': 849653083575644161, 'created_at': 'Wed Apr 05 16:00:55 +0000 2017', 'in_reply_to_user_id_str': None, 'truncated': False, 'contributors': None, 'retweet_count': 149, 'coordinates': None, 'in_reply_to_status_id': None, 'geo': None, 'favorited': False}";;;;;;;False;Tue Nov 05 16:32:18 +0000 2013;True;False;fuck a haircut fuck a off day;3573;;1274;;546;True;2176410578;2176410578;False;en;17;Ina Aeropostale Store;kap aint nun;;C0DEED;http://abs.twimg.com/images/themes/theme1/bg.png;https://abs.twimg.com/images/themes/theme1/bg.png;False;https://pbs.twimg.com/profile_banners/2176410578/1444627048;http://pbs.twimg.com/profile_images/839920058021326851/LIPthkPb_normal.jpg;https://pbs.twimg.com/profile_images/839920058021326851/LIPthkPb_normal.jpg;1DA1F2;C0DEED;DDEEF6;333333;True;False;_lildonnie212;169083;Pacific Time (US & Canada);;-25200.0;False
10;10;;;Wed Apr 05 16:07:53 +0000 2017;{'user_mentions': [{'id_str': '20793816', 'screen_name': 'amazon', 'id': 20793816, 'indices': [45, 52], 'name': 'Amazon'}], 'urls': [{'expanded_url': 'http://www.southernmomloves.com/2017/03/win-amazon-echo-arv-17999-ends-412.html', 'url': 'https://t.co/zZNAknV0lf', 'indices': [98, 121], 'display_url': 'southernmomloves.com/2017/03/win-am…'}], 'hashtags': [{'text': 'giveaway', 'indices': [28, 37]}, {'text': 'AmazonEcho', 'indices': [76, 87]}], 'symbols': []};0.0;0.0;low;;8.496548371386573e+17;'849654837138657280;;;;;;0.0;en;;0.0;0.0;0.0;"<a href=""http://giveawaytools.com"" rel=""nofollow"">Giveaway Tools Confirmation</a>";Head on over and enter this #giveaway for an @Amazon Echo valued at $179.99 #AmazonEcho ends 4/12 https://t.co/zZNAknV0lf;1491408473654;0.0;;;;;;;;False;Fri Jul 06 22:12:42 +0000 2012;False;False;;0;;66;;277;True;628770073;628770073;False;en;2;Stockton, CA;Augustine Isiderio;;642D8B;http://abs.twimg.com/images/themes/theme10/bg.gif;https://abs.twimg.com/images/themes/theme10/bg.gif;True;;http://abs.twimg.com/sticky/default_profile_images/default_profile_normal.png;https://abs.twimg.com/sticky/default_profile_images/default_profile_normal.png;FF0000;65B0DA;7AC3EE;3D1957;True;False;augieisi2;1296;Pacific Time (US & Canada);http://www.amway.com/augieisiderio;-25200.0;False
11;11;;;Wed Apr 05 16:07:53 +0000 2017;{'user_mentions': [], 'urls': [{'expanded_url': 'https://twitter.com/i/web/status/849654836090032138', 'url': 'https://t.co/M3IBwNvj4q', 'indices': [117, 140], 'display_url': 'twitter.com/i/web/status/8…'}], 'hashtags': [{'text': 'ASMSG', 'indices': [0, 6]}, {'text': 'IARTG', 'indices': [7, 13]}, {'text': 'RRBC', 'indices': [14, 19]}, {'text': 'RT', 'indices': [20, 23]}], 'symbols': []};0.0;0.0;low;;8.496548360900321e+17;'849654836090032138;;;;;;0.0;en;;0.0;0.0;0.0;"<a href=""http://twitter.com"" rel=""nofollow"">Twitter Web Client</a>";"#ASMSG #IARTG #RRBC #RT
Graham Diamond’s CLASSIC
THE THIEF OF KALIMAR
available in eBook and Print
Venture Press UK… https://t.co/M3IBwNvj4q";1491408473404;1.0;;[0, 140];{'entities': {'user_mentions': [], 'urls': [{'expanded_url': 'https://www.amazon.com/Graham%20Diamond/e/B000APVAJK/ref=la_B000APVAJK_pg_2?rh=n%3A283155%2Cp_82%3AB000APVAJK&page=2&sort=author-pages-popularity-rank&ie=UTF8&qid=1482244271', 'url': 'https://t.co/yHQgHj38PA', 'indices': [116, 139], 'display_url': 'amazon.com/Graham%20Diamo…'}], 'hashtags': [{'text': 'ASMSG', 'indices': [0, 6]}, {'text': 'IARTG', 'indices': [7, 13]}, {'text': 'RRBC', 'indices': [14, 19]}, {'text': 'RT', 'indices': [20, 23]}], 'symbols': [], 'media': [{'id': 849654788056686592, 'media_url': 'http://pbs.twimg.com/media/C8qUhy_UIAATgf7.jpg', 'expanded_url': 'https://twitter.com/CaAuthor/status/849654836090032138/photo/1', 'type': 'photo', 'url': 'https://t.co/Lmvh35mlA7', 'sizes': {'small': {'h': 680, 'w': 425, 'resize': 'fit'}, 'large': {'h': 2048, 'w': 1280, 'resize': 'fit'}, 'medium': {'h': 1200, 'w': 750, 'resize': 'fit'}, 'thumb': {'h': 150, 'w': 150, 'resize': 'crop'}}, 'id_str': '849654788056686592', 'media_url_https': 'https://pbs.twimg.com/media/C8qUhy_UIAATgf7.jpg', 'indices': [140, 163], 'display_url': 'pic.twitter.com/Lmvh35mlA7'}, {'id': 849654805731491840, 'media_url': 'http://pbs.twimg.com/media/C8qUi01UQAASUYG.jpg', 'expanded_url': 'https://twitter.com/CaAuthor/status/849654836090032138/photo/1', 'type': 'photo', 'url': 'https://t.co/Lmvh35mlA7', 'sizes': {'small': {'h': 279, 'w': 181, 'resize': 'fit'}, 'large': {'h': 279, 'w': 181, 'resize': 'fit'}, 'medium': {'h': 279, 'w': 181, 'resize': 'fit'}, 'thumb': {'h': 150, 'w': 150, 'resize': 'crop'}}, 'id_str': '849654805731491840', 'media_url_https': 'https://pbs.twimg.com/media/C8qUi01UQAASUYG.jpg', 'indices': [140, 163], 'display_url': 'pic.twitter.com/Lmvh35mlA7'}]}, 'full_text': '#ASMSG #IARTG #RRBC #RT\nGraham Diamond’s CLASSIC\nTHE THIEF OF KALIMAR\navailable in eBook and Print\nVenture Press UK\nhttps://t.co/yHQgHj38PA https://t.co/Lmvh35mlA7', 'display_text_range': [0, 139], 'extended_entities': {'media': [{'id': 849654788056686592, 'media_url': 'http://pbs.twimg.com/media/C8qUhy_UIAATgf7.jpg', 'expanded_url': 'https://twitter.com/CaAuthor/status/849654836090032138/photo/1', 'type': 'photo', 'url': 'https://t.co/Lmvh35mlA7', 'sizes': {'small': {'h': 680, 'w': 425, 'resize': 'fit'}, 'large': {'h': 2048, 'w': 1280, 'resize': 'fit'}, 'medium': {'h': 1200, 'w': 750, 'resize': 'fit'}, 'thumb': {'h': 150, 'w': 150, 'resize': 'crop'}}, 'id_str': '849654788056686592', 'media_url_https': 'https://pbs.twimg.com/media/C8qUhy_UIAATgf7.jpg', 'indices': [140, 163], 'display_url': 'pic.twitter.com/Lmvh35mlA7'}, {'id': 849654805731491840, 'media_url': 'http://pbs.twimg.com/media/C8qUi01UQAASUYG.jpg', 'expanded_url': 'https://twitter.com/CaAuthor/status/849654836090032138/photo/1', 'type': 'photo', 'url': 'https://t.co/Lmvh35mlA7', 'sizes': {'small': {'h': 279, 'w': 181, 'resize': 'fit'}, 'large': {'h': 279, 'w': 181, 'resize': 'fit'}, 'medium': {'h': 279, 'w': 181, 'resize': 'fit'}, 'thumb': {'h': 150, 'w': 150, 'resize': 'crop'}}, 'id_str': '849654805731491840', 'media_url_https': 'https://pbs.twimg.com/media/C8qUi01UQAASUYG.jpg', 'indices': [140, 163], 'display_url': 'pic.twitter.com/Lmvh35mlA7'}]}};;;;;False;Fri Nov 07 21:51:59 +0000 2008;True;False;You can find me at http://twiends.com/caauthor;168;;6150;;6344;True;17239759;17239759;False;en;118;New York City;Graham Diamond;;C0DEED;http://abs.twimg.com/images/themes/theme1/bg.png;https://abs.twimg.com/images/themes/theme1/bg.png;False;https://pbs.twimg.com/profile_banners/17239759/1447136210;http://pbs.twimg.com/profile_images/663963061586403328/ilqnZmFD_normal.jpg;https://pbs.twimg.com/profile_images/663963061586403328/ilqnZmFD_normal.jpg;1DA1F2;C0DEED;DDEEF6;333333;True;False;CaAuthor;102868;Atlantic Time (Canada);http://www.amazon.com/Graham-Diamond/e/B000APVAJK;-10800.0;False
12;12;;;Wed Apr 05 16:07:54 +0000 2017;{'user_mentions': [{'id_str': '21861198', 'screen_name': 'MangaUK', 'id': 21861198, 'indices': [3, 11], 'name': 'Manga Entertainment'}], 'urls': [{'expanded_url': None, 'url': '', 'indices': [123, 123]}], 'hashtags': [{'text': 'GhostInTheShell', 'indices': [26, 42]}], 'symbols': []};0.0;0.0;low;;8.496548396174336e+17;'849654839617433605;;;;;;0.0;en;;;0.0;0.0;"<a href=""http://www.example.com"" rel=""nofollow"">RT-Ter</a>";RT @MangaUK: The original #GhostInTheShell movie is available NOW on Amazon Video! Feast your eyes on some classic anime:… ;1491408474245;0.0;"{'filter_level': 'low', 'lang': 'en', 'in_reply_to_screen_name': None, 'entities': {'user_mentions': [], 'urls': [{'expanded_url': 'https://twitter.com/i/web/status/849631517055868928', 'url': 'https://t.co/aFTP9PDmIg', 'indices': [110, 133], 'display_url': 'twitter.com/i/web/status/8…'}], 'hashtags': [{'text': 'GhostInTheShell', 'indices': [13, 29]}], 'symbols': []}, 'possibly_sensitive': False, 'favorite_count': 43, 'retweeted': False, 'source': '<a href=""http://www.hootsuite.com"" rel=""nofollow"">Hootsuite</a>', 'in_reply_to_user_id': None, 'is_quote_status': False, 'id_str': '849631517055868928', 'in_reply_to_user_id_str': None, 'text': 'The original #GhostInTheShell movie is available NOW on Amazon Video! Feast your eyes on some classic anime:… https://t.co/aFTP9PDmIg', 'user': {'verified': True, 'profile_image_url': 'http://pbs.twimg.com/profile_images/823924640968019969/AoleZTug_normal.jpg', 'friends_count': 768, 'profile_text_color': '333333', 'time_zone': 'London', 'profile_background_tile': False, 'screen_name': 'MangaUK', 'description': ""Official Manga Entertainment Twitter page. The UK's largest and best anime distributor. Follow our team @ajhewson @fmburst @speckledband @t_smallsie."", 'utc_offset': 3600, 'following': None, 'favourites_count': 7047, 'id_str': '21861198', 'profile_use_background_image': False, 'notifications': None, 'followers_count': 111484, 'lang': 'en', 'profile_link_color': '990000', 'location': 'London', 'is_translator': False, 'profile_image_url_https': 'https://pbs.twimg.com/profile_images/823924640968019969/AoleZTug_normal.jpg', 'listed_count': 712, 'id': 21861198, 'profile_sidebar_border_color': '000000', 'geo_enabled': True, 'profile_background_image_url_https': 'https://pbs.twimg.com/profile_background_images/444492207056109568/HunIR0G5.jpeg', 'created_at': 'Wed Feb 25 12:48:54 +0000 2009', 'default_profile': False, 'name': 'Manga Entertainment', 'profile_background_image_url': 'http://pbs.twimg.com/profile_background_images/444492207056109568/HunIR0G5.jpeg', 'default_profile_image': False, 'profile_sidebar_fill_color': 'FFFFFF', 'url': 'http://www.mangauk.com', 'statuses_count': 38666, 'protected': False, 'profile_banner_url': 'https://pbs.twimg.com/profile_banners/21861198/1490276811', 'profile_background_color': '000000', 'contributors_enabled': False, 'follow_request_sent': None}, 'place': None, 'id': 849631517055868928, 'created_at': 'Wed Apr 05 14:35:13 +0000 2017', 'in_reply_to_status_id_str': None, 'truncated': True, 'contributors': None, 'retweet_count': 13, 'coordinates': None, 'extended_tweet': {'entities': {'user_mentions': [], 'urls': [{'expanded_url': 'http://amzn.to/2nFt7ta', 'url': 'https://t.co/4vcGJ6ejk2', 'indices': [109, 132], 'display_url': 'amzn.to/2nFt7ta'}], 'hashtags': [{'text': 'GhostInTheShell', 'indices': [13, 29]}], 'symbols': [], 'media': [{'id': 849631513973071874, 'media_url': 'http://pbs.twimg.com/media/C8p_XERXoAIFg-Y.jpg', 'expanded_url': 'https://twitter.com/MangaUK/status/849631517055868928/photo/1', 'type': 'photo', 'url': 'https://t.co/mVjAxrjuOs', 'sizes': {'small': {'h': 383, 'w': 680, 'resize': 'fit'}, 'large': {'h': 916, 'w': 1628, 'resize': 'fit'}, 'medium': {'h': 675, 'w': 1200, 'resize': 'fit'}, 'thumb': {'h': 150, 'w': 150, 'resize': 'crop'}}, 'id_str': '849631513973071874', 'media_url_https': 'https://pbs.twimg.com/media/C8p_XERXoAIFg-Y.jpg', 'indices': [133, 156], 'display_url': 'pic.twitter.com/mVjAxrjuOs'}]}, 'full_text': 'The original #GhostInTheShell movie is available NOW on Amazon Video! Feast your eyes on some classic anime: https://t.co/4vcGJ6ejk2 https://t.co/mVjAxrjuOs', 'display_text_range': [0, 132], 'extended_entities': {'media': [{'id': 849631513973071874, 'media_url': 'http://pbs.twimg.com/media/C8p_XERXoAIFg-Y.jpg', 'expanded_url': 'https://twitter.com/MangaUK/status/849631517055868928/photo/1', 'type': 'photo', 'url': 'https://t.co/mVjAxrjuOs', 'sizes': {'small': {'h': 383, 'w': 680, 'resize': 'fit'}, 'large': {'h': 916, 'w': 1628, 'resize': 'fit'}, 'medium': {'h': 675, 'w': 1200, 'resize': 'fit'}, 'thumb': {'h': 150, 'w': 150, 'resize': 'crop'}}, 'id_str': '849631513973071874', 'media_url_https': 'https://pbs.twimg.com/media/C8p_XERXoAIFg-Y.jpg', 'indices': [133, 156], 'display_url': 'pic.twitter.com/mVjAxrjuOs'}]}}, 'geo': None, 'favorited': False, 'display_text_range': [0, 140], 'in_reply_to_status_id': None}";;;;;;;False;Thu Jan 08 15:58:09 +0000 2015;False;False;An epic sci-fi comic book series;88;;497;;196;False;2968012739;2968012739;False;en;121;;Agent 1.22;;131516;http://abs.twimg.com/images/themes/theme14/bg.gif;https://abs.twimg.com/images/themes/theme14/bg.gif;True;https://pbs.twimg.com/profile_banners/2968012739/1490367229;http://pbs.twimg.com/profile_images/583341025973780480/nKzJbml7_normal.jpg;https://pbs.twimg.com/profile_images/583341025973780480/nKzJbml7_normal.jpg;ABB8C2;C0DEED;DDEEF6;333333;True;False;Agent122Comic;22722;Eastern Time (US & Canada);http://www.agent122.com;-14400.0;False
13;13;;;Wed Apr 05 16:07:54 +0000 2017;{'user_mentions': [], 'urls': [{'expanded_url': 'https://buzzoole.com/referral/invite/ZNvn2DDlNAop2qzk', 'url': 'https://t.co/1EXKg3gnI0', 'indices': [84, 107], 'display_url': 'buzzoole.com/referral/invit…'}], 'hashtags': [{'text': 'ReferralProgram', 'indices': [108, 124]}], 'symbols': []};0.0;0.0;low;;8.496548395168358e+17;'849654839516835840;;;;;;0.0;en;;0.0;0.0;0.0;"<a href=""http://twitter.com"" rel=""nofollow"">Twitter Web Client</a>";Join Buzzoole and earn up to 400 in Amazon Gift Cards through its Referral Program! https://t.co/1EXKg3gnI0 #ReferralProgram;1491408474221;0.0;;;;;;;;False;Mon Jul 18 18:02:58 +0000 2011;False;False;"Amo scrivere ballare #blogger #webeditor #design #arredamento #shabbychic #interior #dancer #insegnantecaraibici Roma salsafantasy.it
https://t.co/UahPZBqZCx";16232;;20228;;14929;False;337860047;337860047;False;it;148; freelance copywriter blogger;Mara Mencarelli;;FCEBB6;http://pbs.twimg.com/profile_background_images/424139209/x9ecf1b773391036be22d3db7f085054.png;https://pbs.twimg.com/profile_background_images/424139209/x9ecf1b773391036be22d3db7f085054.png;True;;http://pbs.twimg.com/profile_images/1553754033/mara_in_lungo_normal.jpg;https://pbs.twimg.com/profile_images/1553754033/mara_in_lungo_normal.jpg;CE7834;F0A830;78C0A8;5E412F;True;False;MaraMencarelli;114453;Rome;http://www.notizieinvetrina.it/;7200.0;False
14;14;;;Wed Apr 05 16:07:54 +0000 2017;{'user_mentions': [{'id_str': '20543796', 'screen_name': 'rn62', 'id': 20543796, 'indices': [84, 89], 'name': 'Tammie Pankuch'}], 'urls': [{'expanded_url': 'http://tpankuch.com/2017/04/april-flowers-giveaway-hopends-419/', 'url': 'https://t.co/ENDVz7AX4S', 'indices': [90, 113], 'display_url': 'tpankuch.com/2017/04/april-…'}], 'hashtags': [{'text': 'win', 'indices': [28, 32]}], 'symbols': []};0.0;0.0;low;;8.496548406617702e+17;'849654840661770244;;;;;;0.0;en;;0.0;0.0;0.0;"<a href=""http://giveawaytools.com"" rel=""nofollow"">Giveaway Tools Confirmation</a>";RT Hurry! Have U entered to #win a $25 Amazon GC in the April Flowers Giveaway Hop? @rn62 https://t.co/ENDVz7AX4S;1491408474494;0.0;;;;;;;;False;Fri Mar 27 19:13:03 +0000 2009;False;False;"I am a True Firecracker, Born On The 4th of July; A Brain Injury Survivor; An Avid Reader; Lover of Animals, Especially Dogs! GO DOXIES!";6476;;4801;;5149;True;27073309;27073309;False;en;431;United States;Kimberly Flickinger;;642D8B;http://pbs.twimg.com/profile_background_images/730737472/211bd17a9f8d722b4ec9273d4621b8f4.jpeg;https://pbs.twimg.com/profile_background_images/730737472/211bd17a9f8d722b4ec9273d4621b8f4.jpeg;False;https://pbs.twimg.com/profile_banners/27073309/1485224390;http://pbs.twimg.com/profile_images/848167721665560579/FY_i9Eca_normal.jpg;https://pbs.twimg.com/profile_images/848167721665560579/FY_i9Eca_normal.jpg;1B95E0;FFFFFF;F6FFD1;333333;False;False;kaflickinger74;443793;Central Time (US & Canada);http://braininjuryselfrehabilitation.com;-18000.0;False
15;15;;;Wed Apr 05 16:07:54 +0000 2017;{'user_mentions': [], 'urls': [{'expanded_url': 'http://PoextS.com', 'url': 'https://t.co/fPvWYBApTo', 'indices': [9, 32], 'display_url': 'PoextS.com'}], 'hashtags': [{'text': 'PoextS', 'indices': [0, 7]}], 'symbols': [], 'media': [{'id': 849654832566849536, 'media_url': 'http://pbs.twimg.com/media/C8qUkYzXUAAjPal.jpg', 'expanded_url': 'https://twitter.com/PoextS/status/849654840200491011/photo/1', 'type': 'photo', 'url': 'https://t.co/foLWKTe0tr', 'sizes': {'small': {'h': 625, 'w': 453, 'resize': 'fit'}, 'large': {'h': 625, 'w': 453, 'resize': 'fit'}, 'medium': {'h': 625, 'w': 453, 'resize': 'fit'}, 'thumb': {'h': 150, 'w': 150, 'resize': 'crop'}}, 'id_str': '849654832566849536', 'media_url_https': 'https://pbs.twimg.com/media/C8qUkYzXUAAjPal.jpg', 'indices': [63, 86], 'display_url': 'pic.twitter.com/foLWKTe0tr'}]};0.0;0.0;low;;8.49654840200491e+17;'849654840200491011;;;;;;0.0;en;;0.0;0.0;0.0;"<a href=""http://twitter.com/download/android"" rel=""nofollow"">Twitter for Android</a>";"#PoextS 
https://t.co/fPvWYBApTo 
Google/ Amazon search:PoextS https://t.co/foLWKTe0tr";1491408474384;0.0;;[0, 62];;;;;{'media': [{'id': 849654832566849536, 'media_url': 'http://pbs.twimg.com/media/C8qUkYzXUAAjPal.jpg', 'expanded_url': 'https://twitter.com/PoextS/status/849654840200491011/photo/1', 'type': 'photo', 'url': 'https://t.co/foLWKTe0tr', 'sizes': {'small': {'h': 625, 'w': 453, 'resize': 'fit'}, 'large': {'h': 625, 'w': 453, 'resize': 'fit'}, 'medium': {'h': 625, 'w': 453, 'resize': 'fit'}, 'thumb': {'h': 150, 'w': 150, 'resize': 'crop'}}, 'id_str': '849654832566849536', 'media_url_https': 'https://pbs.twimg.com/media/C8qUkYzXUAAjPal.jpg', 'indices': [63, 86], 'display_url': 'pic.twitter.com/foLWKTe0tr'}]};False;Sat Jan 16 02:38:26 +0000 2010;True;False;;3;;10;;40;False;105345636;105345636;False;en;1;charlotte, nc;jeff johnston;;C0DEED;http://abs.twimg.com/images/themes/theme1/bg.png;https://abs.twimg.com/images/themes/theme1/bg.png;False;;http://pbs.twimg.com/profile_images/531982095019945984/MjWsd6iJ_normal.jpeg;https://pbs.twimg.com/profile_images/531982095019945984/MjWsd6iJ_normal.jpeg;1DA1F2;C0DEED;DDEEF6;333333;True;False;PoextS;120;Eastern Time (US & Canada);http://poexts.com;-14400.0;False
16;16;;;Wed Apr 05 16:07:54 +0000 2017;{'user_mentions': [{'id_str': '152667695', 'screen_name': 'WamdaME', 'id': 152667695, 'indices': [3, 11], 'name': 'Wamda ME'}], 'urls': [{'expanded_url': None, 'url': '', 'indices': [126, 126]}], 'hashtags': [], 'symbols': []};0.0;0.0;low;;8.496548420920279e+17;'849654842092027904;;;;;;0.0;en;;;0.0;0.0;"<a href=""http://twitter.com/download/iphone"" rel=""nofollow"">Twitter for iPhone</a>";"RT @WamdaME: Should local SMEs be worried about Amazon? ""We don't need to compete with Amazon, because it will empower us"" -… ";1491408474835;0.0;"{'filter_level': 'low', 'lang': 'en', 'in_reply_to_screen_name': None, 'entities': {'user_mentions': [], 'urls': [{'expanded_url': 'https://twitter.com/i/web/status/849620909707145217', 'url': 'https://t.co/JYdwj8GKCg', 'indices': [113, 136], 'display_url': 'twitter.com/i/web/status/8…'}], 'hashtags': [], 'symbols': []}, 'possibly_sensitive': False, 'favorite_count': 5, 'retweeted': False, 'source': '<a href=""http://twitter.com/download/android"" rel=""nofollow"">Twitter for Android</a>', 'in_reply_to_user_id': None, 'is_quote_status': False, 'id_str': '849620909707145217', 'in_reply_to_user_id_str': None, 'text': 'Should local SMEs be worried about Amazon? ""We don\'t need to compete with Amazon, because it will empower us"" -… https://t.co/JYdwj8GKCg', 'user': {'verified': True, 'profile_image_url': 'http://pbs.twimg.com/profile_images/849186987999281154/m4K9W-fB_normal.jpg', 'friends_count': 3069, 'profile_text_color': '212121', 'time_zone': 'Riyadh', 'profile_background_tile': False, 'screen_name': 'WamdaME', 'description': 'Inspiring, empowering, and connecting entrepreneurs in the Middle East and North Africa. @WamdaFR for articles in French on local ecosystems in the Maghreb', 'utc_offset': 10800, 'following': None, 'favourites_count': 2039, 'id_str': '152667695', 'profile_use_background_image': False, 'notifications': None, 'followers_count': 2275483, 'lang': 'en', 'profile_link_color': '009687', 'location': 'Middle East', 'is_translator': False, 'profile_image_url_https': 'https://pbs.twimg.com/profile_images/849186987999281154/m4K9W-fB_normal.jpg', 'listed_count': 1156, 'id': 152667695, 'profile_sidebar_border_color': 'BABABA', 'geo_enabled': True, 'profile_background_image_url_https': 'https://pbs.twimg.com/profile_background_images/336092819/Wamda-Twitter-BG.jpg', 'created_at': 'Sun Jun 06 15:19:41 +0000 2010', 'default_profile': False, 'name': 'Wamda ME', 'profile_background_image_url': 'http://pbs.twimg.com/profile_background_images/336092819/Wamda-Twitter-BG.jpg', 'default_profile_image': False, 'profile_sidebar_fill_color': 'F5F5F5', 'url': 'http://wamda.com', 'statuses_count': 39515, 'protected': False, 'profile_banner_url': 'https://pbs.twimg.com/profile_banners/152667695/1491296954', 'profile_background_color': 'FFFFFF', 'contributors_enabled': False, 'follow_request_sent': None}, 'place': None, 'id': 849620909707145217, 'created_at': 'Wed Apr 05 13:53:04 +0000 2017', 'in_reply_to_status_id_str': None, 'truncated': True, 'contributors': None, 'retweet_count': 4, 'coordinates': None, 'extended_tweet': {'entities': {'user_mentions': [{'id_str': '3076343988', 'screen_name': 'nooruldeenagha', 'id': 3076343988, 'indices': [112, 127], 'name': 'Nooruldeen Agha'}], 'urls': [], 'hashtags': [{'text': 'STEP2017', 'indices': [128, 137]}], 'symbols': [], 'media': [{'id': 849620876198899713, 'media_url': 'http://pbs.twimg.com/media/C8p1r3eXcAEuqjv.jpg', 'expanded_url': 'https://twitter.com/WamdaME/status/849620909707145217/photo/1', 'type': 'photo', 'url': 'https://t.co/zKBDiSsUAf', 'sizes': {'small': {'h': 383, 'w': 680, 'resize': 'fit'}, 'large': {'h': 1152, 'w': 2048, 'resize': 'fit'}, 'medium': {'h': 675, 'w': 1200, 'resize': 'fit'}, 'thumb': {'h': 150, 'w': 150, 'resize': 'crop'}}, 'id_str': '849620876198899713', 'media_url_https': 'https://pbs.twimg.com/media/C8p1r3eXcAEuqjv.jpg', 'indices': [138, 161], 'display_url': 'pic.twitter.com/zKBDiSsUAf'}]}, 'full_text': 'Should local SMEs be worried about Amazon? ""We don\'t need to compete with Amazon, because it will empower us"" - @nooruldeenagha #STEP2017 https://t.co/zKBDiSsUAf', 'display_text_range': [0, 137], 'extended_entities': {'media': [{'id': 849620876198899713, 'media_url': 'http://pbs.twimg.com/media/C8p1r3eXcAEuqjv.jpg', 'expanded_url': 'https://twitter.com/WamdaME/status/849620909707145217/photo/1', 'type': 'photo', 'url': 'https://t.co/zKBDiSsUAf', 'sizes': {'small': {'h': 383, 'w': 680, 'resize': 'fit'}, 'large': {'h': 1152, 'w': 2048, 'resize': 'fit'}, 'medium': {'h': 675, 'w': 1200, 'resize': 'fit'}, 'thumb': {'h': 150, 'w': 150, 'resize': 'crop'}}, 'id_str': '849620876198899713', 'media_url_https': 'https://pbs.twimg.com/media/C8p1r3eXcAEuqjv.jpg', 'indices': [138, 161], 'display_url': 'pic.twitter.com/zKBDiSsUAf'}]}}, 'geo': None, 'favorited': False, 'display_text_range': [0, 140], 'in_reply_to_status_id': None}";;;;;;;False;Sat Mar 06 12:11:00 +0000 2010;True;False;VP Telecommunication. #Innovation @ heart. Tweets represent my own opinion.;1040;;1220;;937;False;120431716;120431716;False;en;85;Middle East / Canada;Nadim A;;C0DEED;http://abs.twimg.com/images/themes/theme1/bg.png;https://abs.twimg.com/images/themes/theme1/bg.png;False;;http://pbs.twimg.com/profile_images/1563507305/image_normal.jpg;https://pbs.twimg.com/profile_images/1563507305/image_normal.jpg;1DA1F2;C0DEED;DDEEF6;333333;True;False;NadimAbouhamad;5284;Riyadh;http://leishlaa.com;10800.0;False
17;17;;;Wed Apr 05 16:07:54 +0000 2017;{'user_mentions': [{'id_str': '2472815773', 'screen_name': 'bythebeach1214', 'id': 2472815773, 'indices': [3, 18], 'name': 'TSLDesigns & Vintage'}], 'urls': [{'expanded_url': 'http://amazon.com/dp/B06XZ3BNLX', 'url': 'https://t.co/aqFxQY8AQk', 'indices': [94, 117], 'display_url': 'amazon.com/dp/B06XZ3BNLX'}, {'expanded_url': None, 'url': '', 'indices': [129, 129]}], 'hashtags': [{'text': 'Necklace', 'indices': [35, 44]}, {'text': 'Star', 'indices': [82, 87]}, {'text': 'handmade', 'indices': [118, 127]}], 'symbols': []};0.0;0.0;low;;8.496548419996344e+17;'849654841999634432;;;;;;0.0;en;;0.0;0.0;0.0;"<a href=""http://twitter.com"" rel=""nofollow"">Twitter Web Client</a>";RT @bythebeach1214: Laser Engraved #Necklace with Swarovski Birthstone and Silver #Star Charm https://t.co/aqFxQY8AQk #handmade… ;1491408474813;0.0;"{'filter_level': 'low', 'lang': 'en', 'in_reply_to_screen_name': None, 'entities': {'user_mentions': [], 'urls': [{'expanded_url': 'http://amazon.com/dp/B06XZ3BNLX', 'url': 'https://t.co/aqFxQY8AQk', 'indices': [74, 97], 'display_url': 'amazon.com/dp/B06XZ3BNLX'}, {'expanded_url': 'https://twitter.com/i/web/status/849647782197702658', 'url': 'https://t.co/C8yrsy09s2', 'indices': [109, 132], 'display_url': 'twitter.com/i/web/status/8…'}], 'hashtags': [{'text': 'Necklace', 'indices': [15, 24]}, {'text': 'Star', 'indices': [62, 67]}, {'text': 'handmade', 'indices': [98, 107]}], 'symbols': []}, 'possibly_sensitive': False, 'favorite_count': 4, 'retweeted': False, 'source': '<a href=""http://twitter.com/download/iphone"" rel=""nofollow"">Twitter for iPhone</a>', 'in_reply_to_user_id': None, 'is_quote_status': False, 'id_str': '849647782197702658', 'in_reply_to_user_id_str': None, 'text': 'Laser Engraved #Necklace with Swarovski Birthstone and Silver #Star Charm https://t.co/aqFxQY8AQk #handmade… https://t.co/C8yrsy09s2', 'user': {'verified': False, 'profile_image_url': 'http://pbs.twimg.com/profile_images/746869456513662976/FYOWNV0y_normal.jpg', 'friends_count': 1193, 'profile_text_color': '000000', 'time_zone': 'Eastern Time (US & Canada)', 'profile_background_tile': False, 'screen_name': 'bythebeach1214', 'description': 'Sports Jewelry, Handmade Jewelry, Sea Glass Jewelry & much more! Ebay http://stores.ebay.com/tlsdesignsandvintage  Amazon http://amazon.com/handmade/tsl-designs', 'utc_offset': -14400, 'following': None, 'favourites_count': 1937, 'id_str': '2472815773', 'profile_use_background_image': True, 'notifications': None, 'followers_count': 2324, 'lang': 'en', 'profile_link_color': '94D487', 'location': 'Myrtle Beach, SC', 'is_translator': False, 'profile_image_url_https': 'https://pbs.twimg.com/profile_images/746869456513662976/FYOWNV0y_normal.jpg', 'listed_count': 1036, 'id': 2472815773, 'profile_sidebar_border_color': 'FFFFFF', 'geo_enabled': False, 'profile_background_image_url_https': 'https://pbs.twimg.com/profile_background_images/523327573212684288/96x5CYPj.png', 'created_at': 'Thu May 01 17:24:30 +0000 2014', 'default_profile': False, 'name': 'TSLDesigns & Vintage', 'profile_background_image_url': 'http://pbs.twimg.com/profile_background_images/523327573212684288/96x5CYPj.png', 'default_profile_image': False, 'profile_sidebar_fill_color': 'FFFFFF', 'url': 'http://facebook.com/tsldesigns', 'statuses_count': 48959, 'protected': False, 'profile_banner_url': 'https://pbs.twimg.com/profile_banners/2472815773/1438733738', 'profile_background_color': 'FFFFFF', 'contributors_enabled': False, 'follow_request_sent': None}, 'place': None, 'id': 849647782197702658, 'created_at': 'Wed Apr 05 15:39:51 +0000 2017', 'in_reply_to_status_id_str': None, 'truncated': True, 'contributors': None, 'retweet_count': 12, 'coordinates': None, 'extended_tweet': {'entities': {'user_mentions': [], 'urls': [{'expanded_url': 'http://amazon.com/dp/B06XZ3BNLX', 'url': 'https://t.co/aqFxQY8AQk', 'indices': [74, 97], 'display_url': 'amazon.com/dp/B06XZ3BNLX'}], 'hashtags': [{'text': 'Necklace', 'indices': [15, 24]}, {'text': 'Star', 'indices': [62, 67]}, {'text': 'handmade', 'indices': [98, 107]}, {'text': 'jewerly', 'indices': [108, 116]}, {'text': 'moon', 'indices': [117, 122]}, {'text': 'amazonhandmade', 'indices': [123, 138]}], 'symbols': [], 'media': [{'id': 849647775734259716, 'media_url': 'http://pbs.twimg.com/media/C8qOJoDXYAQ5JwV.jpg', 'expanded_url': 'https://twitter.com/bythebeach1214/status/849647782197702658/photo/1', 'type': 'photo', 'url': 'https://t.co/PUV5PnnOMM', 'sizes': {'small': {'h': 680, 'w': 680, 'resize': 'fit'}, 'large': {'h': 2048, 'w': 2048, 'resize': 'fit'}, 'medium': {'h': 1200, 'w': 1200, 'resize': 'fit'}, 'thumb': {'h': 150, 'w': 150, 'resize': 'crop'}}, 'id_str': '849647775734259716', 'media_url_https': 'https://pbs.twimg.com/media/C8qOJoDXYAQ5JwV.jpg', 'indices': [139, 162], 'display_url': 'pic.twitter.com/PUV5PnnOMM'}]}, 'full_text': 'Laser Engraved #Necklace with Swarovski Birthstone and Silver #Star Charm https://t.co/aqFxQY8AQk #handmade #jewerly #moon #amazonhandmade https://t.co/PUV5PnnOMM', 'display_text_range': [0, 138], 'extended_entities': {'media': [{'id': 849647775734259716, 'media_url': 'http://pbs.twimg.com/media/C8qOJoDXYAQ5JwV.jpg', 'expanded_url': 'https://twitter.com/bythebeach1214/status/849647782197702658/photo/1', 'type': 'photo', 'url': 'https://t.co/PUV5PnnOMM', 'sizes': {'small': {'h': 680, 'w': 680, 'resize': 'fit'}, 'large': {'h': 2048, 'w': 2048, 'resize': 'fit'}, 'medium': {'h': 1200, 'w': 1200, 'resize': 'fit'}, 'thumb': {'h': 150, 'w': 150, 'resize': 'crop'}}, 'id_str': '849647775734259716', 'media_url_https': 'https://pbs.twimg.com/media/C8qOJoDXYAQ5JwV.jpg', 'indices': [139, 162], 'display_url': 'pic.twitter.com/PUV5PnnOMM'}]}}, 'geo': None, 'favorited': False, 'display_text_range': [0, 140], 'in_reply_to_status_id': None}";;;;;;;False;Thu Mar 16 02:48:56 +0000 2017;True;False;Showing off the latest crafts with #etsysellers and #etsyshops;222;;46;;3;False;842206016666185728;842206016666185728;False;en;2;;Crafts With Etsy;;F5F8FA;;;False;https://pbs.twimg.com/profile_banners/842206016666185728/1489633023;http://pbs.twimg.com/profile_images/842208132348633088/5fHnREk7_normal.jpg;https://pbs.twimg.com/profile_images/842208132348633088/5fHnREk7_normal.jpg;1DA1F2;C0DEED;DDEEF6;333333;True;False;craftswithetsy;1036;Pacific Time (US & Canada);;-25200.0;False
18;18;;;Wed Apr 05 16:07:54 +0000 2017;{'user_mentions': [{'id_str': '20543796', 'screen_name': 'rn62', 'id': 20543796, 'indices': [84, 89], 'name': 'Tammie Pankuch'}], 'urls': [{'expanded_url': 'http://ln.is/tpankuch.com/2017/04/Kf6LD', 'url': 'https://t.co/PmJdgIDJ8C', 'indices': [90, 113], 'display_url': 'ln.is/tpankuch.com/2…'}], 'hashtags': [{'text': 'win', 'indices': [28, 32]}], 'symbols': []};0.0;0.0;low;;8.496548426290053e+17;'849654842629005313;;;;;;0.0;en;;0.0;0.0;0.0;"<a href=""http://linkis.com"" rel=""nofollow"">Linkis: turn sharing into growth</a>";RT Hurry! Have U entered to #win a $25 Amazon GC in the April Flowers Giveaway Hop? @rn62 https://t.co/PmJdgIDJ8C;1491408474963;0.0;;;;;;;;False;Fri Mar 27 19:13:03 +0000 2009;False;False;"I am a True Firecracker, Born On The 4th of July; A Brain Injury Survivor; An Avid Reader; Lover of Animals, Especially Dogs! GO DOXIES!";6476;;4801;;5149;True;27073309;27073309;False;en;431;United States;Kimberly Flickinger;;642D8B;http://pbs.twimg.com/profile_background_images/730737472/211bd17a9f8d722b4ec9273d4621b8f4.jpeg;https://pbs.twimg.com/profile_background_images/730737472/211bd17a9f8d722b4ec9273d4621b8f4.jpeg;False;https://pbs.twimg.com/profile_banners/27073309/1485224390;http://pbs.twimg.com/profile_images/848167721665560579/FY_i9Eca_normal.jpg;https://pbs.twimg.com/profile_images/848167721665560579/FY_i9Eca_normal.jpg;1B95E0;FFFFFF;F6FFD1;333333;False;False;kaflickinger74;443794;Central Time (US & Canada);http://braininjuryselfrehabilitation.com;-18000.0;False
19;19;;;Wed Apr 05 16:07:54 +0000 2017;{'user_mentions': [{'id_str': '46769281', 'screen_name': 'gucci1017', 'id': 46769281, 'indices': [3, 13], 'name': 'Gucci Mane'}], 'urls': [{'expanded_url': 'https://www.amazon.com/Autobiography-Gucci-Mane/dp/1501165321/ref=sr_1_1?s=books&ie=UTF8&qid=1490023962&sr=1-1&keywords=autobiography+of+gucci+mane', 'url': 'https://t.co/LNGFhdp0wz', 'indices': [103, 126], 'display_url': 'amazon.com/Autobiography-…'}], 'hashtags': [{'text': 'GuwopTheAuthor', 'indices': [87, 102]}], 'symbols': []};0.0;0.0;low;;8.496548427003126e+17;'849654842700312578;;;;;;0.0;en;;0.0;0.0;0.0;"<a href=""http://twitter.com/download/iphone"" rel=""nofollow"">Twitter for iPhone</a>";"RT @gucci1017: The Autobiography of Gucci Mane   
One of my greatest accomplishments!! #GuwopTheAuthor https://t.co/LNGFhdp0wz";1491408474980;0.0;"{'filter_level': 'low', 'lang': 'en', 'in_reply_to_screen_name': None, 'entities': {'user_mentions': [], 'urls': [{'expanded_url': 'https://www.amazon.com/Autobiography-Gucci-Mane/dp/1501165321/ref=sr_1_1?s=books&ie=UTF8&qid=1490023962&sr=1-1&keywords=autobiography+of+gucci+mane', 'url': 'https://t.co/LNGFhdp0wz', 'indices': [88, 111], 'display_url': 'amazon.com/Autobiography-…'}], 'hashtags': [{'text': 'GuwopTheAuthor', 'indices': [72, 87]}], 'symbols': []}, 'possibly_sensitive': False, 'favorite_count': 220, 'retweeted': False, 'source': '<a href=""http://twitter.com/download/iphone"" rel=""nofollow"">Twitter for iPhone</a>', 'place': None, 'in_reply_to_user_id': None, 'is_quote_status': False, 'id_str': '849653083575644161', 'text': 'The Autobiography of Gucci Mane   \nOne of my greatest accomplishments!! #GuwopTheAuthor https://t.co/LNGFhdp0wz', 'user': {'verified': True, 'profile_image_url': 'http://pbs.twimg.com/profile_images/838200912258662401/cKTOtHTe_normal.jpg', 'friends_count': 1, 'profile_text_color': '333333', 'time_zone': 'Eastern Time (US & Canada)', 'profile_background_tile': False, 'screen_name': 'gucci1017', 'description': 'Major Label Recording Artist, signed to Atlantic Records. | wizopbooking@gmail.com', 'utc_offset': -14400, 'following': None, 'favourites_count': 11167, 'id_str': '46769281', 'profile_use_background_image': True, 'notifications': None, 'followers_count': 3324124, 'lang': 'en', 'profile_link_color': '009999', 'location': 'EAST ATLANTA', 'is_translator': False, 'profile_image_url_https': 'https://pbs.twimg.com/profile_images/838200912258662401/cKTOtHTe_normal.jpg', 'listed_count': 6670, 'id': 46769281, 'profile_sidebar_border_color': 'FFFFFF', 'geo_enabled': False, 'profile_background_image_url_https': 'https://pbs.twimg.com/profile_background_images/874096083/e19589866abe98b30af346d225011c03.jpeg', 'created_at': 'Fri Jun 12 22:52:05 +0000 2009', 'default_profile': False, 'name': 'Gucci Mane', 'profile_background_image_url': 'http://pbs.twimg.com/profile_background_images/874096083/e19589866abe98b30af346d225011c03.jpeg', 'default_profile_image': False, 'profile_sidebar_fill_color': 'EFEFEF', 'url': 'https://atlantic.lnk.to/MakeLove', 'statuses_count': 17816, 'protected': False, 'profile_banner_url': 'https://pbs.twimg.com/profile_banners/46769281/1488677646', 'profile_background_color': '000000', 'contributors_enabled': False, 'follow_request_sent': None}, 'in_reply_to_status_id_str': None, 'id': 849653083575644161, 'created_at': 'Wed Apr 05 16:00:55 +0000 2017', 'in_reply_to_user_id_str': None, 'truncated': False, 'contributors': None, 'retweet_count': 150, 'coordinates': None, 'in_reply_to_status_id': None, 'geo': None, 'favorited': False}";;;;;;;False;Fri Oct 05 21:38:23 +0000 2012;False;False;Im blind, but I still saw that #UTK19;14943;;468;;306;True;863711852;863711852;False;en;3;Nashville, TN;Brennan Flanagan;;000000;http://abs.twimg.com/images/themes/theme1/bg.png;https://abs.twimg.com/images/themes/theme1/bg.png;False;https://pbs.twimg.com/profile_banners/863711852/1469545032;http://pbs.twimg.com/profile_images/846486931542360065/ufFUSEOd_normal.jpg;https://pbs.twimg.com/profile_images/846486931542360065/ufFUSEOd_normal.jpg;FF691F;000000;000000;000000;False;False;Slick_Apple;15889;Central Time (US & Canada);;-18000.0;False
