;words;words_no_url;duplicate;len_characters;num_words;has_question_mark;has_exclamation_mark;has_multi_quest_exclam;emotji_sent_score;has_pronoun;count_upper;has_hashtag;urls;senitment;senitment_conf;reg_age;status_cnt;followers_cnt;friends_cnt;verified;has_desc;has_url;retweet_count
854309011763732481;['looks', 'cool', '!', '#', 'Monopoly', '#', 'pokemon', 'https', ':', '//t.co/JDIa3E7n4V'];This looks cool! #Monopoly #pokemon ;False;59;10;False;True;False;0.0;False;0.11864406779661017;True;False;pos;1.0;436;95;39;53;False;True;True;0.0
854309559724277760;"['Thanks', ',', '@', 'Groupon', '!', 'signed', 'Rock', ""'n"", ""'"", 'Roll', 'Philadelphia', 'Half', 'Marathon', '!', 'https', ':', '//t.co/LqFoJSjQ7O', '#', 'gonnaPRthisbitch']";Thanks, @Groupon! Just signed up for Rock 'n' Roll Philadelphia Half Marathon!  #gonnaPRthisbitch;False;120;19;False;True;True;0.0;False;0.13333333333333333;True;False;pos;1.0;3232;12390;237;167;False;True;False;0.0
854310542122549248;['Use', 'Groupon', 'Massage', 'Business', '(', 'Part', '1', ')', '@', 'dailydealmktg', 'https', ':', '//t.co/3k18Z6S06Z', '#', 'massagetherapy', '#', 'marketing'];"How To Use Groupon In Your Massage Business (Part 1) @dailydealmktg
 #massagetherapy #marketing";False;118;17;False;False;False;0.0;False;0.1016949152542373;True;False;pos;1.0;1379;9160;513;196;False;True;True;0.0
854311433269649410;['New', 'Coupons', ':', 'St.', 'Paul', 'Saints', 'Discount', 'Tickets', 'Goldstar', 'Groupon', 'https', ':', '//t.co/KgwSYEl0HC'];New Coupons: St. Paul Saints Discount Tickets on Goldstar and Groupon ;False;93;13;False;False;False;0.0;False;0.16129032258064516;False;False;neg;0.8;2528;17839;3824;2051;False;True;True;0.0
854311638056353792;['90', '%', 'Dance', 'Code', 'Studio', 'https', ':', '//t.co/dGMzUnJ5vI', 'https', ':', '//t.co/cGtL5y6pLg'];Up to 90% Off at Dance Code Studio  ;False;82;11;False;False;False;0.0;False;0.15853658536585366;False;False;neg;0.8;361;60322;2130;2559;False;True;True;0.0
854311693588996097;['Download', 'run', 'app', 'nearbuy', 'Groupon', ':', 'https', ':', '//t.co/o0DcpVXBGF'];Download and run the app nearbuy by Groupon: ;False;68;9;False;False;False;0.0;False;0.11764705882352941;False;False;neg;0.8;15;8;6;24;False;False;False;0.0
854311796034949128;['#', 'MASSiveCon', 'deal', '#', 'Groupon', 'ends', 'today', '!', 'https', ':', '//t.co/pBw05JY1Q5'];The #MASSiveCon deal on #Groupon ends today! ;False;68;11;False;True;False;0.0;False;0.16176470588235295;True;True;neg;0.8;2408;6935;218;473;False;True;True;0.0
854312706161098752;['62', '%', 'Haircut', 'Packages', 'https', ':', '//t.co/YlEkrpblOT', 'https', ':', '//t.co/NjBlXuWXlV'];Up to 62% Off Haircut Packages  ;False;78;10;False;False;False;0.0;False;0.1794871794871795;False;False;neg;0.8;218;39054;785;0;False;True;False;0.0
854312962332344322;['87', '%', 'Fred', 'Astaire', 'Dance', 'Studio', 'https', ':', '//t.co/guKSgCKBAI', 'https', ':', '//t.co/MmCFih2TnN'];87% Off at Fred Astaire Dance Studio  ;False;84;12;False;False;False;0.0;False;0.20238095238095238;False;False;neg;0.8;145;7548;301;0;False;True;False;0.0
854313045589348352;['New', 'post', ':', 'Groupon', 'College', 'Discount', ':', 'extra', '25', '%', 'local', 'Groupons', 'year', 'long', 'https', ':', '//t.co/xQKbGiaTFW'];New post: Groupon College Discount: extra 25% off local Groupons all year long ;False;102;17;False;False;False;0.0;False;0.10784313725490197;False;False;neg;0.8;1520;1584;97;83;False;True;True;0.0
854313131992068096;['ATTENTION', 'Groupon', 'Restaurant', 'com', 'coupon', 'holders', '!', 'March', '22', ',', '2017', 'Main', 'Street', 'Daily', 'Grind', '...', 'https', ':', '//t.co/NFdAyDI6LJ'];"ATTENTION
Groupon and Restaurant com
coupon holders! 

As of March 22, 2017 the Main Street Daily Grind is under... ";False;139;19;False;True;False;0.0;False;0.17266187050359713;False;False;neg;0.8;1359;1073;291;107;False;True;True;0.0
854313135649415169;['58', '%', 'Salsa', 'Tango', 'Classes', 'El', 'Studio', 'Tango', 'https', ':', '//t.co/yndTCgLtSf', 'https', ':', '//t.co/nEzXMznQtD'];Up to 58% Off Salsa or Tango Classes at El Studio Tango  ;False;103;14;False;False;False;0.0;False;0.1650485436893204;False;False;neg;0.8;145;13625;267;0;False;True;False;0.0
854313617528848386;"[""'m"", 'moderating', 'panel', '!', ""n't"", 'miss', 'Elevate', ""'s"", '2nd', 'meetup', 'great', 'panelists', 'Kraft', ',', 'Groupon', ',', 'Bank', 'America', ',', '…', 'https', ':', '//t.co/JQN6q4BP45']";I'm moderating a panel! Don't miss Elevate's 2nd meetup with great panelists from Kraft, Groupon, Bank of America,… ;False;139;23;False;True;False;0.0;True;0.08633093525179857;False;True;neg;1.0;2128;777;86;105;False;True;False;1.0
854314977255149568;['Like', 'Bitcoin', 'Groupon', 'better', '!', 'https', ':', '//t.co/tpsB1UFtWm', 'https', ':', '//t.co/so0z7jxuLh'];Like Bitcoin and Groupon but better!   ;True;85;11;False;True;False;0.0;False;0.09411764705882353;False;False;pos;0.6;731;211900;48616;25979;False;True;True;0.0
854315042422091776;['@', 'funforeall', 'time', 'passes', 'entail', '?', 'groupon', '2', 'hour', 'fun', 'pass', 'activities', 'go', 'price', 'time', '?', 'work', '?'];@funforeall What do the time passes entail? On groupon is 2 hour fun pass but the activities go by price not time? How does that work?;False;134;18;True;False;True;0.0;False;0.022388059701492536;False;False;pos;1.0;231;655;74;179;False;True;False;0.0
854315045353914370;['@', 'tsunderes', '@', 'whisperno', '@', 'princeofdrunk', 'Yup', '!', '@', 'nyarasho', 'wan', 'na', 'buy', 'Groupon', '.'];@tsunderes @whisperno @princeofdrunk Yup! And @nyarasho if you wanna buy the Groupon.;False;85;15;False;True;False;0.0;True;0.03529411764705882;False;False;neg;1.0;3003;27865;238;371;False;True;True;0.0
854315149234126848;"['E-Male', ""'s"", 'rich', 'stepdad', 'buys', 'newest', 'technology', '.', 'loves', 'Groupon', 'sites', '.', 'cool', 'kid', 'going', 'viral', '2012', '.']";E-Male's rich stepdad buys him all the newest technology. He loves Groupon and some other sites. This cool kid is going viral in 2012.;False;134;18;False;False;False;0.0;True;0.03731343283582089;False;False;pos;0.8;390;12335;10;1;False;False;False;0.0
854315391442710528;['Thanks', ',', '@', 'Groupon', '.', 'Way', 'better', 'Goodmorning', 'text', '.', 'https', ':', '//t.co/GNC9Eo7nvV'];Thanks, @Groupon. Way better than a Goodmorning text. ;False;77;13;False;False;False;0.0;False;0.11688311688311688;False;False;pos;1.0;2064;10499;380;317;False;True;False;0.0
854316263140610048;['Groupon', '|', 'Extra', '10', '%', 'Hotels', 'Travel', 'https', ':', '//t.co/hdPFi5qzfA', 'via', '@', 'DealsPlus'];Groupon | Extra 10% Off Hotels And Travel  via @DealsPlus;False;80;13;False;False;False;0.0;False;0.1375;False;False;pos;0.6;2340;84572;360;65;False;False;True;0.0
854316582360711168;"['@', 'Groupon', 'month', 'since', ""'ve"", 'placed', 'n', 'order', ',', 'called', 'cust', 'svc', '(', 'terrible', ')', ',', ""n't"", 'gotten', 'call', 'back', ',', 'update', ',', 'etc']";@Groupon its now been a month since I've placed n order, called your cust svc (terrible), haven't gotten a call back, update, etc;False;129;24;False;False;False;0.0;True;0.015503875968992248;False;False;neg;1.0;1419;1470;25;41;False;True;False;0.0
854317177222168576;['$', '5', '$', '10', 'Target', 'eGiftCard', '-', 'https', ':', '//t.co/jZvSZneHI8'];$5 for a $10 Target eGiftCard  -  ;False;57;10;False;False;False;0.0;False;0.14035087719298245;False;False;neg;0.8;772;5495;377;671;False;True;True;0.0
854317614788640769;['@', 'SaifulSekh11', ',', 'Like', 'Bitcoin', 'Groupon', 'better', '!', 'https', ':', '//t.co/tC82lMoreE'];@SaifulSekh11,  Like Bitcoin and Groupon but better!  ;False;77;11;False;True;False;0.0;False;0.1038961038961039;False;False;pos;1.0;1038;227854;81052;79455;False;True;True;0.0
854317616873299968;['@', 'doctorkim', ',', 'Move', ',', 'Groupon', 'https', ':', '//t.co/tC82lMoreE'];@doctorkim, Move over, Groupon ;False;54;9;False;False;False;0.0;False;0.09259259259259259;False;False;pos;1.0;1038;227855;81052;79455;False;True;True;0.0
854317975779909632;"['@', 'Groupon', ""'ve"", 'reached', 'corporate', ',', 'response', ',', 'called', ',', 'filled', 'surveys', '.', ""'ve"", 'opened', 'tickets', ',', 'etc', '.', 'going', 'get', 'item', '?', '?']";@Groupon I've reached out to corporate, no response, called, filled out surveys. I've opened tickets, etc. When am I going to get my item??;False;139;24;True;False;True;0.0;True;0.03597122302158273;False;False;pos;1.0;1419;1471;25;41;False;True;False;0.0
854318285613084672;['#', 'jerseycity', '#', 'families', 'want', 'great', 'live', 'entertainment', 'fits', 'budget', '?', 'Get', 'tickets', 'June', '3rd', '@', 'Groupon', '!', 'https', ':', '//t.co/WD5gBWyroP'];#jerseycity #families want great live entertainment that fits your budget? Get tickets for June 3rd on @Groupon! ;False;136;21;True;True;False;0.0;False;0.058823529411764705;True;False;pos;1.0;127;1047;439;274;False;True;True;1.0
854318535274659840;['67', '%', 'Mink', 'Eyelash', 'Extensions', 'https', ':', '//t.co/DQ3jRIT44G', 'https', ':', '//t.co/Zj7lHnPOG7'];Up to 67% Off Mink Eyelash Extensions  ;False;85;11;False;False;False;0.0;False;0.18823529411764706;False;False;neg;0.8;498;104435;3099;2874;False;True;True;0.0
854318604321423361;"['#', 'slack', 'make', 'mistake', '#', 'Groupon', '(', 'remember', '?', ')', '&', 'amp', ';', 'sell', 'opportune', 'time', '?', 'MS', '&', 'amp', ';', '#', 'Facebook', 'closing', 'gap', '.', 'https', ':', '//t.co/W8byk8UXoE']";"Did #slack make same mistake as #Groupon (remember them?) &amp; not sell at opportune time? MS &amp; #Facebook closing gap. ";False;147;29;True;False;True;0.0;True;0.061224489795918366;True;False;pos;0.6;2927;1808;1861;2670;False;True;True;0.0
854318781367291904;"['Hurry', '&', 'amp', ';', 'get', 'Groupon', '!', 'https', ':', '//t.co/lLTPe00VDo', 'https', ':', '//t.co/bQzawn1Kja']";"Hurry &amp; get our Groupon!  ";False;76;13;False;True;False;0.0;False;0.11842105263157894;False;False;pos;0.6;750;14312;939;773;False;True;True;0.0
854319156086231044;['Tickets', 'May', '13', 'Brick', 'PAL', 'available', '@', 'Groupon', ':', 'https', ':', '//t.co/r9k3e6lVEY', '#', 'WWE', '#', 'Smackdown', '#', 'TNA', '#', 'CZW…', 'https', ':', '//t.co/QhyTyhNWSr'];Tickets for May 13 at THE Brick PAL now available on @Groupon :  #WWE #Smackdown #TNA #CZW… ;False;138;23;False;False;False;0.0;False;0.2028985507246377;True;True;pos;1.0;491;1369;794;91;False;True;True;0.0
854319626737524736;['@', 'Groupon', 'keeps', 'suggesting', 'go', 'axe', 'throwing', '...', '?', 'bit', 'Viking', 'look', 'times', '...', 'https', ':', '//t.co/4zy4wwFowY'];So @Groupon keeps on suggesting I go axe throwing... should I? I do have a bit of a Viking look at times... ;False;131;17;True;False;False;0.0;True;0.061068702290076333;False;False;pos;0.6;167;4346;452;1399;False;True;False;0.0
854319784904630273;['50', '%', 'Boot', 'Camp', 'https', ':', '//t.co/psfNWrRXjo', 'https', ':', '//t.co/02iDY0EMt1'];50% Off Boot Camp  ;False;65;10;False;False;False;0.0;False;0.16923076923076924;False;False;neg;0.8;216;26922;522;0;False;True;False;0.0
854319941134299136;['international', 'companies', '–', 'eBay', ',', 'Groupon', ',', 'Google', '–', 'struggle', 'entering', 'China', ',', 'Chinese', 'companies', 'often', '...', 'https', ':', '//t.co/HkHHvyCCMq'];Just as international companies – eBay, Groupon, Google – struggle when entering China, Chinese companies often... ;False;138;20;False;False;False;0.0;False;0.08695652173913043;False;False;neg;0.8;470;3672;319;28;False;True;True;0.0
854320030107942912;['51', '%', 'Dance', 'Group', 'Classes', 'Decibel', 'Dance', 'Fitness', 'https', ':', '//t.co/HEklM1Cjl3', 'https', ':', '//t.co/JA8dSrDT3K'];Up to 51% Off Dance Group Classes at Decibel Dance Fitness  ;False;106;14;False;False;False;0.0;False;0.16981132075471697;False;False;neg;0.8;216;20880;361;0;False;True;False;0.0
854320129429172224;"['@', 'Harry_Jerry', ""'ve"", 'tried', '1KG', 'onions', '1re', '.', 'groupon', '.', 'Shipped', 'via', 'fedex', '.', 'Ofcourse', 'onions', ',', 'damage', '.']";@Harry_Jerry I've once tried 1KG onions at 1re. through groupon. Shipped via fedex. Ofcourse they were onions, no damage.;False;121;19;False;False;False;0.0;True;0.05785123966942149;False;False;neg;1.0;2216;11630;213;1168;False;True;True;0.0
854320287969660932;['Groupon', 'Apparel', 'Pallets', '-', 'https', ':', '//t.co/dXONKfikpK'];Groupon Apparel Pallets -  ;False;50;7;False;False;False;0.0;False;0.16;False;False;neg;0.8;2310;1279;1975;4301;False;True;True;0.0
854320356726759424;['61', '%', 'KidPass', 'https', ':', '//t.co/4ubNFLZSKG', 'https', ':', '//t.co/aP2UUxKINJ'];Up to 61% Off KidPass  ;False;69;9;False;False;False;0.0;False;0.2608695652173913;False;False;neg;0.8;218;39062;785;0;False;True;False;0.0
854320627066556416;['@', 'Gem2Gen14', '@', 'Groupon', 'trouble', '!', 'ordered', '3', 'items', 'none', 'arrived', 'past', '2', 'weeks', 'date', 'ordering'];@Gem2Gen14 @Groupon Having the same trouble! I ordered 3 items and none of them have arrived past 2 weeks date of me ordering them now;False;134;16;False;True;False;0.0;True;0.03731343283582089;False;False;neg;1.0;1586;10670;1110;1126;False;True;True;0.0
854320649006862336;['75', '%', 'Yoga', ',', 'Dance', ',', 'Meditation', 'Classes', 'https', ':', '//t.co/vwt92pENev', 'https', ':', '//t.co/CNxqNwygDi'];Up to 75% Off Yoga, Dance, and Meditation Classes  ;False;97;14;False;False;False;0.0;False;0.12371134020618557;False;False;neg;0.8;145;5260;96;0;False;True;False;0.0
854320866854928386;['@', 'MyCreative_UK', 'Hi', 'sorry', 'trouble', '.', 'Email', 'us', 'sm.support', '@', 'groupon.co.uk', 'we’ll', 'try', 'best', 'resolve', 'matter', '.', 'Thanks', '.', '^L', '.'];@MyCreative_UK Hi sorry for the trouble . Email us at sm.support@groupon.co.uk and we’ll try our best to resolve this matter. Thanks. ^L.;False;137;21;False;False;False;0.0;True;0.058394160583941604;False;False;neg;1.0;2675;33472;20616;3408;True;True;True;0.0
854320867224027136;['@', 'MyCreative_UK', 'Hi', 'Natasha', ',', 'sorry', 'delay', '.', 'Let', 'help', '.', 'Kindly', 'send', 'us', 'direct', 'email', 'sm.support', '@', 'groupon.co.uk', '.', 'Regards', ',', '^J', '.'];@MyCreative_UK Hi Natasha, sorry for the delay. Let me help. Kindly send us a direct email at sm.support@groupon.co.uk. Regards, ^J.;False;132;24;False;False;False;0.0;True;0.07575757575757576;False;False;neg;1.0;2675;33472;20616;3408;True;True;True;0.0
854320876753489920;['loves', 'Groupon', '?', 'https', ':', '//t.co/XeHkT0p8ox'];"Who loves a Groupon ?

";False;46;6;False;False;False;0.0;False;0.10869565217391304;False;False;neg;0.8;2294;8766;13165;5710;False;True;True;0.0
854320916238565376;['@', 'Gem2Gen14', '@', 'Groupon', 'trouble-', 'packages', 'delivered', 'think', 'lost', 'faith', 'Groupon', 'usi…', 'https', ':', '//t.co/YAndxYfkuD'];@Gem2Gen14 @Groupon having the same trouble- no packages delivered and I think I have lost faith in Groupon for usi… ;False;140;15;False;False;False;0.0;True;0.07142857142857142;False;True;neg;1.0;1586;10671;1110;1126;False;True;True;0.0
854321405588115457;['Still', 'searching', 'coupon', 'codes', 'online', '?', 'Honey', 'finds', 'coupon', 'codes', 'stores', 'like', 'Groupon', '!', 'Check', ':', 'https', ':', '//t.co/iBlVv2M4qP'];Still searching for coupon codes online? Honey finds me coupon codes at stores like Groupon! Check it out:  ;False;131;19;True;True;False;0.0;True;0.061068702290076333;False;False;neg;1.0;727;5045;246;271;False;True;False;0.0
854321741547671554;['$', '5', '$', '10', 'Target', 'eGiftCard', '-', 'https', ':', '//t.co/jYviVXAzHd', 'get', 'email', 'inviting', 'purchase', ',', 'denied', '.', '#', 'WTF'];$5 for a $10 Target eGiftCard  -    I get this email inviting me to purchase this, then I was denied. #WTF;False;129;19;False;False;False;0.0;True;0.10077519379844961;True;False;pos;1.0;1761;1276;65;151;False;True;False;0.0
854322371888545793;['GROUPON', ':', 'Deductions', 'Deals', '–', '80', '%', '(', 'Apr', '17-18', ')', 'https', ':', '//t.co/F6kqrfSMOK'];GROUPON: Deductions on Deals – Up to 80% Off (Apr 17-18) ;True;80;14;False;False;False;0.0;False;0.2125;False;False;neg;0.8;915;71353;10022;5869;False;True;True;0.0
854323113106055168;"['Groupon', 'Beauty', '&', 'amp', ';', 'Wellness', '80', '%', 'today', '–', 'codes', '!', 'https', ':', '//t.co/7t8ECaxu4S']";"Groupon Beauty &amp; Wellness up to 80% off today – no codes! ";False;85;15;False;True;False;0.0;False;0.07058823529411765;False;False;pos;0.6;2145;27687;274;23;False;False;True;0.0
854326633737728000;['groupon', 'lit'];groupon is lit;False;14;2;False;False;False;0.0;False;0.0;False;False;neg;0.8;1965;10144;380;348;False;True;False;0.0
854326966010261504;['$', '10', 'Target', 'eGift', 'Card', '$', '5', '(', 'Groupon', ')', '--', 'Invite', 'YMMV', 'https', ':', '//t.co/b3GKYFIHKw'];$10 Target eGift Card for $5 (Groupon) -- Invite only YMMV ;False;82;16;False;False;False;0.0;False;0.1951219512195122;False;False;neg;1.0;640;18314;82;0;False;True;False;0.0
854327021740191744;['Marking', 'favorites', 'Groupon', 'speak', '.'];Marking all my favorites on Groupon as we speak.;False;48;5;False;False;False;0.0;True;0.041666666666666664;False;False;neg;0.8;2061;56271;600;257;False;False;False;0.0
854327101331296256;['boyfriend', 'calls', 'Groupon', 'queen', '.', 'knows', '.'];My boyfriend calls me the Groupon queen. He knows what it is.;False;61;7;False;False;False;0.0;True;0.04918032786885246;False;False;neg;1.0;2061;56272;600;257;False;False;False;0.0
854327226938085376;['Screw', ',', 'Groupon', 'ad', 'Youtube', '.', '/like/', 'cook', '.'];Screw you, Groupon ad on Youtube. I /like/ to cook.;False;51;9;False;False;False;0.0;True;0.0784313725490196;False;False;neg;0.8;3750;59673;718;2354;False;True;True;0.0
854327429128527875;['Groupon', 'Cl', 'Cmn', '(', 'GRPN', ')', ':', 'Volume', 'Topping', 'List', 'https', ':', '//t.co/HWjQ3h9w9S'];Groupon Cl A Cmn (GRPN): Volume Topping List ;False;68;13;False;False;False;0.0;False;0.22058823529411764;False;False;neg;0.8;2326;54221;10360;10726;False;True;False;0.0
854327900836954112;['@', 'Groupon', 'waiting', 'garden', 'furniture', 'almost', 'month', '!', 'Awful', 'customer', 'service', 'call', '.', 'want', 'refund', 'asap', '!'];@Groupon I have now been waiting for garden furniture for almost a month! Awful customer service when you call. I want a refund asap!;False;133;17;False;True;True;0.0;True;0.03007518796992481;False;False;neg;1.0;2553;154;81;242;False;False;False;0.0
854328945193263104;['$', '10', 'Target', 'eGift', 'Card', '$', '5', '(', 'Groupon', ')', '—', 'Invite', 'YMMV', 'https', ':', '//t.co/eDXCn3AXyL'];$10 Target eGift Card for $5 (Groupon) — Invite only YMMV ;False;81;16;False;False;False;0.0;False;0.18518518518518517;False;False;neg;1.0;2449;30932;421;48;False;True;True;0.0
854329333732790272;"['@', 'YungWildNEE', ""'s"", 'Lit', '.', 'Asked', ""'s"", 'Tickets', 'Groupon', ""'m"", 'Trying', 'See', ""'s"", 'Nice', 'Purchase', '.']";@YungWildNEE She's Lit. I Asked Because It's Tickets On Groupon But I'm Trying See If It's Nice Before I Purchase.;False;114;16;False;False;False;0.0;True;0.21052631578947367;False;False;pos;1.0;2812;112548;736;560;False;True;False;0.0
854329634091040768;"['Check', 'amazing', 'offers', 'Groupon', '&', 'amp', ';', 'Wowcher', '!']";"Check out our amazing offers on Groupon &amp; Wowcher!";False;54;9;False;True;False;0.0;False;0.05555555555555555;False;False;pos;1.0;292;345;93;108;False;True;True;0.0
854329953973813248;['FREESTYLE', 'BOOM-', 'GROUPON', 'SALE', '$', '24TIX', '.', 'https', ':', '//t.co/MR31C8todv'];FREESTYLE BOOM- GROUPON SALE $24TIX. ;False;60;10;False;False;False;0.0;False;0.5;False;False;neg;0.8;1546;3382;13083;1495;False;False;True;0.0
854330009472970752;['Like', 'Bitcoin', 'Groupon', 'better', '!', 'https', ':', '//t.co/Xb3wBkzT2s', 'https', ':', '//t.co/TPyYsnLqRs'];Like Bitcoin and Groupon but better!   ;True;85;11;False;True;False;0.0;False;0.12941176470588237;False;False;pos;0.6;3066;409413;52894;48236;False;True;True;0.0
854330079102500864;['Like', 'Bitcoin', 'Groupon', 'better', '!', 'https', ':', '//t.co/tC82lMoreE', 'https', ':', '//t.co/MhXE2qdE2o'];Like Bitcoin and Groupon but better!   ;True;85;11;False;True;False;0.0;False;0.11764705882352941;False;False;pos;0.6;1038;227880;81050;79454;False;True;True;0.0
854330434536296453;['@', 'oTown92', 'gel', 'stuff', 'u', 'get', 'ur', 'dentist', '!', 'even', 'make', 'u', 'custom', 'retainers', '.', 'u', 'order', 'onlin…', 'https', ':', '//t.co/zsUIbKH1Zd'];@oTown92 The gel stuff u can get it from ur dentist! They even make u custom retainers for it. Or u can order onlin… ;False;140;21;False;True;False;0.0;True;0.06428571428571428;False;True;pos;0.6;2148;376;380;269;False;False;True;0.0
854331183328526336;['GROUPON', ':', 'Deductions', 'Deals', '–', '80', '%', '(', 'Apr', '17-18', ')', 'https', ':', '//t.co/ftfr9pfaxq'];GROUPON: Deductions on Deals – Up to 80% Off (Apr 17-18) ;True;80;14;False;False;False;0.0;False;0.15;False;False;neg;0.8;464;23990;2676;1856;False;True;True;0.0
854331381312245761;"['@', 'miketrudell', 'get', 'Jet', 'Talon', '(', 'Sorry', 'misspell', ')', ':', 'Youth', ""'s"", 'Straight', 'Outta', 'School', 'Tees', '-', 'https', ':', '//t.co/3AISTlidoo']";@miketrudell You should get these for Jet and Talon (Sorry for misspell): Youth's Straight Outta School Tees  -  ;False;136;20;False;False;False;0.0;True;0.09558823529411764;False;False;pos;1.0;1153;10057;251;191;False;True;False;0.0
854331438820450304;['Groupon', ':', '$', '10', 'Target', 'eGift', 'Card', '$', '5', '(', 'Select', 'Email', 'Subscribers', ')', 'https', ':', '//t.co/tn0XHGzIVW'];Groupon: $10 Target eGift Card ONLY $5 (Select Email Subscribers Only) ;False;94;17;False;False;False;0.0;False;0.19148936170212766;False;False;neg;0.8;3004;112288;32288;240;False;True;True;0.0
854331755901464577;['@', 'GrouponHelpUS', 'business', 'tells', 'GROUPON', 'longer', 'honor', '.', 'want', 'refund', 'immediately', '.'];@GrouponHelpUS that the business tells me that GROUPON will no longer honor. I want a refund immediately.;False;105;12;False;False;False;0.0;True;0.11428571428571428;False;False;neg;1.0;838;3947;58;113;False;False;False;0.0
854331806627311617;['tried', '@', 'cycledmd', '?', 'Thx', '#', 'groupon', ',', 'finished', '2nd', '5', 'classes', '#', 'silverspring…', 'https', ':', '//t.co/AtklA0PaUt'];Have you tried @cycledmd? Thx to #groupon, I just finished my 2nd of 5 classes in #silverspring… ;False;120;17;True;False;False;0.0;True;0.058333333333333334;True;True;neg;1.0;3010;5398;961;1537;False;True;True;0.0
854331820099371009;['#', 'Mens', '#', 'Vintage', '#', 'Cargo', 'Utility', '#', 'Shorts', '#', 'Belt', '.', '#', 'Groupon', 'price', ':', '$', '14.99', '.', 'ShopHere', ':', 'https', ':', '//t.co/M54Jzy9YtM…', 'https', ':', '//t.co/OpXhsMKwM6'];#Mens #Vintage #Cargo Utility #Shorts with #Belt. #Groupon price: $14.99. ShopHere: ;False;131;27;False;False;False;0.0;False;0.13740458015267176;True;True;neg;0.8;1313;1776;132;114;False;True;False;0.0
854331949418250240;"['``', 'staff', 'super', 'friendly', ',', 'beers', 'excellent', '.', ""'re"", 'unique', 'brewery', 'cool', '...', ""''"", '@', 'Groupon', '#', 'HappyCustomer']";"""Not only were the staff super friendly, but the beers were excellent. They're a very unique brewery with a cool..."" @Groupon #HappyCustomer";False;140;18;False;False;False;0.0;True;0.03571428571428571;True;False;pos;1.0;1045;1190;919;1352;False;True;True;0.0
854332104120950785;"['``', 'Great', 'food', ',', 'beer', 'dog', 'friendly', '!', '!', ""''"", '@', 'Groupon', '#', 'HappyCustomer']";"""Great food, beer and dog friendly!!"" @Groupon #HappyCustomer";False;61;14;False;True;True;0.0;False;0.06557377049180328;True;False;pos;0.8;1045;1191;919;1352;False;True;True;0.0
854332190175506432;['GROUPON', ':', 'Deductions', 'Deals', '–', '80', '%', '(', 'Apr', '17-18', ')', 'https', ':', '//t.co/45t5tJsH3s'];GROUPON: Deductions on Deals – Up to 80% Off (Apr 17-18) ;True;80;14;False;False;False;0.0;False;0.175;False;False;neg;0.8;465;30026;4850;5336;False;True;True;0.0
854332455670632449;['Part', 'Equity', 'Allocation', '?', '-', 'Groupon', ',', 'Inc.', '(', 'GRPN', ')', ',', 'Globalstar', ',', 'Inc.', '(', 'GSAT', ')', 'https', ':', '//t.co/FZSTiP5Iqt'];Should These Be Part Of Your Equity Allocation? - Groupon, Inc. (GRPN), Globalstar, Inc. (GSAT) ;False;119;21;True;False;False;0.0;False;0.2184873949579832;False;False;neg;0.8;2326;54222;10360;10726;False;True;False;0.0
854332644015734784;['Coffee', 'House', '@', '38', '%', '–', 'Surat', 'Nearbuy', 'Groupon', 'Discount', ':', 'Coffee', 'House', '@', '38', '%', '–', 'Surat…', 'https', ':', '//t.co/KULeRQPEBG', '#', 'Deals', '#', 'Coupons'];The Coffee House @ 38% off – Surat Nearbuy Groupon Discount: The Coffee House @ 38% off – Surat…  #Deals #Coupons;False;136;25;False;False;False;0.0;False;0.16176470588235295;True;False;pos;1.0;884;31045;136;220;False;True;True;0.0
854332646167420932;['Dezire', 'Sugarless', 'Delights', '@', '7', '%', '–', 'India', 'Nearbuy', 'Groupon', 'Discount', ':', 'Dezire', 'Sugarless', 'Delights…', 'https', ':', '//t.co/EtjhrO6Vmc', '#', 'Deals', '#', 'Coupons'];Dezire Sugarless Delights @ 7% off – All India Nearbuy Groupon Discount: Dezire Sugarless Delights…  #Deals #Coupons;False;139;22;False;False;False;0.0;False;0.11510791366906475;True;False;pos;1.0;884;31046;136;220;False;True;True;0.0
857250433991147520;['hey', 'blakeells', ',', 'may', 'want', 'check', 'https', ':', '//t.co/YcwU2z8VHw', 'latest', 'updates', '#', 'MusicFestival', '?', 'https', ':', '//t.co/VrHrfGOsoL'];hey blakeells, you may want to check  for latest updates on #MusicFestival ? ;False;124;17;False;False;False;0.0;True;0.08870967741935484;True;True;pos;0.8;365;20404;1848;825;False;True;True;0.0
857250437925228545;"['Teradata', 'Corporation', ""'s"", '(', 'TDC', ')', 'Swings', 'Diverse', 'Level', 'Beta', 'Groupon', ',', 'Inc.', ""'s"", '(', 'GRPN', ')', 'https', ':', '//t.co/QbH3kYEGZr']";Teradata Corporation's (TDC) Swings on Diverse Level of Beta With Groupon, Inc.'s (GRPN) ;False;112;20;False;False;False;0.0;False;0.19642857142857142;False;False;neg;0.8;2326;54362;10353;10725;False;True;False;0.0
857250540094357504;['excited', '#', 'ILoveKickboxing', 'opening', 'studio', '#', 'SugarLand', '!', 'snagged', 'awesome', '@', 'groupon', '??', 'https', ':', '//t.co/qGDbzmlmve'];So excited about #ILoveKickboxing opening a studio here in #SugarLand! Just snagged this awesome @groupon ?? ;False;132;16;False;True;False;0.0;False;0.06818181818181818;True;False;pos;1.0;2738;13795;1336;1115;False;True;True;0.0
857250543328264192;"['@', 'motahboatah', 'Ya', ""'s"", 'behind', 'fuddruckers', '!', ""'s"", 'Groupon', ',', ""'s"", '$', '50', '10', 'classes', 'think']";@motahboatah Ya it's behind fuddruckers! There's a Groupon for it, it's $50 for 10 classes I think;False;98;16;False;True;False;0.0;True;0.04081632653061224;False;False;pos;1.0;2936;22488;822;820;False;True;False;0.0
857250742289268737;['@', 'Groupon', 'made', 'numerous', 'attempts', 'get', 'credit', 'equal', 'value', 'business', 'respond', 'neither', '.'];@Groupon I have made numerous attempts to get a credit of equal value because the business will not respond to neither myself nor you.;False;134;13;False;False;False;0.0;True;0.014925373134328358;False;False;pos;1.0;284;556;11;30;False;True;False;0.0
857250967569518597;['Move', ',', 'Groupon', 'https', ':', '//t.co/Xb3wBkzT2s', 'https', ':', '//t.co/YZMuQqvy81'];Move over, Groupon  ;True;66;9;False;False;False;0.0;False;0.13636363636363635;False;False;neg;0.8;3066;414081;52851;48230;False;True;True;0.0
857250972204249088;['Move', ',', 'Groupon', 'https', ':', '//t.co/tC82lMoreE', 'https', ':', '//t.co/X8iYkZMqsh'];Move over, Groupon  ;True;66;9;False;False;False;0.0;False;0.13636363636363635;False;False;neg;0.8;1038;233640;80982;79398;False;True;True;0.0
857251124365099008;"['Check', '!', '``', 'One', 'Adult', 'Child', 'Visit', 'Ripley', ""'s"", 'Believe', '!', 'Odditorium', '-', '47', '%', ""''"", '-', 'https', ':', '//t.co/XsW2Jix7Ar']";"Check it out! ""One Adult or Child Visit to the Ripley's Believe It or Not! Odditorium  - Up to 47% Off"" -  ";False;130;20;False;True;True;0.0;True;0.12307692307692308;False;False;neg;0.8;2995;7429;6516;2109;False;True;True;2.0
857251453139902465;['Groupon', '20', '%', 'Local', 'Deals', '3', 'Days', '!', 'https', ':', '//t.co/HZV2hbo5wx', '#', 'GrouponDeal'];Groupon up to 20% Off Local Deals 3 Days ONLY!  #GrouponDeal;False;83;13;False;True;False;0.0;False;0.1686746987951807;True;False;neg;1.0;2955;42908;3172;3479;False;False;True;0.0
857251822909698048;['@', 'flxraldaydream', '@', 'MissFameNYC', 'need', 'enter', 'email', 'address', 'used', 'buy', 'general', 'tix', 'code', 'acce…', 'https', ':', '//t.co/Uz41P2Tqho'];@flxraldaydream @MissFameNYC You need to enter your email address used to buy your general tix as your code to acce… ;False;140;17;False;False;False;0.0;True;0.06428571428571428;False;True;pos;1.0;181;2124;2989;1179;False;True;True;0.0
857251916815925248;"['$', '17', '$', '30', 'Worth', 'Italian', 'Food', 'Angelo', ""'s"", 'Burien', '-', 'https', ':', '//t.co/g3rtOKaIFl', '#', 'TasteofGroupon', '#', 'Italian', '#', 'datenight']";$17 for $30 Worth of Italian Food at Angelo's of Burien -   #TasteofGroupon #Italian #datenight;False;118;20;False;False;False;0.0;False;0.1016949152542373;True;False;neg;0.8;2207;1756;79;592;False;True;False;0.0
857252215861370883;['JP', 'Hotel', 'Resorts', '–', 'India', 'Nearbuy', 'Groupon', 'Discount', ':', 'JP', 'Hotel', 'Resorts', '–', 'India', 'Nearbuy…', 'https', ':', '//t.co/g3utEgZ1Y7', '#', 'Deals', '#', 'Coupons'];JP Hotel and Resorts – All India Nearbuy Groupon Discount: JP Hotel and Resorts – All India Nearbuy…  #Deals #Coupons;False;140;22;False;False;False;0.0;False;0.15;True;False;neg;0.8;884;31353;136;225;False;True;True;0.0
857252952343429122;['77', '%', 'Low-Testosterone', 'Lab', 'Test', 'https', ':', '//t.co/zlAC2PZqMg', 'https', ':', '//t.co/UR939MYe0F'];77% Off Low-Testosterone Lab Test  ;False;81;11;False;False;False;0.0;False;0.18518518518518517;False;False;neg;0.8;216;28256;552;0;False;True;False;0.0
857253191389413376;['#', 'NVW', ',', 'Grouponsultation', 'pro', 'bono', 'teams', 'meet', 'local', 'nonprofits', 'help', 'advance', 'missions.…', 'https', ':', '//t.co/sODBCJVtDx'];During #NVW, Grouponsultation pro bono teams meet with local nonprofits to help them advance their missions.… ;False;133;16;False;False;False;0.0;True;0.09022556390977443;True;True;neg;1.0;2633;21657;150160;1800;True;True;True;1.0
857253386818916352;['Groupon', ':', '#', 'NVW', ',', 'Grouponsultation', 'pro', 'bono', 'teams', 'meet', 'local', 'nonprofits', 'help', 'advance', 'missio…', 'https', ':', '//t.co/xiT8gP5oWu'];Groupon : During #NVW, Grouponsultation pro bono teams meet with local nonprofits to help them advance their missio… ;False;140;18;False;False;False;0.0;True;0.06428571428571428;True;True;neg;1.0;630;9602;81;82;False;True;True;0.0
857254002848911362;['Hi', 'dude', '!', '?', 'love', 's??', 'tourism', '.', 'Soon', 'ur', 'city', 'Send', 'letter', '??', 'https', ':', '//t.co/5qGRRV989X', 'https', ':', '//t.co/znLoStf0T8'];Hi there dude! ? I love s?? tourism. Soon I will be in ur city Send me letter ??  ;False;128;20;False;True;False;0.0;True;0.1015625;False;True;pos;1.0;9;488;0;0;False;False;False;
857254141772652544;['@', 'Danisdatman', 'get', 'discounts', 'groupon', '?', '?'];@Danisdatman can I get any discounts on groupon??;False;49;7;True;False;True;0.0;True;0.04081632653061224;False;False;pos;1.0;806;4324;156;155;False;True;True;0.0
857254177734524928;"['One', '60-Minute', 'Couples', 'Massage', 'Optional', 'Mini', 'Facial', ""'"", 'Therapy', '(', 'Massage', 'Spa', 'Clinic', ')', '(', '48', 'Percent', ')', 'https', ':', '//t.co/bpGDhb9ToA']";One 60-Minute Couples Massage with Optional Mini Facial at Ma' Therapy (Massage Spa Clinic)(Up to 48 Percent Off)  ;False;138;21;False;False;False;0.0;False;0.13768115942028986;False;False;neg;0.8;2801;271;10;6;False;False;False;0.0
857254296219529216;['@', 'Groupon', 'account', 'used', 'unauthorized', 'purchase', 'customer', 'service', 'unhelpful', '.', 'help', '?'];@Groupon my account was used in unauthorized purchase and your customer service is being unhelpful. Can you help?;False;113;12;True;False;False;0.0;True;0.017699115044247787;False;False;pos;1.0;1182;140;17;18;False;True;False;0.0
857255267867799553;['3.0', '%', '.', '9.0', '%', 'Cash', 'Back', 'everything', 'bought', 'Groupon', '.', 'Limited', 'time', ',', 'act', 'fast.https', ':', '//t.co/JTyHsCgFwZ'];was 3.0% . Now 9.0% Cash Back on everything bought on Groupon. Limited time only, act fast.;False;114;18;False;False;False;0.0;False;0.09649122807017543;False;False;neg;1.0;30;1865;2277;50;False;True;True;0.0
857255456980353024;['Morgan', 'Stanley', 'Cuts', 'Groupon', '(', 'NDAQ', ':', 'GRPN', ')', '“Underweight”', ',', 'Riverpark', 'Advisors', 'Upped', '...', 'https', ':', '//t.co/rSePXZG1vp'];Morgan Stanley Cuts Groupon (NDAQ:GRPN) To “Underweight”, Riverpark Advisors Has Upped ... ;False;114;18;False;False;False;0.0;False;0.20175438596491227;False;False;neg;0.8;2326;54363;10353;10725;False;True;False;0.0
857256216958992384;"['Get75', '%', 'Melange', 'Aesthetics', 'love', 'skin', ""'re"", '!', '#', 'AboutFace', '!', 'https', ':', '//t.co/ckilXCkbR7']";Get75% off at Melange Aesthetics and love the skin you're in! #AboutFace!  ;False;98;14;False;True;True;0.0;True;0.08163265306122448;True;False;neg;0.8;1624;317;4;0;False;True;False;0.0
857257044532965378;['Hillsong', 'Young', 'Free', ':', 'Youth', 'Revival', 'Tour', 'Friday', ',', 'May', '12', ',', '7', 'p.m.', '-', 'https', ':', '//t.co/mtVU6O0V2f'];Hillsong Young and Free: Youth Revival Tour on Friday, May 12, at 7 p.m. -  ;False;99;18;False;False;False;0.0;False;0.12121212121212122;False;False;neg;0.8;131;217;5;102;False;False;False;0.0
857257439644856320;"['@', 'Groupon', '@', 'GrouponHelpUS', 'Either', 'code', 'FAMILY', 'working', ',', 'need', 'make', 'list', 'works', 'since', 'nothing', '``', 'accepted', ""''""]";"@Groupon @GrouponHelpUS Either your code FAMILY is not working, or you need to make a list of what it works on since nothing is ""accepted""";False;138;18;False;False;False;0.0;True;0.08695652173913043;False;False;pos;1.0;2122;2618;249;348;False;True;True;0.0
857257671933792257;['@', 'LenaRequist', ',', 'Move', ',', 'Groupon', 'https', ':', '//t.co/tC82lMoreE'];@LenaRequist, Move over, Groupon ;False;56;9;False;False;False;0.0;False;0.125;False;False;pos;1.0;1038;233651;80983;79396;False;True;True;0.0
857257699058352129;"['@', 'kairex', 'think', ""'s"", 'ended', 'second', 'Groupon', 'account', 'keyed', 'Philadelphia', '.', 'gets', 'greatest', 'incentives', '.']";@kairex I think that's how I ended up with a second Groupon account keyed to Philadelphia. It gets the greatest incentives.;False;123;15;False;False;False;0.0;True;0.04065040650406504;False;False;pos;1.0;2448;13924;527;423;False;True;True;0.0
857257716590555137;['@', 'GTweeddale', 'Hi', ',', 'sorry', 'trouble', '.', 'Email', 'us', 'sm.support', '@', 'groupon.co.uk', 'we’ll', 'try', 'best', 'resolve', 'matter', '.', 'Thanks', '.'];@GTweeddale Hi , sorry for the trouble . Email us at sm.support@groupon.co.uk and we’ll try our best to resolve this matter. Thanks.;False;132;20;False;False;False;0.0;True;0.03787878787878788;False;False;neg;1.0;2675;33581;20654;3407;True;True;True;0.0
857258194472771584;"['Groupon', 'deal', 'DNA', 'tests', 'soon', ""'ll"", 'know-', 'picture', 'us', 'filling', 'census', 'last', 'year', '``', 'many', 'or…', 'https', ':', '//t.co/2xOsqzx7to']";"Groupon had a deal on DNA tests so soon we'll know- this picture is us filling out the census last year ""as many or… ";False;140;19;False;False;False;0.0;True;0.03571428571428571;False;True;neg;1.0;2403;1936;112;966;False;True;True;0.0
857258220691259392;['@', 'mbodman92', 'Hi', ',', 'sorry', 'trouble', '.', 'Email', 'us', 'sm.support', '@', 'groupon.co.uk', 'we’ll', 'try', 'best', 'resolve', 'matter', '.', 'Thanks', '.'];@mbodman92 Hi ,sorry for the trouble . Email us at sm.support@groupon.co.uk and we’ll try our best to resolve this matter. Thanks.;False;130;20;False;False;False;0.0;True;0.023076923076923078;False;False;neg;1.0;2675;33582;20654;3407;True;True;True;0.0
857258344846897154;"[""'ve"", 'toooo', 'sleep', 'Groupon', '?']";I've been toooo sleep on Groupon ?;False;34;5;False;False;False;-0.093;True;0.058823529411764705;False;False;neg;1.0;2147;61859;2032;586;False;True;False;
857258549797412864;"['Groupon', '20', '%', 'Local', 'Deals', ';', 'Kosher', 'Restaurant', 'Groupon', 'Roundup', 'https', ':', '//t.co/wLYpn7g121']";"Groupon 20% Off Local Deals; Kosher Restaurant Groupon Roundup  ";False;87;13;False;False;False;0.0;False;0.11494252873563218;False;False;neg;0.8;2966;16765;81582;7;True;True;True;0.0
857258768219815936;['62', '%', 'Admission', 'Workshop', 'EatGood', 'FeelGood', 'https', ':', '//t.co/hw5tsy9Uk8', 'https', ':', '//t.co/zh4OaYQbMq'];Up to 62% Off Admission to Workshop at EatGood FeelGood  ;False;103;12;False;False;False;0.0;False;0.1262135922330097;False;False;neg;0.8;518;114181;3302;1342;False;True;True;0.0
857259465476685824;['87', '%', 'Custom', 'Orthotics', 'Stephanie', 'Shaw', 'Chiropractic', 'https', ':', '//t.co/mPg0NNBrQX', 'https', ':', '//t.co/RtYxAaMVgb'];87% Off Custom Orthotics at Stephanie Shaw Chiropractic  ;False;103;13;False;False;False;0.0;False;0.1650485436893204;False;False;neg;0.8;431;74208;2838;4158;False;True;True;0.0
857259527292338176;"['#', 'Groupon', '#', 'Canada', '$', '10', 'W/', '#', 'promocode', 'WELCOME', '--', '&', 'gt', ';', 'https', ':', '//t.co/kCiYQT3aGg', '#', 'Golf', '#', 'Spa', '#', 'Travel', 'https', ':', '//t.co/qeBN9k9Be1']";"#Groupon #Canada $10 Off W/ #promocode WELCOME --&gt;  #Golf #Spa #Travel ";False;120;26;False;False;False;0.0;False;0.18333333333333332;True;False;neg;0.8;423;466;70;364;False;True;True;0.0
857259587174641664;['39', '%', 'Pizza', '123', 'Pizza', 'https', ':', '//t.co/gpFWKMVJxx', 'https', ':', '//t.co/l9KsdtCQmf'];Up to 39% Off Pizza at 123 Pizza  ;False;80;11;False;False;False;0.0;False;0.1625;False;False;neg;0.8;394;41670;866;1018;False;True;False;0.0
857259617662926848;"['@', 'sjforsythe2', ""'re"", 'sorry', 'trouble', '.', 'Please', 'email', 'support.sm', '@', 'groupon.com', 'Social', 'Care', 'team', 'take', 'another', 'look', 'issue', '.']";@sjforsythe2 We're sorry for any trouble. Please email support.sm@groupon.com and our Social Care team can take another look at your issue.;False;139;19;False;False;False;0.0;True;0.02877697841726619;False;False;neg;1.0;335;4982;1256;42;True;True;True;0.0
857260375393390592;"['Groupon', ':', 'Friends', '&', 'amp', ';', 'Family', 'Sale', 'Save', '20', '%', 'https', ':', '//t.co/SjPuVLUsQi']";"Groupon: Friends &amp; Family Sale Save Up To 20% Off ";False;77;14;False;False;False;0.0;False;0.18181818181818182;False;False;pos;0.6;1647;24570;580;22;False;True;True;0.0
857260869528547328;['@', 'torrey_oconnor', '@', 'Groupon', 'codes', 'Diggity', 'Doggos', '?'];@torrey_oconnor do you have @Groupon codes for your Diggity Doggos?;False;67;8;True;False;False;0.0;True;0.04477611940298507;False;False;neg;1.0;1402;11868;346;879;False;True;True;
857260872925929472;['@', 'callaghanjodie', 'apologize', 'trouble', '.', 'Please', 'DM', 'us', 'email', 'address', 'use', 'Groupon', ',', 'take', 'look', 'issue', '.'];@callaghanjodie We apologize for the trouble. Please DM us with the email address you use on Groupon, and we can take a look at this issue.;False;139;17;False;False;False;0.0;True;0.03597122302158273;False;False;pos;1.0;335;4983;1256;42;True;True;True;0.0
857260939153944576;['oh', 'god…', 'check', 'out??', 'https', ':', '//t.co/4nJwRbTUQI'];oh my god… check it out?? ;False;49;7;False;False;False;0.0;True;0.12244897959183673;False;True;neg;1.0;2922;778;8;163;False;True;False;0.0
857261048105234432;['@', 'torrey_oconnor', 'Groupon', 'codes', 'Diggity', 'Doggos', '?'];@torrey_oconnor do you have Groupon codes for your Diggity Doggos?;False;66;7;True;False;False;0.0;True;0.045454545454545456;False;False;neg;1.0;1402;11868;346;879;False;True;True;0.0
857261585118658560;"['``', 'Nail', 'technician', 'wonderful', '-', 'really', 'fantastic', 'experience', '.', ""''"", '@', 'Groupon', '#', 'HappyCustomer']";"""Nail technician was wonderful - really fantastic experience."" @Groupon #HappyCustomer";False;86;14;False;False;False;0.0;False;0.046511627906976744;True;False;pos;1.0;2909;1160;231;229;False;False;True;0.0
857261616651546626;"['``', 'Rosie', 'absolutely', 'wonderful', 'professional', '!', 'Highly', 'recommend', 'salon', '!', ""''"", '@', 'Groupon', '#', 'HappyCustomer']";"""Rosie was absolutely wonderful and professional!  Highly recommend this salon!"" @Groupon #HappyCustomer";False;104;15;False;True;True;0.0;False;0.04807692307692308;True;False;pos;1.0;2909;1161;231;229;False;False;True;0.0
857261790966816769;['#', 'Groupon', 'friends', 'family', 'sale', '!', 'Grab', 'deals', ':', 'https', ':', '//t.co/TzNG4ZYFL4'];#Groupon is having a friends and family sale! Grab your deals now: ;True;90;12;False;True;False;0.0;False;0.1;True;False;pos;1.0;2045;11175;3579;3432;False;True;True;0.0
857262395701329920;['#', 'sendingback', '#', 'clothes', '#', 'oldnavy', '#', 'Groupon', 'box', 'sealed', '#', 'washitape…', 'https', ':', '//t.co/FvMt7gYlhp'];#sendingback #clothes to #oldnavy in a #Groupon box sealed with #washitape… ;False;99;15;False;False;False;0.0;False;0.04040404040404041;True;True;neg;0.8;778;1168;336;673;False;True;True;0.0
857263068618862592;"[""'ve"", 'always', 'wanted', 'one', '.', 'ever', 'tried', 'painting', 'class', '?', 'https', ':', '//t.co/fph3zihyxt']";We've always wanted to do one of these. Have you ever tried a painting class? ;False;101;13;True;False;False;0.0;True;0.019801980198019802;False;False;neg;1.0;1378;1009;380;965;False;True;True;0.0
857263265570840577;['#', 'Groupon', 'friends', 'family', 'sale', '!', 'Grab', 'deals', ':', 'https', ':', '//t.co/pBLi7boQUv'];#Groupon is having a friends and family sale! Grab your deals now: ;True;90;12;False;True;False;0.0;False;0.06666666666666667;True;False;pos;1.0;2263;17803;6314;6417;False;True;True;0.0
857263562904961026;['wooow..', 'dat', 'awesome…', '?', 'https', ':', '//t.co/PTX4MHhmXX'];wooow.. dat awesome… ? ;False;46;7;False;False;False;0.0;False;0.15217391304347827;False;True;neg;1.0;1560;885;5;435;False;True;False;0.0
857263662796558336;['Bout', 'check', 'groupon', 'coupon', 'LASIK', 'eye', 'surgery', '...', '\U0001f937?\u200d??'];Bout to check groupon for a coupon for LASIK eye surgery... ?????;False;65;9;False;False;False;0.0;False;0.09230769230769231;False;False;neg;0.8;2750;6034;389;132;False;True;True;0.0
857263683537383424;['Tickets', 'May', '13', 'Brick', 'PAL', 'available', '@', 'Groupon', ':', 'https', ':', '//t.co/r9k3e64kNq', '#', 'WWE', '#', 'NXT', '#', 'TNA', '#', 'CZW', '#', 'ECW…', 'https', ':', '//t.co/LjmS1hTgsV'];Tickets for May 13 at THE Brick PAL now available on @Groupon :  #WWE #NXT #TNA #CZW #ECW… ;False;137;25;False;False;False;0.0;False;0.21897810218978103;True;True;pos;1.0;491;1444;803;95;False;True;True;2.0
857263773287055362;['@', 'Groupon_CO', '@', 'Groupon', 'Bought', 'groupon', 'dinner', '.', 'confirmation', 'yet', '.', 'Kindly', 'assist', '.'];@Groupon_CO @Groupon Bought from groupon for dinner. No confirmation yet. Kindly assist.;False;88;14;False;False;False;0.0;False;0.07954545454545454;False;False;pos;1.0;302;56;21;309;False;True;False;0.0
857264741617676288;"[""'m"", 'Groupon', 'see', 'Rick', 'Ross', '44', '%', 'concert', '?']";I'm on Groupon and I see that Rick Ross has a 44% off for his concert ?;False;71;9;False;False;False;-0.093;True;0.07042253521126761;False;False;neg;1.0;2847;59698;1295;479;False;True;False;0.0
857265421128536065;['money', 'needed', 'join', '!', 'like', 'groupon', 'bitcoin', '!', 'Join', 'today', '!', 'https', ':', '//t.co/Le8h2CGRHl', 'https', ':', '//t.co/NiGxvSSC9H'];"No money needed to join! You like groupon and bitcoin! Join today! 
 ";False;115;17;False;True;True;0.0;True;0.12173913043478261;False;False;neg;0.8;1098;10985;1101;3791;False;True;True;0.0
857266157103050752;"['Groupon', 'Getaways', 'Friends', '&', 'amp', ';', 'Family', 'Sale', ':', 'Extra', '10', '%', '-', 'https', ':', '//t.co/vz3R0kMubL']";"Groupon Getaways Friends &amp; Family Sale: Extra 10% off - ";False;83;16;False;False;False;0.0;False;0.10843373493975904;False;False;pos;0.6;2751;653484;3723;0;False;True;True;0.0
857266184231813122;"['``', 'JBB', 'provided', 'wonderful', 'service', 'moment', 'called', 'redeem', 'Groupon', 'voucher', '.', 'offered', 'multiple', '...', ""''"", '@', 'Groupon', '#', 'HappyCustomer']";"""JBB provided wonderful service from the moment I called to redeem our Groupon voucher. They offered multiple..."" @Groupon #HappyCustomer";False;137;19;False;False;False;0.0;True;0.06569343065693431;True;False;pos;1.0;6;7;0;0;False;False;False;0.0
857266351173513216;"['``', 'Dimitri', 'right', 'time', ',', 'professional', ',', 'explained', 'everything', 'tray', '.', 'definitely', 'use', '...', ""''"", '@', 'Groupon', '#', 'HappyCustomer']";"""Dimitri was right on time, professional, and explained everything tray he was doing.  We will definitely use..."" @Groupon #HappyCustomer";False;137;19;False;False;False;0.0;True;0.0364963503649635;True;False;pos;0.6;6;8;0;0;False;False;False;0.0
857266722268737537;['Check', 'great', 'reviews', ',', ',', 'valued', 'customers', 'Groupon', '!', '!', '!', '!'];Check out all of our great reviews, below,  from our valued customers on Groupon!!!!;False;84;12;False;True;True;0.0;False;0.023809523809523808;False;False;pos;1.0;6;9;0;0;False;False;False;0.0
857267146904219648;"['Planning', 'getting', 'pizza', 'tonight', '?', ""'s"", '45', '%', 'Groupon', 'use', 'Papa', 'John', ""'s"", '.', 'https', ':', '//t.co/xAIWAugSN3']";Planning on getting pizza tonight? Here's a 45% off Groupon that you can use at Papa John's. ;False;116;17;True;False;False;0.0;True;0.09482758620689655;False;False;neg;1.0;384;127;4;14;False;True;False;0.0
857267359433842689;"['@', '_JodyBreeze', '@', 'NotEthiopian', ""'s"", 'Groupon', '.']";@_JodyBreeze @NotEthiopian It's a Groupon.;False;42;7;False;False;False;0.0;True;0.14285714285714285;False;False;pos;1.0;2983;67110;420;462;False;True;True;0.0
857267483102687232;['Brunch', ',', 'Lunch', ',', 'Dinner', 'Oak', 'Room', '-', '43', '%', '.', 'Two', 'Options', 'Available', '.', '-', 'https', ':', '//t.co/fW55Nu5qMu'];Brunch, Lunch, or Dinner at The Oak Room  - Up to 43% Off. Two Options Available.  -  ;False;109;19;False;False;False;0.0;False;0.12844036697247707;False;False;neg;0.8;2032;1334;311;555;False;True;True;0.0
857268100508659713;['Massages', 'good', 'health', '.', 'need', 'know', '?', '#', 'treatyoself', 'https', ':', '//t.co/8TNoMNZgqk'];Massages are good for your health. What more do you need to know? #treatyoself ;False;102;12;True;False;False;0.0;True;0.06862745098039216;True;False;pos;1.0;699;20;2;0;False;False;True;0.0
857268121475796993;['Deals', '–', 'Groupon', ':', 'COLLEGE', 'STUDENTS', 'GET', '25', '%', 'LOCAL', 'DEALS', 'https', ':', '//t.co/cFVPXdDlpn', 'https', ':', '//t.co/trgs8YaSxK'];Deals – Groupon: COLLEGE STUDENTS GET 25% OFF LOCAL DEALS  ;False;105;17;False;False;False;0.0;False;0.3904761904761905;False;False;neg;0.8;1369;90009;280;88;False;False;True;0.0
857268305907900417;['@', 'X_Confucius', 'think', 'saw', 'Groupon', 'D.C', '.'];@X_Confucius I think I saw a Groupon for that here in D.C.;False;58;7;False;False;False;0.0;True;0.1206896551724138;False;False;pos;1.0;2540;132445;1134;992;False;True;False;0.0
857268392742367232;['45', '%', 'Business', 'Consulting', 'Services', 'https', ':', '//t.co/IKj9nTUkUo', 'https', ':', '//t.co/t8ctVV4Gxb'];45% Off Business Consulting Services  ;False;84;11;False;False;False;0.0;False;0.14285714285714285;False;False;neg;0.8;218;41445;833;0;False;True;False;0.0
857268513802784769;['Inn', 'Patriots', '|', 'Groupon', 'https', ':', '//t.co/QYIUvw2jMK', 'https', ':', '//t.co/Ndt1W4Z0Jk'];The Inn of the Patriots | Groupon  ;True;81;10;False;False;False;0.0;False;0.1728395061728395;False;False;neg;1.0;2994;27633;24617;11487;False;True;True;0.0
857268729939460097;['Inn', 'Patriots', '|', 'Groupon', 'https', ':', '//t.co/QYIUvw2jMK', 'https', ':', '//t.co/xLf3vFArWm'];The Inn of the Patriots | Groupon  ;True;81;10;False;False;False;0.0;False;0.1728395061728395;False;False;neg;1.0;2994;27634;24617;11487;False;True;True;2.0
857268996369985536;['Inn', 'Patriots', '|', 'Groupon', 'https', ':', '//t.co/QYIUvw2jMK', 'https', ':', '//t.co/nUt2UIW5lK'];The Inn of the Patriots | Groupon  ;True;81;10;False;False;False;0.0;False;0.18518518518518517;False;False;neg;1.0;2994;27635;24617;11487;False;True;True;0.0
857269229162070016;['#', 'Groupon', 'really', 'coming', '.', '¯\\_', '(', '?', ')', '_/¯', 'https', ':', '//t.co/rTc1gzu8YV'];#Groupon is really coming into their own. ¯\_(?)_/¯ ;False;75;13;False;False;False;0.0;False;0.05333333333333334;True;True;neg;1.0;1881;21770;388;2657;False;True;True;0.0
857269254801956864;['Groupon', 'friends', 'family', 'weekend', '.', 'need', 'get', 'need', 'get', 'getting', 'good', '.'];Groupon friends and family this weekend. I need to get what I need to get while the getting is good.;False;100;12;False;False;False;0.0;True;0.03;False;False;pos;1.0;2964;188841;1147;600;False;True;True;0.0
857269572839362561;"['$', '5', 'Online', 'Beginners', ""'"", 'Guitar', 'Course', 'https', ':', '//t.co/yYq1SiUx9a', '(', '$', '199', 'Value', ')', 'https', ':', '//t.co/HPMJQqpyfY']";$5 for an Online Beginners' Guitar Course from  ($199 Value) ;False;107;18;False;False;False;0.0;False;0.1308411214953271;False;False;neg;0.8;2241;452;127;157;False;True;True;0.0
857270228652367872;['@', 'LFCLegacy', ',', 'Move', ',', 'Groupon', 'https', ':', '//t.co/tC82lMoreE'];@LFCLegacy, Move over, Groupon ;False;54;9;False;False;False;0.0;False;0.16666666666666666;False;False;pos;1.0;1038;233672;80986;79396;False;True;True;0.0
857270278115741696;['?', 'na', 'good', 'deal', 'groupon', 'stopped', '?', 'https', ':', '//t.co/48DCGMC1Aa'];? na they had a good deal on groupon so i stopped by ? ;False;78;10;False;False;False;-0.0865;True;0.07692307692307693;False;True;neg;1.0;1569;20761;514;339;False;True;False;0.0
857270432189358081;"['@', 'SuperiorSupreme', 'Lmfaooooo', '``', 'GROUPON', ""''"", 'son', 'Jew', 'Century']";"@SuperiorSupreme Lmfaooooo "" GROUPON"" son you are the Jew of this Century";False;73;9;False;False;False;0.0;True;0.1643835616438356;False;False;pos;1.0;2079;32667;1069;418;False;True;True;0.0
857270611873120260;"[""'re"", 'Groupon', '!', 'https', ':', '//t.co/AKNU7sQjed']";We're on Groupon! ;False;41;6;False;True;False;0.0;True;0.17073170731707318;False;False;neg;0.8;15;5;1;24;False;False;False;0.0
857270697676210178;['Desk', 'view', '.', '#', 'groupon', '#', 'Schaffhausen', '#', 'beaut', '#', 'worklife', 'https', ':', '//t.co/3W16ZQT6LN'];Desk with a view. #groupon #Schaffhausen #beaut #worklife ;False;81;14;False;False;False;0.0;False;0.09876543209876543;True;False;pos;0.8;2137;9014;253;384;False;True;False;0.0
857271239911632897;['Groupon', 'myth', '#', '1', ':', 'cheap', 'people', 'buy', 'Groupons', '.', 'Truth', ':', 'built', 'thriving', 'practice', 'full', 'paying', 'clients', 'w/', '!', '…', 'https', ':', '//t.co/jhNa3gM2rT'];Groupon myth #1: Only cheap people buy Groupons. Truth: I built a thriving practice of full paying clients w/ it!… ;False;138;24;False;True;False;0.0;True;0.057971014492753624;True;True;pos;1.0;1379;9680;508;201;False;True;True;0.0
857271350150311936;['Groupon', ':', 'Extra', '20', '%', 'Local', 'Deal', '**Great', 'Mother’s', 'Day', 'Gifts**', 'https', ':', '//t.co/hJE4zuxODM', 'https', ':', '//t.co/sMqGYoDxyK'];Groupon: Extra 20% Off ANY Local Deal **Great Mother’s Day Gifts**  ;False;114;17;False;False;False;0.0;False;0.19298245614035087;False;False;neg;0.8;3059;62977;12644;845;False;True;True;0.0
857271476713472000;['$', '30', 'https', ':', '//t.co/63I5dlRi82', 'Flower', 'Voucher', '$', '12', 'AC', '@', 'Groupon', 'https', ':', '//t.co/ZGat7b7dPc', '#', 'FatWallet', '#', 'Deals', '#', 'Coupons…', 'https', ':', '//t.co/VsZgk5wwUH'];$30  Flower Voucher for $12 AC @ Groupon  #FatWallet #Deals #Coupons… ;False;139;24;False;False;False;0.0;False;0.12949640287769784;True;True;pos;1.0;2059;311666;1142;3;False;True;True;0.0
857271552450191360;['@', 'OperaNightclub', 'use', 'groupon', 'deal', 'friday', '4/28', 'show'];@OperaNightclub can we use the groupon deal for friday 4/28 show;False;64;8;False;False;False;0.0;True;0.03125;False;False;pos;1.0;2940;1564;148;218;False;False;False;0.0
857271610851676161;['Secret', 'Discount', '-', 'Groupon', '-', 'https', ':', '//t.co/s0n7Id3fFV', 'https', ':', '//t.co/vC2nEuSU6j'];Secret Discount - Groupon -  ;True;75;11;False;False;False;0.0;False;0.13333333333333333;False;False;neg;0.8;1002;173589;728;314;False;True;True;0.0
857271611262685184;['Secret', 'Discount', '-', 'Groupon', '-', 'https', ':', '//t.co/sI8pNAodfP', 'https', ':', '//t.co/NPOaPgXcJF'];Secret Discount - Groupon -  ;True;75;11;False;False;False;0.0;False;0.18666666666666668;False;False;neg;0.8;969;236347;881;242;False;True;True;0.0
857271707584823296;['Groupon', ':', 'Extra', '20', '%', 'Local', 'Deal', '**Great', 'Mother’s', 'Day', 'Gifts**', 'via', 'SwagGrabber', '-', 'Groupon', '...', 'https', ':', '//t.co/zFP9ADAAlN'];Groupon: Extra 20% Off ANY Local Deal **Great Mother’s Day Gifts** via SwagGrabber - Groupon is ... ;True;123;19;False;False;False;0.0;False;0.17886178861788618;False;False;neg;0.8;2293;113634;1770;1956;False;True;False;0.0
857271748294823936;['Groupon', ':', 'Extra', '20', '%', 'Local', 'Deal', '**Great', 'Mother’s', 'Day', 'Gifts**', 'via', 'SwagGrabber', '-', 'Groupon', '...', 'https', ':', '//t.co/vAXOlAhPNr'];Groupon: Extra 20% Off ANY Local Deal **Great Mother’s Day Gifts** via SwagGrabber - Groupon is ... ;True;123;19;False;False;False;0.0;False;0.17073170731707318;False;False;neg;0.8;2470;95637;296;668;False;False;False;0.0
857271761670483968;['Groupon', ':', 'Extra', '20', '%', 'Local', 'Deal', '**Great', 'Mother’s', 'Day', 'Gifts**', 'via', 'SwagGrabber', '-', 'Groupon', '...', 'https', ':', '//t.co/xcaiCnZK08'];Groupon: Extra 20% Off ANY Local Deal **Great Mother’s Day Gifts** via SwagGrabber - Groupon is ... ;True;123;19;False;False;False;0.0;False;0.14634146341463414;False;False;neg;0.8;2178;96667;346;368;False;True;False;0.0
857271768205197312;['Groupon', ':', 'Extra', '20', '%', 'Local', 'Deal', '**Great', 'Mother’s', 'Day', 'Gifts**', 'via', 'SwagGrabber', '-', 'Groupon', '...', 'https', ':', '//t.co/E3NKZyhy1z'];Groupon: Extra 20% Off ANY Local Deal **Great Mother’s Day Gifts** via SwagGrabber - Groupon is ... ;True;123;19;False;False;False;0.0;False;0.15447154471544716;False;False;neg;0.8;2236;97152;276;426;False;True;True;0.0
857271830985543687;['Groupon', ':', 'Extra', '20', '%', 'Local', 'Deal', '**Great', 'Mother’s', 'Day', 'Gifts**', 'via', 'SwagGrabber', '-', 'Groupon', '...', 'https', ':', '//t.co/KFRrjBx3xr'];Groupon: Extra 20% Off ANY Local Deal **Great Mother’s Day Gifts** via SwagGrabber - Groupon is ... ;True;123;19;False;False;False;0.0;False;0.15447154471544716;False;False;neg;0.8;2099;95122;71;346;False;False;False;0.0
857271915861479425;['Groupon', ':', 'Extra', '20', '%', 'Local', 'Deal', '**Great', 'Mother’s', 'Day', 'Gifts**', 'via', 'SwagGrabber', '-', 'Groupon', '...', 'https', ':', '//t.co/JCka8XPXHl'];Groupon: Extra 20% Off ANY Local Deal **Great Mother’s Day Gifts** via SwagGrabber - Groupon is ... ;True;123;19;False;False;False;0.0;False;0.17073170731707318;False;False;neg;0.8;2831;96471;345;1442;False;False;False;0.0
857272023747309568;['Groupon', ':', 'Extra', '20', '%', 'Local', 'Deal', '**Great', 'Mother’s', 'Day', 'Gifts**', 'via', 'SwagGrabber', '-', 'Groupon', '...', 'https', ':', '//t.co/18pXIXYNfH'];Groupon: Extra 20% Off ANY Local Deal **Great Mother’s Day Gifts** via SwagGrabber - Groupon is ... ;True;123;19;False;False;False;0.0;False;0.17073170731707318;False;False;neg;0.8;1717;88383;6;84;False;True;False;0.0
857272056416579584;['Lol', 'maybe', 'Groupon', 'package', 'https', ':', '//t.co/WXynrCSCvQ'];Lol maybe a Groupon package ;False;51;7;False;False;False;0.0;False;0.1568627450980392;False;True;neg;0.8;2363;23457;715;686;False;True;True;0.0
857272221747863553;['Groupon', ':', 'Extra', '20', '%', 'Local', 'Deal', '**Great', 'Mother’s', 'Day', 'Gifts**', 'via', 'SwagGrabber', '-', 'Groupon', '...', 'https', ':', '//t.co/4AU6PwJKiF'];Groupon: Extra 20% Off ANY Local Deal **Great Mother’s Day Gifts** via SwagGrabber - Groupon is ... ;True;123;19;False;False;False;0.0;False;0.17073170731707318;False;False;neg;0.8;2701;58008;70;314;False;False;False;0.0
857272627605495808;['Rechargeable', 'Power', 'Case', 'Samsung', 'Galaxy', '6', 'https', ':', '//t.co/dKHuKEYrfj'];"Rechargeable Power Case for Samsung Galaxy S 6

";False;71;9;False;False;False;0.0;False;0.15492957746478872;False;False;neg;0.8;528;1566;2479;4944;False;True;True;0.0
857272630897987584;"['Groupon', ':', 'Friends', '&', 'amp', ';', 'Family', 'Sale', 'Save', '20', '%', 'via', 'Couponing2Savings', '-', 'Head', 'Groupon', '...', 'https', ':', '//t.co/Hkh7bAnfQv']";"Groupon: Friends &amp; Family Sale Save Up To 20% Off via Couponing2Savings - Head on over to Groupon ... ";True;129;20;False;False;False;0.0;False;0.11627906976744186;False;False;pos;0.6;2662;35754;601;2607;False;False;False;0.0
857272748414054403;['Groupon', ':', 'Extra', '20', '%', 'Local', 'Deal', '**Great', 'Mother’s', 'Day', 'Gifts**', 'via', 'SwagGrabber', '-', 'Groupon', '...', 'https', ':', '//t.co/vgD7G2T48m'];Groupon: Extra 20% Off ANY Local Deal **Great Mother’s Day Gifts** via SwagGrabber - Groupon is ... ;True;123;19;False;False;False;0.0;False;0.14634146341463414;False;False;neg;0.8;1646;8197;69;309;False;True;False;0.0
857273028501266432;['4200mah', 'Power', 'Case', 'Samsung', 'S7', '–', 'Rechargeable', 'Battery', 'Case', 'Samsung', 'https', ':', '//t.co/fj0PfuYBiG'];4200mah Power Case Samsung S7 – Rechargeable Battery Case for Samsung  ;False;94;13;False;False;False;0.0;False;0.1276595744680851;False;False;neg;0.8;528;1567;2479;4944;False;True;True;0.0
857273206687899648;['beer', 'snob', '?', 'favorite', 'local', 'breweries', '?', 'https', ':', '//t.co/aH4OYcVf9J'];Are you a beer snob? What are your favorite local breweries? ;False;84;10;True;False;True;0.0;True;0.08333333333333333;False;False;neg;0.8;656;302;14;22;False;True;True;0.0
857273457696002050;['guys', 'need', 'date', 'ideas', ',', 'something', 'fun', 'different', ',', 'scroll', 'Groupon', '!'];if you guys need date ideas, or just something fun and different to do, Just scroll through Groupon!;False;100;12;False;True;False;0.0;True;0.02;False;False;neg;1.0;1092;26551;1254;304;False;True;False;0.0
857273651665743874;"['@', 'mrxinu', 'https', ':', '//t.co/RX70FKqM4z', ""'m"", 'seeing', 'prices', '$', '1-', '$', '20', 'one', 'lol']";@mrxinu   I'm seeing prices from $1-$20 all over for one  lol;False;84;14;False;False;False;0.0;True;0.07142857142857142;False;False;pos;1.0;2142;17235;592;493;False;True;True;0.0
857273795861721092;"['Kids', 'kept', 'asking', '#', 'abcmouse', ""'re"", 'back', '#', 'free', '2', 'months', 'thanks', '#', 'groupon', '!', '!', 'https', ':', '//t.co/zWhlQCMlz4']";Kids kept asking for #abcmouse so We're back for the #free for 2 months thanks to #groupon!! ;False;116;19;False;True;True;0.0;True;0.05172413793103448;True;False;neg;1.0;2601;9781;293;277;False;True;True;0.0
857274558419808256;['One-Hour', 'Legendary', 'Southfork', 'Trail', 'Ride', 'One', ',', 'Two', ',', 'Four', 'Southfork', 'Ranch', '-', 'https', ':', '//t.co/5oKT8EFvht'];One-Hour Legendary Southfork Trail Ride for One, Two, or Four at Southfork Ranch  -  ;False;108;16;False;False;False;0.0;False;0.1388888888888889;False;False;neg;0.8;2864;8291;7081;2733;True;True;True;0.0
857274631203557377;['Like', 'Bitcoin', 'Groupon', 'better', '!', 'https', ':', '//t.co/tpsB1UFtWm', 'https', ':', '//t.co/nLl9elan1J'];Like Bitcoin and Groupon but better!   ;True;85;11;False;True;False;0.0;False;0.10588235294117647;False;False;pos;0.6;731;215289;48802;25978;False;True;True;0.0
857274865845497856;"['get', 'great', 'deals', 'Groupon', 'long', ""n't"", 'mind', 'waiting', '11', 'days', 'item', 'travel', '50', 'miles', '(', 'Edison', 'Toms', 'River', ')', '.']";You can get some great deals on Groupon as long as you don't mind waiting 11 days for your item to travel 50 miles (Edison to Toms River).;False;138;20;False;False;False;0.0;True;0.036231884057971016;False;False;pos;1.0;2302;4194;384;709;False;False;True;0.0
857274977518858244;['got', 'Groupon', 'bucks', 'one', 'spend', 'em', '.', 'tryna', 'go', 'Groupon', 'date'];I got all these Groupon bucks but no one to spend em on. Who tryna go on a Groupon date;False;87;11;False;False;False;0.0;True;0.04597701149425287;False;False;neg;1.0;2709;163283;1210;490;False;True;True;0.0
857275117172383746;['Groupon', 'Coupon', ':', 'Extra', '20', '%', 'Local', ',', '10', '%', 'Goods', 'Getaways', 'Deals', 'https', ':', '//t.co/AZBix3ARu7'];Groupon Coupon: Extra 20% Off Local, 10% Off Goods or Getaways Deals ;True;92;16;False;False;False;0.0;False;0.15217391304347827;False;False;neg;0.8;2910;291880;430;4;False;True;True;0.0
857275409305657344;['ever', 'done', 'Paint', 'Nite', '?', 'Show', 'us', 'works', 'art', '!', 'https', ':', '//t.co/F4H0JsjToA'];Have you ever done a Paint Nite? Show us your works of art! ;False;83;13;True;True;False;0.0;True;0.10843373493975904;False;False;pos;0.6;1818;870;101;101;False;True;True;0.0
857275427097673728;['?', 'Lionel', 'Richie', 'Mariah', 'Carey', 'tix', '$', '30', 'Groupon', '!', 'https', ':', '//t.co/LjwSxWynjg'];What? Lionel Richie and Mariah Carey tix are only $30 on Groupon ! ;False;90;13;True;True;False;0.0;False;0.1;False;False;neg;1.0;2458;10898;69595;226;True;True;True;0.0
857275604089151489;['Groupon', 'Coupon', ':', 'Extra', '20', '%', 'Local', ',', '10', '%', 'Goods', 'Getaways', 'Deals', 'https', ':', '//t.co/uXqNdPZERE'];Groupon Coupon: Extra 20% Off Local, 10% Off Goods or Getaways Deals ;True;92;16;False;False;False;0.0;False;0.17391304347826086;False;False;neg;0.8;2180;274091;9;8;False;False;False;0.0
857275658874961921;"['Another', 'reason', ""'ll"", 'never', 'take', '#', 'clippers', 'seriously', 'team', 'sells', 'playoff', 'tickets', 'much', 'less', 'Game', '7', '#', 'groupon…', 'https', ':', '//t.co/aKr5ilxxlw']";Another reason I'll never take the #clippers seriously What team sells playoff tickets much less Game 7 on #groupon… ;False;140;21;False;False;False;0.0;True;0.03571428571428571;True;True;pos;1.0;2841;875;144;345;False;True;True;0.0
857275993438007296;['think', '@', 'Groupon', 'knows', 'pay', 'schedule', '?'];I think @Groupon knows my pay schedule ?;False;40;7;False;False;False;0.0;True;0.05;False;False;neg;1.0;2791;87584;1412;911;False;True;False;0.0
857276032193249280;['Dear', 'Groupon', 'Kidz', 'Clud', ',', 'took', 'dum', 'frienb', 'Pylez', '.'];Dear Groupon Kidz Clud, we took your dum frienb Pylez.;False;54;10;False;False;False;0.0;True;0.09259259259259259;False;False;neg;0.8;169;5119;7;8;False;True;True;0.0
857276146924310529;"['Need', 'new', 'pair', 'glasses', 'summer', '?', ""'s"", '84', '%', 'discount', 'MyEyeDr', '.', 'https', ':', '//t.co/uADDS9Wrjb']";Need a new pair of glasses for the summer? Here's a 84% discount at MyEyeDr. ;False;100;15;True;False;False;0.0;False;0.1;False;False;pos;1.0;2612;646;19;38;False;True;True;0.0
857276321256407043;"['@', 'eiwhalen', '@', 'ajstravs', 'Haha', '.', 'look', 'cheap', 'groupon', 'spas', 'sometimes', ',', 'mental', 'health', 'spas', 'far', 'away', 'state', 'stretch', ';', ')']";"@eiwhalen @ajstravs Haha. I look up cheap groupon spas sometimes, but the mental health spas in a far away state is a stretch;)";False;127;21;False;False;False;0.0;True;0.015748031496062992;False;False;pos;1.0;1495;1094;192;345;False;True;False;0.0
857276433022033926;['Easily..', 'check', 'Groupon', 'https', ':', '//t.co/5apEz6WIZK'];Easily.. just check out Groupon ;False;55;6;False;False;False;0.0;False;0.12727272727272726;False;True;neg;1.0;2046;141479;2376;943;False;True;False;0.0
857277292434870272;['*checks', 'groupon*'];*checks groupon*;False;16;2;False;False;False;0.0;False;0.0;False;False;neg;0.8;2358;51145;1390;956;False;True;False;0.0
857277738708807680;"['@', 'EmperorArtist', 'Trust', 'bro', ',', ""'s"", 'Groupon', 'lol']";@EmperorArtist Trust me bro, how's Groupon lol;False;46;8;False;False;False;0.0;True;0.08695652173913043;False;False;pos;1.0;2307;32206;615;211;False;True;True;
857278111016038400;['SELL', 'rating', '$', 'GRPN', '‘', '@', 'Groupon', ':', 'Bad', 'Business’', ':', 'https', ':', '//t.co/cBcUEcOl5W', 'https', ':', '//t.co/k9QFqFzT4Q'];SELL rating on $GRPN in ‘@Groupon: Bad For Business’:  ;False;101;17;False;False;False;0.0;False;0.21782178217821782;False;False;pos;1.0;465;13641;174;63;False;True;True;0.0
857278299499765760;['Groupon', 'STL', '–', 'Save', '49', '%', 'Conventional', 'Oil-Change', 'Standard', 'Filter', 'Valvoline', 'Instant', 'Oil', 'Change', '{', 'https', ':', '//t.co/svCYX9sCIu'];Groupon STL – Save Up to 49% Off Conventional Oil-Change with Standard Filter at Valvoline Instant Oil Change { ;False;135;18;False;False;False;0.0;False;0.15555555555555556;False;False;neg;0.8;2625;26038;5203;3778;False;True;True;0.0
857278593457639428;"['Groupon', 'purchase', '.', 'fuck', 'showed', 'mum', 'buy', 'Groupon', ""'ve"", 'ended', 'shite', '?']";This was a Groupon purchase. Who the fuck showed my mum how to buy from Groupon we've ended up with some shite ?;False;112;12;False;False;False;0.221;True;0.03571428571428571;False;False;neg;1.0;2819;55445;483;392;False;True;True;0.0
857278954851401728;['order', 'vibrator', 'groupon', '(', 'something', 'NEVEr', 'done', 'WOULD', 'NEVER', 'ofc', ')', 'enter', 'age', 'personally', 'find', 'stupid'];to order a vibrator on groupon (something I HAVE NEVEr done and WOULD NEVER do ofc) you have to enter your age which personally find stupid;False;139;16;False;False;False;0.0;True;0.1366906474820144;False;False;pos;0.6;2358;5557;125;197;False;True;False;0.0
857279170119962629;['Groupon', ':', 'Extra', '20', '%', 'Local', 'Deal', '**Great', 'Mother’s', 'Day', 'Gifts**', 'via', 'SwagGrabber', '-', 'Groupon', '...', 'https', ':', '//t.co/r1B6TlcxEh'];Groupon: Extra 20% Off ANY Local Deal **Great Mother’s Day Gifts** via SwagGrabber - Groupon is ... ;True;123;19;False;False;False;0.0;False;0.14634146341463414;False;False;neg;0.8;2293;113637;1770;1956;False;True;False;0.0
857279201723940864;['Groupon', ':', 'Extra', '20', '%', 'Local', 'Deal', '**Great', 'Mother’s', 'Day', 'Gifts**', 'via', 'SwagGrabber', '-', 'Groupon', '...', 'https', ':', '//t.co/VART13dAGM'];Groupon: Extra 20% Off ANY Local Deal **Great Mother’s Day Gifts** via SwagGrabber - Groupon is ... ;True;123;19;False;False;False;0.0;False;0.17886178861788618;False;False;neg;0.8;2470;95641;296;668;False;False;False;0.0
857279235765002242;['Groupon', ':', 'Extra', '20', '%', 'Local', 'Deal', '**Great', 'Mother’s', 'Day', 'Gifts**', 'via', 'SwagGrabber', '-', 'Groupon', '...', 'https', ':', '//t.co/5Oqfvvqrex'];Groupon: Extra 20% Off ANY Local Deal **Great Mother’s Day Gifts** via SwagGrabber - Groupon is ... ;True;123;19;False;False;False;0.0;False;0.13008130081300814;False;False;neg;0.8;2178;96668;346;368;False;True;False;0.0
857279243495120896;['Groupon', ':', 'Extra', '20', '%', 'Local', 'Deal', '**Great', 'Mother’s', 'Day', 'Gifts**', 'via', 'SwagGrabber', '-', 'Groupon', '...', 'https', ':', '//t.co/FEMvfQcAI6'];Groupon: Extra 20% Off ANY Local Deal **Great Mother’s Day Gifts** via SwagGrabber - Groupon is ... ;True;123;19;False;False;False;0.0;False;0.17073170731707318;False;False;neg;0.8;2236;97155;276;426;False;True;True;0.0
857279295240253441;['Groupon', ':', 'Extra', '20', '%', 'Local', 'Deal', '**Great', 'Mother’s', 'Day', 'Gifts**', 'via', 'SwagGrabber', '-', 'Groupon', '...', 'https', ':', '//t.co/V5Ukq9Yxg0'];Groupon: Extra 20% Off ANY Local Deal **Great Mother’s Day Gifts** via SwagGrabber - Groupon is ... ;True;123;19;False;False;False;0.0;False;0.14634146341463414;False;False;neg;0.8;2099;95123;71;346;False;False;False;0.0
857279400756338692;['Groupon', ':', 'Extra', '20', '%', 'Local', 'Deal', '**Great', 'Mother’s', 'Day', 'Gifts**', 'via', 'SwagGrabber', '-', 'Groupon', '...', 'https', ':', '//t.co/mm6aQu8rGL'];Groupon: Extra 20% Off ANY Local Deal **Great Mother’s Day Gifts** via SwagGrabber - Groupon is ... ;True;123;19;False;False;False;0.0;False;0.14634146341463414;False;False;neg;0.8;2831;96474;345;1442;False;False;False;0.0
857279415092424705;"['Lol', 'wait', '.', 'Somebody', 'really', 'said', '``', 'AKA', 'membership', 'groupon', ""''"", '?', 'im', 'still', 'crying']";"Lol wait. Somebody really said ""when they had AKA membership on groupon"" ? im still crying";False;90;15;False;False;False;-0.093;True;0.05555555555555555;False;False;neg;1.0;1433;96;1660;630;False;True;True;1.0
857279529433403392;['Groupon', ':', 'Extra', '20', '%', 'Local', 'Deal', '**Great', 'Mother’s', 'Day', 'Gifts**', 'via', 'SwagGrabber', '-', 'Groupon', '...', 'https', ':', '//t.co/PloRlT9nIQ'];Groupon: Extra 20% Off ANY Local Deal **Great Mother’s Day Gifts** via SwagGrabber - Groupon is ... ;True;123;19;False;False;False;0.0;False;0.16260162601626016;False;False;neg;0.8;1717;88386;6;84;False;True;False;0.0
857279644311093249;"['@', 'Groupon', 'several', 'attempts', 'get', 'update', 'issue', ',', 'even', 'simple', '``', ""'re"", 'still', 'working', ""''"", '.', 'update', ',', 'please', '!']";"@Groupon After several attempts to get an update on an issue, not even a simple ""we're still working on it"". An update, please!";False;127;20;False;True;False;0.0;True;0.023622047244094488;False;False;neg;0.8;2973;78;27;37;False;False;False;0.0
857279724938199045;['Groupon', ':', 'Extra', '20', '%', 'Local', 'Deal', '**Great', 'Mother’s', 'Day', 'Gifts**', 'via', 'SwagGrabber', '-', 'Groupon', '...', 'https', ':', '//t.co/YPnYt67155'];Groupon: Extra 20% Off ANY Local Deal **Great Mother’s Day Gifts** via SwagGrabber - Groupon is ... ;True;123;19;False;False;False;0.0;False;0.14634146341463414;False;False;neg;0.8;2701;58011;70;314;False;False;False;0.0
857279845637779457;['@', 'Dalal_Monroe', 'yeah', 'co', 'worker', 'birthday', 'tickets', 'Groupon', '?'];@Dalal_Monroe yeah its my co worker birthday  and the tickets were on Groupon ?;False;79;9;False;False;False;0.644;False;0.0379746835443038;False;False;pos;1.0;836;70362;1193;302;False;True;False;0.0
857279994053230593;"[',', 'know', 'groupon', 'sells', 'dildos', ""n't"", 'know', 'knock', 'fleshlights', 'well??']";so, i know groupon sells dildos but i didn't know they had knock off fleshlights as well??;False;90;10;False;False;False;0.221;True;0.0;False;False;neg;1.0;616;4551;209;132;False;True;True;0.0
857280016220016640;['FITBIT', 'ALTA', 'FITNESS', 'TRACKER', 'gold', 'series', '#', 'FITBIT', 'https', ':', '//t.co/V1FBjmIIRL', '@', 'eBay', '@', 'amazon', '@', 'facebook', '@', 'groupon', '@', 'bestbuy', '@', 'walmart', '@', 'target', '@', 'yahoo'];FITBIT ALTA FITNESS TRACKER gold series  #FITBIT  @eBay @amazon @facebook @groupon @bestbuy @walmart @target @yahoo;False;138;27;False;False;False;0.0;False;0.2753623188405797;True;True;neg;0.6;2095;3022;2670;1495;False;True;True;0.0
857280126823870464;"['Groupon', ':', 'Friends', '&', 'amp', ';', 'Family', 'Sale', 'Save', '20', '%', 'via', 'Couponing2Savings', '-', 'Head', 'Groupon', '...', 'https', ':', '//t.co/MaWPnZ9d33']";"Groupon: Friends &amp; Family Sale Save Up To 20% Off via Couponing2Savings - Head on over to Groupon ... ";True;129;20;False;False;False;0.0;False;0.12403100775193798;False;False;pos;0.6;2662;35758;601;2607;False;False;False;0.0
857280219316707329;['Groupon', ':', 'Extra', '20', '%', 'Local', 'Deal', '**Great', 'Mother’s', 'Day', 'Gifts**', 'via', 'SwagGrabber', '-', 'Groupon', '...', 'https', ':', '//t.co/KMVTh2DzUL'];Groupon: Extra 20% Off ANY Local Deal **Great Mother’s Day Gifts** via SwagGrabber - Groupon is ... ;True;123;19;False;False;False;0.0;False;0.17886178861788618;False;False;neg;0.8;1646;8200;69;309;False;True;False;0.0
857281434440093696;"['@', 'karalanderson_', 'real', 'though', '!', '!', '!', ""'ve"", 'heard', 'great', 'things', 'Groupon', 'deals', 'like', '!']";@karalanderson_ For real though!!! I've heard great things about Groupon deals like that!;False;89;15;False;True;True;0.0;True;0.033707865168539325;False;False;pos;1.0;3250;5973;422;586;False;False;False;0.0
857281455931760640;"['Hold', '@', 'Groupon', 'good', 'ending', '26th', '.', ""n't"", 'get', 'paid', '28th', '!', '!', 'https', ':', '//t.co/kD3Del4lyN']";Hold on @Groupon this is no good ending on the 26th. I don't get paid until the 28th!! ;False;110;16;False;True;True;0.0;True;0.05454545454545454;False;False;pos;1.0;2907;2437;35;128;False;True;False;0.0
857281682545704961;['Anyone', 'got', 'Grey', 'Poupon', 'Groupon', 'coupons', 'poop', '?'];Anyone got any Grey Poupon Groupon coupons I can poop on?;False;57;8;True;False;False;0.0;True;0.08771929824561403;False;False;neg;1.0;2410;139;22;34;False;True;False;0.0
857281686773665792;"['``', 'Great', 'food', 'awesome', 'staff', '.', ""''"", '@', 'Groupon', '#', 'HappyCustomer']";"""Great food awesome staff."" @Groupon #HappyCustomer";False;51;11;False;False;False;0.0;False;0.0784313725490196;True;False;pos;1.0;973;95;1;2;False;False;False;0.0
857281727148044288;"['``', 'Food', 'amazing', '.', 'staff', 'friendly', 'helpful', '.', 'back', '.', ""''"", '@', 'Groupon', '#', 'HappyCustomer']";"""Food was amazing. The staff was friendly and helpful. I will be back."" @Groupon #HappyCustomer";False;95;15;False;False;False;0.0;True;0.06315789473684211;True;False;pos;1.0;973;96;1;2;False;False;False;0.0
857281822195056640;"['Mobile', 'App', 'Credit', 'Towards', 'Specialty', 'Drinks', '&', 'amp', ';', 'Food', 'Argo', 'Tea', '-', '42', '%', '-', 'https', ':', '//t.co/Qv9PVlbXJ1']";"Mobile App Credit Towards Specialty Drinks &amp; Food at Argo Tea  - Up to 42% Off -  ";False;109;19;False;False;False;0.0;False;0.14678899082568808;False;False;pos;0.6;1695;10544;282;213;False;True;True;0.0
857282356746608644;['New', 'slam', 'poetry', 'La', 'Croix', '12', 'Pack', ',', 'Groupon', ',', 'take', 'shit', '.'];"New slam poetry 

La Croix 12 Pack,
Groupon,
I have to take a shit.";False;67;13;False;False;False;0.0;True;0.08955223880597014;False;False;neg;1.0;1687;30567;1566;693;False;True;True;2.0
857282468897972224;['61', '%', 'Brazilian', 'Bikini', 'Waxes', 'https', ':', '//t.co/met0tKIscY', 'https', ':', '//t.co/lWKn7sCs14'];Up to 61% Off Brazilian or Bikini Waxes  ;False;87;11;False;False;False;0.0;False;0.12643678160919541;False;False;neg;0.8;361;61430;2144;2557;False;True;True;0.0
857282709185581057;['Like', 'Bitcoin', 'Groupon', 'better', '!', 'https', ':', '//t.co/Xb3wBkzT2s', 'https', ':', '//t.co/4f5beHHjuu'];Like Bitcoin and Groupon but better!   ;True;85;11;False;True;False;0.0;False;0.09411764705882353;False;False;pos;0.6;3066;414127;52852;48230;False;True;True;0.0
857282809840271361;['looking', 'Groupon', '.', 'https', ':', '//t.co/DRJNLhAxRo'];I was just looking at a Groupon for this. ;False;65;6;False;False;False;0.0;True;0.13846153846153847;False;True;neg;1.0;2765;157167;1506;756;False;True;False;0.0
857282986596864001;['Swedish', 'Massage', 'Salt', 'Room', 'Packages', 'Chelsea', 'Himalayan', 'Wellness', 'Spa', 'Inc', '-', '44', '%', '-', 'https', ':', '//t.co/5kbIAiLKNm'];Swedish Massage and Salt Room Packages with Chelsea at Himalayan Wellness Spa Inc  - Up to 44% Off  -  ;False;126;17;False;False;False;0.0;False;0.1349206349206349;False;False;neg;0.8;1411;930;76;322;False;True;True;0.0
857283236375953408;['60-Minute', 'Couples', 'Massage', 'Sauna', 'Session', 'Himalayan', 'Wellness', 'Spa', 'Inc', '-', '50', '%', '-', 'https', ':', '//t.co/c2jRjxLJix'];60-Minute Couples Massage and Sauna Session from Himalayan Wellness Spa Inc - 50% Off -  ;False;112;16;False;False;False;0.0;False;0.11607142857142858;False;False;neg;0.8;1411;931;76;322;False;True;True;0.0
857284277054164995;['@', 'Rose018Rose', ',', 'Move', ',', 'Groupon', 'https', ':', '//t.co/tC82lMoreE'];@Rose018Rose, Move over, Groupon ;False;56;9;False;False;False;0.0;False;0.125;False;False;pos;1.0;1038;233698;80986;79396;False;True;True;0.0
857284449347809280;['Groupon', ':', '20', '%', 'Local', ',', '10', '%', 'Getaways', '10', '%', 'Goods', 'https', ':', '//t.co/LinO9cuCDG'];Groupon: 20% off Local, 10% off Getaways and 10% off Goods ;False;82;15;False;False;False;0.0;False;0.10975609756097561;False;False;neg;0.8;2784;198690;2615;2169;False;True;True;0.0
857285209435361284;['Like', 'Bitcoin', 'Groupon', 'better', '!', 'https', ':', '//t.co/tC82lMoreE', 'https', ':', '//t.co/5D0HxeqOey'];Like Bitcoin and Groupon but better!   ;True;85;11;False;True;False;0.0;False;0.10588235294117647;False;False;pos;0.6;1038;233699;80984;79392;False;True;True;0.0
857285924043882496;['@', 'WhimsyPaint', 'tell', 'redeem', '@', 'Groupon', 'codes', '.', 'say', 'still', 'good', '.', 'site', 'says', 'expired', '.', 'Tried', '3x', '.'];@WhimsyPaint tell me how to redeem your @Groupon codes. They say still good. Your site says expired. Tried 3x.;False;110;19;False;False;False;0.0;True;0.05454545454545454;False;False;pos;1.0;447;54;11;91;False;False;False;0.0
857285938220867584;['Waste', 'hours', 'debating', 'difference', 'dating', 'site', 'GroupOn”', 'Rest', 'easy', 'xkeyscore', 'slide', 'proves', 'never', 'violate', 'privacy'];Waste hours debating the difference between a dating site and GroupOn” Rest easy this xkeyscore slide proves we never violate the privacy of;False;140;15;False;False;False;0.0;True;0.02857142857142857;False;False;neg;0.8;891;24577;55;1;False;True;False;0.0
857286431915593730;['Always', 'grand', 'time', 'Estes', 'Park', 'Wine', 'Festival', '.', 'Discount', 'tickets', 'available', 'Groupon', '.', 'Get', 'last', '.', 'https', ':', '//t.co/rBdBOVOjhf'];Always a grand time Estes Park Wine Festival. Discount tickets now available on Groupon. Get them while they last. ;False;138;19;False;False;False;0.0;True;0.09420289855072464;False;False;neg;1.0;2003;1233;216;106;False;True;True;0.0
857286869268045824;"['AMPM', 'Café', '&', 'amp', ';', 'Bar', '@', '59', '%', '–', 'New', 'Delhi', 'Nearbuy', 'Groupon', 'Discount', ':', 'AMPM', 'Café', '&', 'amp', ';', 'Bar', '@', '59', '%', '–', 'New…', 'https', ':', '//t.co/wiMGJtPbz9', '#', 'Deals', '#', 'Coupons']";"AMPM Café &amp; Bar @ 59% off – New Delhi Nearbuy Groupon Discount: AMPM Café &amp; Bar @ 59% off – New…  #Deals #Coupons";False;144;34;False;False;False;0.0;False;0.16666666666666666;True;False;pos;1.0;884;31357;136;225;False;True;True;0.0
857287328347377665;['Save', 'visit', 'Austin', 'Zoo', 'check', 'Groupon', 'deals', '.', 'https', ':', '//t.co/hH7RtF3NYT'];Save on your visit to Austin Zoo check out these Groupon deals. ;False;87;11;False;False;False;0.0;False;0.11494252873563218;False;False;neg;0.8;2920;1157;232;185;False;True;True;0.0
857287553350852611;['happened', 'friend', 'mine', ',', 'tattooed', 'name', 'ribs', '.', 'Get', 'Groupon', 'tattoo', 'removal', 'try', 'h…', 'https', ':', '//t.co/TPCUylQnpj'];This happened to a friend of mine, tattooed his name on her ribs. Get a Groupon for a tattoo removal and try your h… ;False;140;17;False;False;False;0.0;False;0.05714285714285714;False;True;pos;1.0;736;19873;324;371;False;True;True;0.0
857287720095318016;"[""y'all"", 'actually', 'go', 'Groupon', 'plenty', 'affordable', 'vacations', 'Miami', 'SC', '.', '?']";If y'all actually go on Groupon there are plenty of affordable vacations other than Miami and SC. ?;False;99;11;False;False;False;0.221;True;0.050505050505050504;False;False;neg;1.0;103;765;56;54;False;True;False;0.0
857288258065125376;['Money', 'Saving', 'Tool', ':', 'Groupon', 'Coupons', '-', 'https', ':', '//t.co/Fm4lEy4zbu'];Money Saving Tool: Groupon Coupons - ;False;60;10;False;False;False;0.0;False;0.11666666666666667;False;False;neg;0.8;2806;43390;1973;1903;False;True;True;0.0
857289864819208197;['Groupon', 'https', ':', '//t.co/5xBwrCZnDH'];Groupon ;False;31;4;False;False;False;0.0;False;0.1935483870967742;False;True;neg;0.8;2468;184801;2462;611;False;True;False;0.0
857289918976077824;"['Get', 'scoop', 'favorite', 'Ben', '&', 'amp', ';', 'Jerry', ""'s"", 'Ice', 'Cream', 'flavor', 'Groupon', 'https', ':', '//t.co/6kBsGPpVdI']";"Get a scoop of your favorite Ben &amp; Jerry's Ice Cream flavor with this Groupon ";False;105;16;False;False;False;0.0;False;0.10476190476190476;False;False;pos;1.0;1159;293;40;24;False;True;True;0.0
857290033363009536;['Groupon', 'hiring', '!', 'View', 'work', 'home', 'jobs', 'https', ':', '//t.co/o8r0uzGb2H', 'today', '!', '!', 'New', 'jobs', 'posted', 'daily', '!', '#', 'jobs……', 'https', ':', '//t.co/37WJNgGzd7'];Groupon is hiring! View more work from home jobs at  today!! New jobs posted daily! #jobs…… ;True;138;23;False;True;True;0.0;False;0.06521739130434782;True;True;neg;0.6;188;145568;66;31;False;True;True;0.0
857290049586462720;['Groupon', 'hiring', '!', 'View', 'work', 'home', 'jobs', 'https', ':', '//t.co/c087uoPpWZ', 'today', '!', '!', 'New', 'jobs', 'posted', 'daily', '!', '#', 'jobs……', 'https', ':', '//t.co/zLuCVxNQuL'];Groupon is hiring! View more work from home jobs at  today!! New jobs posted daily! #jobs…… ;True;138;23;False;True;True;0.0;False;0.08695652173913043;True;True;neg;0.6;250;159075;365;100;False;True;True;0.0
857290060613304320;['Groupon', 'hiring', '!', 'View', 'work', 'home', 'jobs', 'https', ':', '//t.co/ln4vVcZ9T8', 'today', '!', '!', 'New', 'jobs', 'posted', 'daily', '!', '#', 'jobs……', 'https', ':', '//t.co/6uNqSDOKUy'];Groupon is hiring! View more work from home jobs at  today!! New jobs posted daily! #jobs…… ;True;138;23;False;True;True;0.0;False;0.08695652173913043;True;True;neg;0.6;1321;266241;987;352;False;True;True;0.0
857290065067646976;['Groupon', 'hiring', '!', 'View', 'work', 'home', 'jobs', 'https', ':', '//t.co/8pOr0JobGZ', 'today', '!', '!', 'New', 'jobs', 'posted', 'daily', '!', '#', 'jobs……', 'https', ':', '//t.co/6xwVR6JAnC'];Groupon is hiring! View more work from home jobs at  today!! New jobs posted daily! #jobs…… ;True;138;23;False;True;True;0.0;False;0.08695652173913043;True;True;neg;0.6;2994;276248;18192;17451;False;True;True;0.0
857290361974247430;"[':', '``', 'got', '~nice~', 'Groupon', 'escape', 'room', 'looks', 'like', 'hell', '.', 'Wan', 'na', 'join', '?', ""''"", ':', 'Jumps', 'window', '(', 'best…', 'https', ':', '//t.co/HTcFY8692m']";"Him: ""I got a ~nice~ Groupon for an escape the room that looks like hell. Wanna join?""

Me: Jumps out window (best… ";False;139;24;True;False;False;0.0;True;0.07194244604316546;False;True;neg;1.0;2925;14022;2599;1016;True;True;True;
857290612017704960;['Technical', 'Level', 'Spotcheck', 'Shares', 'Groupon', 'Inc', '(', 'GRPN', ')', '-', 'BVN', 'https', ':', '//t.co/8hyab8DgI4'];Technical Level Spotcheck on Shares of Groupon Inc (GRPN) - BVN ;False;87;14;False;False;False;0.0;False;0.1724137931034483;False;False;neg;0.8;1757;7496;5;3;False;True;True;0.0
857290642774347776;"[""'re"", 'selling', 'Clippers', 'Game', '7', 'tickets', 'Groupon', '...', 'lol']";They're selling Clippers Game 7 tickets on Groupon...lol;False;56;9;False;False;False;0.0;True;0.07142857142857142;False;False;neg;1.0;2205;603;906;614;False;True;True;1.0
857290922375106560;['70', '%', 'Boudoir', 'Photo', 'Shoot', 'Prints', 'https', ':', '//t.co/DHFTCzw8BR', 'https', ':', '//t.co/Pueb7hsIf2'];70% Off a Boudoir Photo Shoot with Prints  ;False;89;12;False;False;False;0.0;False;0.15730337078651685;False;False;neg;0.8;216;21675;370;0;False;True;False;0.0
857290951986958337;['weather', 'gets', 'hot', 'outside', 'bring', 'indoors', 'Indoor', 'Bicycle', 'Cycling', 'Trainer', '!', 'Groupon', 'got', '...', 'https', ':', '//t.co/VKfSyHkm28'];When the weather gets too hot outside bring it indoors with this Indoor Bicycle Cycling Trainer! Groupon has got... ;True;139;17;False;True;False;0.0;True;0.07194244604316546;False;False;neg;1.0;2365;2255;158;38;False;False;True;0.0
857291450404524034;['weather', 'gets', 'hot', 'outside', 'bring', 'indoors', 'Indoor', 'Bicycle', 'Cycling', 'Trainer', '!', 'Groupon', 'got', '...', 'https', ':', '//t.co/6fSq4wP4HE'];When the weather gets too hot outside bring it indoors with this Indoor Bicycle Cycling Trainer! Groupon has got... ;True;139;17;False;True;False;0.0;True;0.07194244604316546;False;False;neg;1.0;1001;1127;100;207;False;False;True;0.0
857291453529239552;['weather', 'gets', 'hot', 'outside', 'bring', 'indoors', 'Indoor', 'Bicycle', 'Cycling', 'Trainer', '!', 'Groupon', 'got', '...', 'https', ':', '//t.co/FLJlFvkz8p'];When the weather gets too hot outside bring it indoors with this Indoor Bicycle Cycling Trainer! Groupon has got... ;True;139;17;False;True;False;0.0;True;0.07194244604316546;False;False;neg;1.0;704;401;34;103;False;True;True;0.0
857291558344728576;['VG', 'Restaurant', '–', '41', '%', 'Four', 'Course', 'Dinner', 'https', ':', '//t.co/USr8wPGBXs', 'https', ':', '//t.co/JPpcomWKrn'];The VG Restaurant – Up to 41% Off Four Course Dinner  ;False;100;14;False;False;False;0.0;False;0.19;False;False;neg;0.8;145;5729;104;0;False;True;False;1.0
857292099154202624;['#', 'deal', '#', 'merchandising-uk', 'Great', 'Groupon', 'Fashion', ',', 'Home', 'Garden', ',', 'Health', 'Beauty', ',', 'Toys', 'Electronics', 'Giveaway', 'for…', 'https', ':', '//t.co/Q3Ys3bCx0C'];#deal #merchandising-uk Great Groupon Fashion, Home and Garden, Health and Beauty, Toys or Electronics Giveaway for… ;False;140;21;False;False;False;0.0;False;0.1;True;True;neg;0.8;1084;7076;33;62;False;True;True;0.0
857292378188664836;"['got', 'tickets', 'groupon', 'time', 'lmao', 'sorry', 'ass', 'team', 'RT', '@', 'KidAbstraktR2', ':', ""'re"", 'selling', 'Clippers', 'Game', '7', 'tickets', 'Groupon..lol']";They got they tickets on groupon all the time lmao sorry ass team RT @KidAbstraktR2: They're selling Clippers Game 7 tickets on Groupon..lol;False;140;19;False;False;False;0.0;True;0.07142857142857142;False;False;neg;1.0;2360;64984;445;317;False;False;False;0.0
857293207528497154;['$', '82', '?buy', '1+2', 'diamonds', 'ring', ',', 'couple', 'rings', 'suit', 'wedding', 'band', ',', 'anniversary', 'gift?man', 'size', '10', ',', '?woman', 'size', '7', ',', 'buy?https', ':', '//t.co/waMmW9b50v'];$82 ?buy 1+2 diamonds ring, the couple rings suit for wedding band, anniversary gift?man size 10, ?woman size 7, buy?;False;140;25;False;False;False;0.678;False;0.014285714285714285;False;False;pos;1.0;167;341;707;3962;False;True;True;0.0
857293208010629120;['@', 'Wells4TheWin', '@', 'Groupon', 'Haha', 'man', 'always', 'buying', 'shit'];@Wells4TheWin @Groupon Haha same here man always buying some shit;False;65;9;False;False;False;0.0;False;0.07692307692307693;False;False;neg;1.0;1716;4068;339;661;False;True;False;0.0
857293292127494144;"['``', 'someone', 'reflexology', 'regular', 'basis', 'best', 'practitioners', 'world', ',', 'would', '...', ""''"", '@', 'Groupon', '#', 'HappyCustomer']";"""As someone who has had reflexology on a regular basis from some of the best practitioners in the world, I would..."" @Groupon #HappyCustomer";False;140;16;False;False;False;0.0;True;0.03571428571428571;True;False;pos;1.0;2290;68;11;22;False;True;True;0.0
857293319507910657;"['``', 'wonderful', ',', 'relaxing', 'experience', '!', ""''"", '@', 'Groupon', '#', 'HappyCustomer']";"""A wonderful, relaxing experience!"" @Groupon #HappyCustomer";False;59;11;False;True;False;0.0;False;0.06779661016949153;True;False;pos;1.0;2290;69;11;22;False;True;True;0.0
857293339250507776;"['``', 'Extremely', 'Pleased', '!', 'Christine', 'amazing', ',', 'definitely', 'going', 'back', '.', ""''"", '@', 'Groupon', '#', 'HappyCustomer']";"""Extremely Pleased! Christine was amazing, definitely going back."" @Groupon #HappyCustomer";False;90;16;False;True;False;0.0;False;0.06666666666666667;True;False;pos;1.0;2290;70;11;22;False;True;True;0.0
857293358149943296;"['``', 'Christine', 'knowledgeable', 'also', 'intuitive', '.', 'found', 'experience', 'thoroughly', '...', ""''"", '@', 'Groupon', '#', 'HappyCustomer']";"""Christine is very knowledgeable and also intuitive about what she does. I found the experience to be thoroughly..."" @Groupon #HappyCustomer";False;140;15;False;False;False;0.0;True;0.03571428571428571;True;False;pos;1.0;2290;71;11;22;False;True;True;0.0
857293373799092224;['@', 'donniep223', '@', 'Groupon', 'lol', 'seems', 'like', 'always', 'send', 'alerts', 'new', 'deals', 'get', 'paid'];@donniep223 @Groupon lol and it seems like they always send you alerts on new deals when you get paid;False;101;14;False;False;False;0.0;True;0.009900990099009901;False;False;pos;1.0;2791;87592;1411;912;False;True;False;0.0
857293451209170945;"[""'m"", 'addicted', 'Groupon']";I'm addicted to Groupon;False;23;3;False;False;False;0.0;True;0.08695652173913043;False;False;neg;0.8;1610;38445;500;273;False;False;False;0.0
857293528178864129;"['$', '35', 'BJ', ""'s"", 'Wholesale', 'Inner', 'Circle', 'Membership', '@', 'Groupon', '!', 'https', ':', '//t.co/b4QKuxsqz1', 'https', ':', '//t.co/LE7KE4L7JW']";$35 Off BJ's Wholesale Inner Circle Membership from @Groupon!   ;False;110;17;False;True;False;0.0;False;0.15454545454545454;False;False;pos;1.0;417;340;66;82;False;True;True;0.0
857294088911060992;['@', 'DiabeticJew', 'Please', 'send', 'email', 'support.sm', '@', 'groupon.com', 'address', 'use', 'site', 'assistance', 'cancelled', 'games', '.'];@DiabeticJew Please send an email to support.sm@groupon.com from the address you use on our site for assistance with cancelled games.;False;133;15;False;False;False;0.0;True;0.022556390977443608;False;False;pos;1.0;335;4995;1257;42;True;True;True;0.0
857294839783837697;['@', 'annispice', '@', 'Ofcom', 'Bbc', 'joke', ',', 'begining', 'think', 'reporters', 'got', 'qualifications', 'groupon', '!'];@annispice @Ofcom Bbc is a joke now, begining to think reporters got their qualifications off groupon !;False;103;14;False;True;False;0.0;False;0.019417475728155338;False;False;pos;1.0;857;1429;155;174;False;True;False;3.0
857318137456349184;['Alanna', 'Shabby', 'Chic', 'Wrought', 'Iron', 'Bed', '-', '$', '332.99', ':', 'Groupon', 'offers+', 'Alanna', 'Shabby', 'Chic', 'Wrought', 'Iron', 'Bed', '$', '332.99', 'with…', 'https', ':', '//t.co/EZ7LanMZcl'];Alanna Shabby Chic Wrought Iron Bed - $332.99: Groupon offers+ Alanna Shabby Chic Wrought Iron Bed for $332.99 with… ;True;140;24;False;False;False;0.0;False;0.12857142857142856;False;False;neg;0.8;1147;147391;492;3;False;True;True;0.0
857318144213266432;['Alanna', 'Shabby', 'Chic', 'Wrought', 'Iron', 'Bed', '-', '$', '332.99', ':', 'Groupon', 'offers+', 'Alanna', 'Shabby', 'Chic', 'Wrought', 'Iron', 'Bed', '$', '332.99', 'with…', 'https', ':', '//t.co/xs32gKPOaS'];Alanna Shabby Chic Wrought Iron Bed - $332.99: Groupon offers+ Alanna Shabby Chic Wrought Iron Bed for $332.99 with… ;True;140;24;False;False;False;0.0;False;0.12142857142857143;False;False;neg;0.8;957;176975;420;14;False;True;True;0.0
857318146532716544;['Alanna', 'Shabby', 'Chic', 'Wrought', 'Iron', 'Bed', '-', '$', '332.99', ':', 'Groupon', 'offers+', 'Alanna', 'Shabby', 'Chic', 'Wrought', 'Iron', 'Bed', '$', '332.99', 'with…', 'https', ':', '//t.co/9HWpsYZViu'];Alanna Shabby Chic Wrought Iron Bed - $332.99: Groupon offers+ Alanna Shabby Chic Wrought Iron Bed for $332.99 with… ;True;140;24;False;False;False;0.0;False;0.12857142857142856;False;False;neg;0.8;957;178050;464;139;False;True;True;0.0
857319017194807296;"['C', '$', '109', 'Interior', '&', 'amp', ';', 'Exterior', 'Detailing', 'Package', 'Car', 'SUV', 'Triluxury', 'Automotive', '-', 'C', '$', '220', 'Value', '-', 'https', ':', '//t.co/5xDWg7x1B7']";"C$109 for Interior &amp; Exterior Detailing Package for a Car or SUV at Triluxury Automotive  - C$220 Value  -  ";False;135;23;False;False;False;0.0;False;0.11851851851851852;False;False;pos;0.6;2666;10579;15445;9094;False;True;True;0.0
857320781864329216;['76', '%', 'Acupuncture', 'Treatment', 'Initial', 'Consultation', 'https', ':', '//t.co/WkdUD5Gfnb', 'https', ':', '//t.co/kP2KoPbYRo'];76% Off Acupuncture Treatment and an Initial Consultation  ;False;105;12;False;False;False;0.0;False;0.13333333333333333;False;False;neg;0.8;216;28276;552;0;False;True;False;0.0
857322365683986433;['anyone', 'ever', 'taken', 'Groupon', 'vacation', '?'];Has anyone ever taken a Groupon vacation?;False;41;6;True;False;False;0.0;False;0.04878048780487805;False;False;neg;0.8;1968;4529;95;77;False;False;False;0.0
857322541509160962;['got', 'groupon', 'thing', 'couple', 'massage', 'low..', '?'];I got a groupon thing for a couple massage for the low.. who down?;False;66;7;True;False;False;0.0;True;0.015151515151515152;False;False;pos;1.0;1847;75581;1582;900;False;True;False;0.0
857322877984456704;['@', 'JH__89', 'Go', 'Groupon'];@JH__89 Go on Groupon;False;21;4;False;False;False;0.0;False;0.19047619047619047;False;False;pos;1.0;1555;20014;904;261;False;True;False;0.0
857322909966225408;"['S/o', '#', 'Groupon', 'kicks', '??', 'ready', 'fi', 'glow', 'tonight', 'class', '.', '7:30pm', '(', '(', '305', ')', ')', 'er', ""'s"", 'you…', 'https', ':', '//t.co/m5Nm6ssvDv']";"S/o to #Groupon for the kicks ?? ready fi glow tonight in class. 

7:30pm ((305)) er's where you… ";False;121;23;False;False;False;0.0;False;0.03305785123966942;True;True;pos;1.0;2197;2292;253;165;False;True;True;0.0
857322929637527553;['@', 'theatrefairy26', 'Crazy', 'bear', 'often', 'Groupon', 'child', 'hotel', ',', 'sort', 'thing', 'u', 'looking', '?'];@theatrefairy26 Crazy bear is often on Groupon not a child hotel, what sort of thing u looking for?;False;99;14;True;False;False;0.0;False;0.020202020202020204;False;False;pos;0.8;1716;36950;88;69;False;True;True;0.0
857323118817406977;['Get', '#', 'Groupon', '#', 'coupon', '1st', 'month', '$', '100', '$', '200', 'Worth', '#', 'SocialMedia', 'Management', '@', 'SingularityLLP', '-', 'https', ':', '//t.co/IOh8lSRPAw'];Get your #Groupon #coupon for 1st month $100 for $200 Worth of #SocialMedia Management @SingularityLLP -  ;False;129;21;False;False;False;0.0;False;0.12403100775193798;True;False;pos;1.0;35;2455;801;635;False;True;True;1.0
857323806179954688;"['``', 'Staff', ',', 'service', 'whole', 'experience', 'excellent', '.', 'definitely', 'go', 'back', '.', ""''"", '@', 'Groupon', '#', 'HappyCustomer']";"""Staff, service and whole experience was excellent. I will definitely go back."" @Groupon #HappyCustomer";False;103;17;False;False;False;0.0;True;0.04854368932038835;True;False;pos;1.0;548;146;40;34;False;False;True;0.0
857323955815723008;['3', 'days', ':', 'Save', 'extra', '20', '%', 'Groupon', 'https', ':', '//t.co/m1yHGFQBZa'];3 days: Save extra 20% on a Groupon ;False;59;11;False;False;False;0.0;False;0.13559322033898305;False;False;pos;1.0;3005;26284;26160;3304;False;True;True;0.0
857323963663261700;['Many', 'DuraBoard', 'pegboard', 'products', '#', 'sale', 'Groupon', '!', 'Check', ':', 'https', ':', '//t.co/tpfkXsFYEp'];Many of our DuraBoard pegboard products are on #sale at Groupon! Check them out here: ;False;109;13;False;True;False;0.0;True;0.08256880733944955;True;False;neg;0.8;1929;1152;125;226;False;True;True;0.0
857324107767193602;['need', 'groupon', 'dope'];I need a groupon for all this dope;False;34;3;False;False;False;0.0;True;0.029411764705882353;False;False;neg;0.8;2925;106326;1888;1314;False;True;True;0.0
857324138230415360;"['10-Punch', 'Pass', ',', 'Two', '``', 'Parent', ""'s"", 'Night', ""''"", 'Passes', ',', 'Weekday', 'Birthday', '15', 'Pump', '(', '49', '%', ')', 'https', ':', '//t.co/JZnUR2FSrw']";"10-Punch Pass, Two ""Parent's Night Out"" Passes, or Weekday Birthday for 15 at Pump It Up (Up to 49% Off)

";False;129;22;False;False;False;0.0;True;0.15503875968992248;False;False;neg;0.8;1104;2765;525;2132;False;True;True;0.0
857324346339184644;['@', 'Cryptocracy2020', ',', 'Move', ',', 'Groupon', 'https', ':', '//t.co/tC82lMoreE'];@Cryptocracy2020, Move over, Groupon ;False;60;9;False;False;False;0.0;False;0.1;False;False;pos;1.0;1038;233776;80991;79392;False;True;True;0.0
857324891854581764;"[""'s"", '40', '%', 'discount', 'use', 'Top', 'Pot', 'Doughnuts', 'signature', 'doughnuts', '.', 'https', ':', '//t.co/uxaLiwmUBY']";Here's a 40% discount that you can use over at Top Pot Doughnuts for their signature doughnuts. ;False;119;14;False;False;False;0.0;True;0.06722689075630252;False;False;neg;0.8;1125;238;12;8;False;True;False;0.0
