;words;num_stop_words;words_no_url;duplicate;len_characters;num_words;has_question_mark;has_exclamation_mark;has_multi_quest_exclam;emotji_sent_score;has_pronoun;count_upper;has_hashtag;retweet_count;urls_wiki;urls_moz;reg_age;status_cnt;followers_cnt;friends_cnt;verified;has_desc;has_url;msg_p_day;label
883266298611982337;['hedgehog', 'storybook', 'catman', 'notebooks', 'via', 'amazon', 'kidsbirthday', 'partyfavors', 'hedgehog', 'writing', 'schoolbooks'];3;My Hedgehog Storybook by catman notebooks  via @amazon #kidsbirthday #partyfavors #hedgehog #writing #schoolbooks;False;136;11;False;False;False;0.0;False;0.051;True;0.0;True;False;3129;1461;729;1103;False;True;True;0.467;2
862293211234136066;['number', 'robots', 'working', 'amazon', 'jonerlichman'];4;Number of robots working in Amazon warehouses:  2016: 45,000 2015: 30,000 2014: 15,000 2013: 1,000 — @JonErlichman ;False;138;5;False;False;False;0.0;False;0.051;False;154.0;False;False;2377;322630;213735;400;True;True;True;135.73;1
869140837145489409;['fantasy', 'lkkelley1the', 'white', 'wolf', 'prophecyfantastically', 'supernatural'];2;TIME-TRAVEL #FANTASY @LKKelley1 THE WHITE WOLF PROPHECY Fantastically Supernatural #ASMSG  ;False;137;6;False;False;False;0.0;False;0.423;True;7.0;True;False;1213;849357;132492;124255;False;True;True;700.212;2
879790799805849600;['maybe', 'way', 'survive', 'world', 'gone', 'mad', 'embracing', 'horror', 'zombie', 'thriller', 'free', 'ku…'];9;Maybe the only way to survive a world gone mad is by embracing the madness. #horror #zombie #thriller #FREE on KU… ;False;138;12;False;False;False;0.0;False;0.094;True;116.0;True;False;583;181991;29604;25397;False;True;True;312.163;2
869137325749567490;['check', 'honey', 'puddle', 'honeypuddlesmut', 'questionable', 'morals', 'amp', 'filthy', 'imagination', 'makes', 'sexy', 'erotica'];5;"Check out: Honey Puddle @honeypuddlesmut questionable morals &amp; a filthy imagination which makes for sexy erotica. ";False;141;12;False;False;False;0.0;False;0.035;False;0.0;True;False;1239;524841;24711;12648;False;True;True;423.6;2
860784967957200896;['new', 'post', 'amazon', 'leak', 'exposes', 'echo', 'ai', 'device', 'touch', 'display', 'fireos'];3;New post: Amazon Leak Exposes Echo AI Device With Touch Display and FireOS ;False;98;11;False;False;False;0.0;False;0.184;False;0.0;False;False;2750;156605;196;0;False;True;True;56.947;1
879973926767603712;['amazon', 'bringing', 'deliveries', 'drone', 'uk', 'amazon', 'drones', 'doncasterisgreat', 'ittweetsuk'];7;Amazon are now bringing you deliveries by Drone in the UK         ! #Amazon #Drones #doncasterisgreat #ITTweetsUK;False;136;9;False;True;False;0.0;True;0.096;True;15.0;False;False;2428;862;1170;1598;False;True;True;0.355;1
868991549622931457;['amazon', 'readers', 'rate', 'higher', 'king’s', 'dark', 'tower', 'stephenking', 'thriller…'];5;Amazon readers rate it higher than King’s, The Dark Tower -  #stephenking #thriller… ;False;131;9;False;False;False;0.0;True;0.115;True;125.0;True;False;1863;86222;58942;49263;False;True;True;46.281;2
874983068309880833;['amazon', 'healthcare', 'accolade', 'unveils', 'ai', 'platform', 'app', 'personalize', 'healthcare', 'assistance'];5;The Amazon of healthcare? Accolade unveils AI platform and app that personalize healthcare assistance  ;False;126;10;True;False;False;0.0;False;0.056;False;2.0;False;False;2728;24205;9511;3331;False;True;True;8.873;1
869123690797166592;['various', 'story', 'lines', 'twist', 'turn', 'converging', 'amazon', 'usa', 'review', 'thriller', 'iartg'];5;'Weaves through various story lines which twist and turn before converging.' Amazon USA review.   #thriller  #IARTG;False;138;11;False;False;False;0.0;False;0.087;True;6.0;False;False;1381;409152;47737;41554;False;True;True;296.272;2
862291773736878080;['inside', 'amazon', 'grand', 'plan', 'control', 'eat'];5;Inside Amazon's Grand Plan to Control How You Eat  ;False;97;6;False;False;False;0.0;True;0.165;False;0.0;False;False;131;1575;261;247;False;True;True;12.023;1
875703660466102272;['amazon', 'buying', 'whole', 'foods', 'make', 'line', 'checkout', 'happen', 'one', 'store', 'whole', 'foods'];11;Amazon buying Whole Foods will make their No Line No Checkout happen.... they only have one store now they have Whole Foods now;False;127;12;False;False;False;0.0;True;0.071;False;11.0;False;False;2625;635195;11699;5534;False;True;False;241.979;1
875733966678052866;['amazon', 'buy', 'wholefoods', 'summer', 'change', 'things'];6;Amazon to buy Wholefoods this summer.  How will it change things? ;False;89;6;True;False;False;0.0;True;0.101;False;0.0;False;False;1609;624;176;143;False;True;True;0.388;1
875721262303195136;['amazon', 'secretly', 'acquires', 'atlanta', 'visual', 'search', 'startup', 'partpic', 'turns', 'a9', 'team', 'amzn'];3;Amazon secretly acquires Atlanta visual search startup Partpic, turns it into A9 team $AMZN @atdc ;False;121;12;False;False;False;0.0;True;0.099;False;16.0;False;False;3099;24022;191478;27641;False;True;True;7.752;1
882918407297011712;['makemoney', 'amazon', 'learn', 'secrets', 'earn', 'amazon', 'click', 'later', 'retweet…'];9;How to #makemoney on #amazon. Learn the secrets to earn 100/day with amazon! Click the link-thank me later #retweet… ;False;140;9;False;True;False;0.0;True;0.057;True;9.0;True;False;384;19205;3719;4987;False;True;True;50.013;2
882974120706691076;['entered', 'alertbot', 'contest', 'win', 'amazon', 'fire', 'tv', 'stick', 'legobatmanmovie', 'prizes', 'lego', 'batman'];5;I just entered @AlertBot's contest to win an @Amazon Fire TV Stick + @LEGOBatmanMovie Prizes!  #lego #batman;False;131;12;False;True;False;0.0;True;0.137;True;0.0;False;False;2680;42882;876;5000;False;True;False;16.001;2
869138316205182977;['premium', 'eye', 'serum', 'wrinkles', 'puffiness', 'dark', 'via', 'amazonuk'];2;PREMIUM super-enriched anti-ageing eye serum for wrinkles, puffiness, dark ...  via @AmazonUK;False;116;8;False;False;False;0.0;False;0.112;False;0.0;True;False;2275;14013;289;4200;False;True;False;6.16;2
862288354754383872;['trust', 'amazon', 'partner', 'may', 'create', 'competing', 'device', 'shows', 'signs', 'success', 'via', 'cnet'];10;Can you trust Amazon as a partner? They may create a competing device if it shows signs of success.  via @CNET;False;133;12;True;False;False;0.0;True;0.09;False;0.0;False;False;1675;57;30;186;False;True;True;0.034;1
882972714176327680;['previous', 'life', 'spent', 'orphanage', 'run', 'nkvd', 'army', 'obvious', 'next', 'step', 'ian1', 'bzbooks…'];9;"""My previous life was spent in an orphanage run by NKVD; the army was the obvious next step."" #ian1 #bzbooks… ";False;133;12;False;False;False;0.0;False;0.083;True;19.0;True;False;1633;315003;45497;34993;False;True;True;192.898;2
875734309612793856;['whole', 'foods', 'stock', 'rockets', '28', 'billion', 'amazon', 'takeover'];2;Whole Foods stock rockets 28% on $13.7 billion Amazon takeover deal  ;False;92;8;False;False;False;0.0;False;0.087;False;0.0;False;False;1203;2782;149;577;False;True;False;2.313;1
875730671993573376;['online', 'retail', 'giant', 'amazon', 'buying', 'organic', 'grocery', 'chain', 'wholefoods', 'billion'];4;Online retail giant @amazon is buying organic grocery chain @WholeFoods for $13.7 billion in cash.… ;False;123;10;False;False;False;0.0;False;0.065;False;47.0;True;False;3282;124569;1721632;954;True;True;True;37.955;1
883244285541457920;['happy', 'worldchocolateday', 'win', 'boxes', 'double', 'chocolate', 'mini', 'loaves', 'simply', 'rt', 'amp', 'flw', 'chocolate…'];7;"Happy #WORLDCHOCOLATEDAY! To #win 1 of 6 boxes of our Double Chocolate mini loaves, simply RT &amp; FLW #chocolate… ";False;139;13;False;True;False;0.0;False;0.216;True;1339.0;True;False;1148;973;6969;443;False;True;False;0.848;2
862287508788305921;['amazon', 'attracted', 'blondie', 'katie', 'melua', 'texas', 'alison', 'moyet', 'play', 'london', 'gigs', 'prime', 'members…'];5;How Amazon attracted Blondie, Katie Melua, Texas and Alison Moyet to play 'intimate' London gigs for Prime members… ;False;139;13;False;False;False;0.0;False;0.101;False;0.0;True;False;168;2877;132;198;False;True;False;17.125;1
877802103250444291;['report', 'amazon', 'lower', 'prices', 'whole', 'foods'];4;Report: Amazon to lower prices at Whole Foods  ;False;93;6;False;False;False;0.0;False;0.183;False;2251.0;False;False;3190;26064;131046;68;True;True;True;8.171;1
860806084008841216;['amazon', 'echo', 'touchscreen', 'leaked', 'yesterday'];6;Amazon Echo With TouchScreen Was Leaked And It's So Yesterday ;False;85;5;False;False;False;0.0;True;0.176;False;0.0;False;False;726;795;602;1650;False;True;True;1.095;1
862289977111085057;['walmart', 'trying', 'crush', 'amazon', 'better', 'deals', 'winning', 'price', 'war'];8;Walmart is trying to crush Amazon with better deals — here's who's winning the price war ;False;112;9;False;False;False;0.0;False;0.062;False;0.0;False;False;447;370;240;1147;False;True;False;0.828;1
883070419942727682;['remember', 'jeff', 'fisher', 'challenge', 'flag', 'fiasco', 'gillette', 'last', 'year', 'mic', 'new', 'nothi…'];10;"Remember Jeff Fisher's challenge flag fiasco at Gillette last year? Here it is mic'd up, from the new ""All or Nothi… ";False;140;12;True;False;False;0.0;True;0.064;False;184.0;True;False;2505;23771;5770;1217;True;True;True;9.489;2
875734493021208576;['deal', 'potential', 'shake', 'amazon', 'ist', 'buy', 'organic', 'grocer', 'wholefoods'];7;A deal that has potential to shake up the retail-sector: #Amazon ist to buy organic grocer #WholeFoods @dw_business;False;115;9;False;False;False;0.0;False;0.035;True;0.0;False;False;1248;570;208;161;False;True;False;0.457;1
875720781078069248;['amazon', 'big', 'spends', 'content', 'abc', 'nbc', 'hbo', 'cbs', 'tv', 'afterthought', 'business', 'model'];12;Amazon is so big it spends more on content than ABC, NBC, HBO, and CBS. And tv is an afterthought in its business model!;False;120;12;False;True;False;0.0;True;0.117;False;35.0;False;False;3817;43461;39103;1547;True;True;True;11.386;1
862291143240929280;['amazon', 'reduces', 'free', 'shipping', 'minimum', 'time', '25', 'via', 'digitaltrends'];8;Amazon reduces its free shipping minimum — again — this time to $25  via @DigitalTrends ;False;134;9;False;False;False;0.0;False;0.104;False;0.0;False;False;2347;6829;555;865;False;True;False;2.91;1
860803936873263104;['amazon', 'really', 'make', 'sense', 'groceries'];5;Can #Amazon really make any sense of groceries?  ;False;95;5;True;False;False;0.0;False;0.074;True;0.0;False;False;622;252;240;7;False;True;True;0.405;1
882102405432848385;['gold', 'winner', 'deep', 'like', 'ocean', 'amp', 'light', 'like', 'air', 'mrsdbooks', 'ya', 'amp'];6;"  International GOLD #Winner! Deep like an ocean &amp; light like the air @MRSDBOOKS for #YA &amp;… ";False;146;12;False;True;False;0.0;False;0.185;True;159.0;True;False;1621;1002963;29989;14162;False;True;True;618.731;2
878192509297451008;['amazon’s', 'drone', '‘beehive’', 'patent', 'proves', 'company', 'full', 'mad', 'scientists', 'fastcompany'];4;Amazon’s drone ‘beehive’ patent proves the company is full of mad scientists  FastCompany;False;112;10;False;False;False;0.0;False;0.08;False;0.0;False;False;165;17317;32;22;False;True;False;104.952;1
874987925829591040;['sense', 'introduces', 'skill', 'amazon', 'alexa', 'monitor', 'home', 'energy', 'use'];3;Sense Introduces Skill for Amazon Alexa to Monitor Home Energy Use ;False;90;9;False;False;False;0.0;False;0.122;False;0.0;False;False;2455;378734;70816;25;False;True;True;154.27;1
878192374047965184;['amazon', 'paying', 'per', 'user', 'buy', 'slack', 'might', 'make', 'perfect', 'sense', 'submitted'];3;Amazon paying $6,000 per user to buy Slack might make perfect sense: submitted by /u… ;False;109;11;False;False;False;0.0;False;0.073;False;0.0;False;False;2231;65842;260;0;False;True;False;29.512;1
868926233811320833;['lamourdespieds', 'amazon', 'using', 'products', 'run', 'ads', 'hateful', 'amp', 'sexist', 'breitbart', 'site', 'ask', 'kn…'];8;"@LAmourDesPieds Hi-@amazon is using your products to run ads on the hateful &amp; sexist Breitbart site. Ask them to kn… ";False;144;13;False;False;False;0.0;True;0.069;False;44.0;True;False;1521;1367;202;321;False;True;True;0.899;2
870010337482899456;['aws', 'expands', 'vps', 'service', 'amazon', 'lightsail', 'regions'];3;AWS Expands VPS Service Amazon Lightsail to More Regions ;False;80;7;False;False;False;0.0;False;0.2;False;0.0;False;False;1745;26710;1587;1868;False;True;True;15.307;1
875709527672459264;['target', 'shares', 'plunge', 'amazon', 'agree', 'buy', 'wholefoods'];4;Target shares plunge after Amazon agree to buy Wholefoods  ;False;105;7;False;False;False;0.0;False;0.124;False;42.0;False;False;2928;58413;353364;281;True;True;True;19.95;1
879985241011761152;['torn', 'stepbrother', 'hot', 'amazon', 'menage', 'indie…'];7;She's torn between her #stepbrother and the hot #badboy   (Amazon)  #menage #indie… ;False;130;6;False;False;False;0.0;True;0.085;True;2.0;True;False;2108;58705;5893;5796;False;True;True;27.849;2
870012922319167488;['checkout', 'amazon', 'hits', 'per', 'stock', 'share', 'company', 'next'];11;Checkout this on  Amazon Hits $1,000 per stock share. What company is next to do the same?… ;False;139;8;True;False;False;0.0;False;0.094;False;0.0;True;False;3331;43015;2845;2885;False;True;True;12.914;1
874982871185973248;['ikeausa', 'amazon', 'one', 'less', 'reason', 'ever', 'go', 'nova'];8;With @IKEAUSA now on Amazon, there is now one less reason to ever go to NOVA;False;76;8;False;False;False;0.0;False;0.171;False;0.0;False;False;3650;62414;3241;485;False;True;True;17.1;1
862287178184876032;['authors', 'guild', 'joins', 'warnings', 'amazon', 'changed', 'book', 'sales', 'policy', 'via', 'pubperspectives'];2;Authors Guild Joins Warnings on Amazon's Changed Buy-Button Book Sales Policy  via @pubperspectives;False;122;11;False;False;False;0.0;False;0.131;False;0.0;False;False;1142;666;195;352;False;True;True;0.583;1
875717910970466304;['rival', 'grocery', 'stocks', 'plunge', 'whole', 'foods', 'bought', 'amazon'];5;Rival grocery stocks plunge after Whole Foods is bought by Amazon  ;False;113;8;False;False;False;0.0;False;0.124;False;18.0;False;False;2928;58413;353364;281;True;True;True;19.95;1
862291262019391488;['amazon', 'invested', 'millions', 'startup', 'nucleus', 'cloned', 'product', 'new', 'echo', 'recode'];8;#Amazon invested millions in the #startup #Nucleus — then cloned its product for the new #Echo - Recode ;False;127;10;False;False;False;0.0;False;0.087;True;0.0;False;False;1922;41174;4111;3691;False;True;True;21.422;1
862291140044873729;['amazon', 'boss', 'jeff', 'bezos', 'wants', 'start', 'shipping', 'packages', 'moon', 'via', 'verge'];5;#Amazon boss Jeff Bezos wants to start shipping packages to the Moon  via @Verge ;False;127;11;False;False;False;0.0;False;0.071;True;0.0;False;False;3043;4018;748;2148;False;True;True;1.32;1
879987616640356354;['tesco', 'announces', 'delivery', 'london', 'retail', 'supplychain'];3;Tesco now announces one-hour delivery in London #retail #SupplyChain ;False;92;6;False;False;False;0.0;False;0.098;True;0.0;False;False;541;549;361;401;False;True;True;1.015;1
879987981867769856;['dragon', 'shop', 'mo', 'big', 'please', 'share', 'help', 'hoard', 'grow'];7;@roary_dragon has a #dragon shop!  Mo big surprize- but please share and help his #hoard grow ;False;140;9;False;True;False;0.0;False;0.093;True;0.0;False;False;832;5382;417;1102;False;True;True;6.469;2
878999033943138305;['amazon', 'acquired', 'training', 'ground', 'retail', 'artificial', 'intelligence', 'research', 'geekwire…'];4;Amazon just acquired a training ground for retail artificial intelligence research - GeekWire… ;False;118;9;False;False;False;0.0;False;0.042;False;28.0;True;False;2613;21219;27568;14384;False;True;True;8.121;1
869128714218602496;['99p', 'download', 'brilliant', 'number', 'liar', 'ge2017', 'captain', 'records', 'via', 'amazonuk'];6;99p download. It'd be brilliant if this was Number 1. Liar Liar Ge2017 CAPTAIN'S RECORDS  via @AmazonUK;False;126;10;False;False;False;0.0;True;0.23;False;0.0;True;False;1181;5792;326;870;False;True;False;4.904;2
865756204953358336;['amazon', 'purchases', 'google', 'searches', 'facebook', 'likes', 'helps', 'ai', 'predict', 'gender', 'political', 'views', 'michalkosinski', 'chmlive'];5;Amazon purchases, Google searches, and Facebook likes, helps AI predict your gender, political views, and more. –@michalkosinski #CHMlive;False;137;14;False;False;False;0.0;False;0.058;True;31.0;False;False;3197;18676;426183;1458;True;True;True;5.842;1
868841378922479617;['trafficking', 'billward10bill', 'mustread', 'crimefiction', 'thriller', 'rrbc', 'kindleunlimited'];4;Trafficking by @Billward10Bill ~ A #mustread #crimefiction #thriller! #RRBC #KindleUnlimited  ;False;140;7;False;True;False;0.0;False;0.136;True;1.0;True;False;1638;670348;115804;116345;False;True;True;409.248;2
860807119498620928;['amazon', 'might', 'working', 'single', 'support', 'fire', 'tv'];4;Amazon might be working on single sign-on support for Fire TV ;False;85;7;False;False;False;0.0;False;0.082;False;0.0;False;False;1921;24205;84;83;False;True;False;12.6;1
879986665187573760;['babymetal', 'one', 'nowplaying', 'jrock'];2;#BABYMETAL - THE ONE #nowplaying #jrock ;False;63;4;False;False;False;0.0;False;0.317;True;0.0;True;False;82;18284;293;1116;False;True;True;222.976;2
883266080625405952;['ableton', 'live', '?dj'];2;Ableton Live??DJ!! ??;False;67;3;False;True;True;0.0;False;0.179;False;0.0;True;False;2298;47841;2018;945;False;True;True;20.819;2
869125230773587968;['handmade', 'zodiac', 'clock', 'wood', 'astrology', 'academiczodiac'];3;Handmade #Zodiac clock in wood #astrology #academiczodiac #ticktock  -  -… ;False;121;6;False;False;False;0.0;False;0.099;True;0.0;True;False;220;22342;196;25;False;True;True;101.555;2
869137749256753153;['best', 'buy', 'prove', 'jb', 'hi', 'fi', 'still', 'achieve', 'growth', 'amazon'];5;Best Buy Prove That JB HI Fi Still Can Achieve Growth, Up Against Amazon ;False;96;10;False;False;False;0.0;False;0.208;False;0.0;False;False;1181;432;101;98;False;True;False;0.366;1
875734022097391618;['amazon', 'buying', 'whole', 'foods', 'many', 'possibilities'];3;Amazon is buying Whole Foods. So many possibilities here!;False;57;6;False;True;False;0.0;False;0.07;False;0.0;False;False;3111;3586;4160;3935;False;True;True;1.153;1
883266093737029632;['amazon', 'said', 'working', 'translation', 'services', 'aws', 'customers'];5;Amazon said to be working on translation services for AWS customers ;False;91;7;False;False;False;0.0;False;0.077;False;0.0;False;False;1093;30021;13286;11919;False;True;True;27.467;1
862289193782968320;['amazon', 'officially', 'unveils', 'touchscreen', 'echo', 'show', 'tech', 'feedly'];1;"""Amazon officially unveils touchscreen Echo Show""  #tech #feedly";False;87;8;False;False;False;0.0;False;0.046;True;0.0;False;False;2894;1945;295;469;False;True;False;0.672;1
874985025665720320;['internet', 'giant', 'amazon', 'set', 'join', 'automotive', 'retail', 'sector', 'looks', 'europe', 'first'];6;Internet Giant, Amazon, set to join the #Automotive Retail Sector - looks to Europe for its first entry-to-market… ;False;138;11;False;False;False;0.0;False;0.072;True;0.0;True;False;1130;17466;7038;4429;False;True;True;15.457;1
868973386977988608;['new', 'sky', 'eyes', 'watcher', 'steampunk', 'scifi', 'get', 'fun', 'books'];6;New Sky - Eyes of the Watcher #steampunk #scifi  #hot-seller! Get in on the fun! #books;False;110;9;False;True;True;0.0;False;0.082;True;4.0;True;False;2348;168508;2527;2124;False;True;True;71.767;2
883265590785445888;['jeffbezos', 'amazon', 'truly', 'supports', 'parisclimateagreement', 'need', 'dropbreitbart', 'cc', 'sierrarise'];5;.@JeffBezos if @amazon truly supports the #ParisClimateAgreement you need to #DropBreitbart  cc: @SierraRise;False;131;9;False;False;False;0.0;True;0.115;True;0.0;False;False;1977;279;10;68;False;True;False;0.141;2
879987842390339584;['amazon', 'world’s', 'remarkable', 'firm', 'getting', 'started'];6;Amazon, the world’s most remarkable firm, is just getting started  ;False;113;6;False;False;False;0.0;False;0.088;False;1.0;False;False;3787;8366;3351;3594;False;True;True;2.209;2
876665851121983488;['amazon', 'food', 'deal', 'shakes', 'woolworths', 'wesfarmers', 'metcash', 'suemitchellafr', 'ausbiz', 'retail'];2;.@amazon's food deal shakes @woolworths, Wesfarmers and #Metcash. @suemitchellafr #ausbiz #Retail ;False;121;10;False;False;False;0.0;False;0.074;True;3.0;False;False;3153;120815;252273;257;True;True;True;38.317;1
876714905130344448;['stock', 'market', 'amazon', 'drowns', 'grocers', 'save', 'whole', 'foods'];4;In Stock Market, Amazon Drowns Grocers To Save Whole Foods  ;False;106;8;False;False;False;0.0;False;0.16;False;0.0;False;False;2564;44443;5717;1856;False;True;True;17.333;1
869138880322252800;['author', 'barbara', 'brink’s', 'talents', 'shine', 'double', 'barrel', 'mysteries', 'roadkill', 'cr4u', 'mystery', 'cozy'];4;"""Author Barbara E Brink’s talents shine in her Double Barrel Mysteries series.” ROADKILL  #CR4U #mystery #cozy";False;133;12;False;False;False;0.0;False;0.15;True;6.0;True;False;2774;87761;5236;3653;False;True;True;31.637;2
875734483449724928;['intel', 'helping', 'amazon', 'build', 'alexa', 'artificial', 'intelligence', 'kingdom', 'seeking', 'alpha', 'intel', 'helping', 'amazon……'];4;Intel Is Helping Amazon Build Its Alexa Artificial Intelligence Kingdom - Seeking Alpha: Intel Is Helping Amazon…… ;False;138;13;False;False;False;0.0;False;0.145;False;0.0;True;False;924;3402;228;475;False;True;True;3.682;1
875733804605952001;['amazon', 'buying', 'whole', 'foods', 'whopping', 'billion', 'good', 'deal', 'the…'];7;#Amazon Is Buying Whole Foods for a Whopping $13.7 Billion -- Is It a Good Deal?: The… ;False;110;9;True;False;False;0.0;True;0.155;True;0.0;False;False;719;35451;93;0;False;True;False;49.306;1
883266178566803457;['highly', 'recommended', 'lovers', 'history', 'fantasy', 'customer', 'historical', 'novel'];5;Highly recommended for lovers of history and fantasy 5*s-Amazon Customer   #historical #novel;False;139;8;False;False;False;0.0;False;0.065;True;1.0;False;False;1032;33540;2506;4764;False;True;False;32.5;2
879790844634595328;['check', 'cyruswebb', '5star', 'review', 'infinitepossibilities', 'scifi', 'bestseller'];5;Check out @CyrusWebb's #5star review of #InfinitePossibilities: C Vol.2 #scifi #bestseller  ;False;138;7;False;False;False;0.0;False;0.101;True;6.0;True;False;3057;387478;42359;37518;False;True;True;126.751;2
875718676816818176;['amazon', 'bought', 'whole', 'foods', 'nearly', '14', 'billion', 'future', 'stores', 'could'];8;Amazon just bought Whole Foods for nearly $14 billion — here's what future stores could be  ;False;138;10;False;False;False;0.0;False;0.087;False;112.0;False;False;3127;413709;2106845;188;True;True;True;132.302;1
879986545234657281;['get', 'timothioussmith', 'second', 'book', 'poems', 'incomplete', 'amazon', 'short', 'time'];6;"Get @TimothiousSmith's second book of #Poems, ""Incomplete"" on #Amazon for a short time at $1.99 ";False;119;9;False;False;False;0.0;False;0.092;True;0.0;True;False;1083;453286;49605;30901;False;True;True;418.547;2
879986624414625792;['order', 'available', 'amazon', 'japan', 'us', 'amazon', 'account', 'dvd', 'art'];7;The order is available from Amazon Japan. with your US Amazon account #dvd #art   ;False;128;9;False;False;False;0.0;False;0.109;True;0.0;True;False;1145;5262;74;106;False;True;True;4.596;2
882974113324834818;['africa', 'tech', 'amazon', 'buzzed', 'idea', 'getting', 'online', 'retailer', 'giant', 'partnered', 'ki…'];8;#africa #tech  Amazon is buzzed on the idea of getting you tipsy.  The online retailer giant has partnered with Ki… ;False;139;11;False;False;False;0.0;True;0.043;True;0.0;False;False;2827;50299;1714;2745;False;True;True;17.792;2
869127076191891456;['new', 'comedy', 'texas', 'mizmike', 'combats', 'crooked', 'politics', 'catch', 'murderer', 'mystery', 'romance', 'suspense', 'cowboys'];3;NEW! #comedy as #Texas #MizMike combats crooked politics to catch murderer  #mystery #romance #suspense #cowboys;False;135;13;False;True;False;0.0;False;0.104;True;1.0;True;False;1856;286523;10548;8217;False;True;False;154.377;2
869129943682355201;['highly', 'recommended', 'check', 'award', 'winning', 'book', 'books', 'ebooks', 'ebook', 'goodreads'];3;Highly Recommended !  CHECK OUT THIS AWARD WINNING #BOOK     #books #ebooks #ebook #goodreads;False;139;10;False;True;False;0.0;False;0.245;True;2.0;True;False;2975;9253;21976;19443;False;True;True;3.11;2
869133161648619520;['knightjohanna', 'might', 'like', 'pumpkinfarmer', 'iartg', 'novel', 'thriller', 'sanfrancisco…'];3;@knightjohanna You might like #PumpkinFarmer:  #IARTG #novel #thriller #SanFrancisco… ;False;132;8;False;False;False;0.0;True;0.121;True;0.0;True;False;2264;57222;613;2363;False;True;False;25.275;2
875733812642283520;['amazon', 'buy', 'whole', 'foods', 'billion', 'deal', 'deal', 'online', 'giant’s', 'latest', 'push', 'food', 'retailin'];7;Amazon to Buy Whole Foods in $13.4 Billion Deal - The deal is the online giant’s latest push into food retailin... ;False;138;13;False;False;False;0.0;False;0.072;False;0.0;False;False;714;2220;15;147;False;True;False;3.109;1
869137609989206018;['hi', 'im', 'awake', 'ordered', 'stress', 'relief', 'vitamins', 'amazon', 'im', 'desperate', 'bye', 'lolfjdjd'];5;hi im awake i just ordered some stress relief vitamins on amazon im so desperate bye lolfjdjd;False;93;12;False;False;False;0.0;False;0.0;False;0.0;False;False;645;87433;1637;208;False;True;False;135.555;2
869139114934886400;['brazil', 'senate', 'reduces', 'protection', '597', 'thousand', 'hectares', 'amazon', 'forest'];4;Brazil Senate reduces protection of 597 thousand hectares of Amazon forest  ;False;122;9;False;False;False;0.0;False;0.066;False;0.0;False;False;1494;256616;8586;424;False;True;False;171.764;1
879986803750707200;['amazon', 'new', 'mover', 'amp', 'shaker', 'grocery', 'lindt', 'excellence', 'supreme', 'dark', 'chocolate', '90', 'cocoa', 'packages', 'pa……'];3;"Amazon New Mover &amp; Shaker in Grocery #1: Lindt Excellence Supreme Dark Chocolate 90% Cocoa, 3.5-Ounce Packages (Pa…… ";False;144;15;False;False;False;0.0;False;0.146;True;0.0;True;False;1337;38734;51;24;False;True;False;28.971;2
868037709188780033;['know', 'life', 'style', 'books', 'available', 'amazon', 'type', 'playkidds', 'see', 'ebooks', 'theboywholikestohelp'];10;did you know that my life style books are available on Amazon. Just type Playkidds to see all the ebooks #theboywholikestohelp;False;126;11;False;False;False;0.0;True;0.024;True;1.0;False;False;699;304;395;1140;False;True;True;0.435;2
875724780724514816;['brick', 'amp', 'mortar', 'done', 'well', 'acquisition', 'wholefoods', 'amazon', 'indication', 'answer', 'retail', 'deals'];12;"So is Brick &amp; Mortar done?? Well if a $13.7B acquisition of #WholeFoods by #Amazon is an indication then the answer is NO, #Retail #Deals";False;141;12;True;False;True;0.0;False;0.085;True;141.0;False;False;3120;35300;237898;559;False;True;True;11.314;1
882973887415427073;['theraven', 'available', 'amazon'];3;#TheRaven is available on Amazon: ;False;57;3;False;False;False;0.0;False;0.105;True;1.0;True;False;2436;156004;45457;167;True;True;True;64.041;2
869141353749413888;['use', 'amazon', 'purchasing', 'power', 'reputation', 'get', 'top', 'phone', 'contract', 'stacks', 'choices', 'options', 'look'];8;Use Amazon's purchasing power and reputation to get a top #phone and contract! Stacks of choices and options! Look!… ;False;140;13;False;True;True;0.0;False;0.043;True;72.0;True;False;3074;312584;37066;36781;False;True;True;101.686;2
882973644762210304;['hot', 'newrelease', 'hard', 'rock', 'daddy', 'box', 'set', 'free', 'kindleunlimited', 'amazon', 'kindle', 'romance', 'books', 'gt', 'gt'];4;"# 1  #hot #newrelease Hard Rock Daddy Box Set #Free in Kindleunlimited #amazon #kindle #romance #books&gt;&gt;… ";False;135;15;False;False;False;0.0;False;0.081;True;2.0;True;False;3068;167160;20507;16006;False;True;True;54.485;2
869069894297411586;['amazon', 'indian', 'sellers', 'selling', 'abroad', 'electronics', 'pdts', 'illegally', 'users', 'get', 'knw', 'whn', 'go', 'service', 'center', 'sitaonline', 'cimgoi'];4;@amazon indian sellers r selling abroad electronics pdts illegally,users get to knw whn they go to service center. @SITAonline      @CimGOI;False;139;17;False;False;False;0.0;True;0.058;False;0.0;False;False;115;75;1;29;False;True;False;0.652;2
874554789249548288;['gian', 'comming', 'amazon', 'plans', 'sell', 'cars', 'europe', 'drivevolution'];5;A gian is comming: Amazon plans to sell cars in Europe  #DriveVolution;False;93;8;False;False;False;0.0;False;0.108;True;0.0;False;False;3127;4628;446;302;False;True;True;1.48;1
879013592930111488;['breaking', 'us', 'bans', 'brazil', 'beef', 'imports', 'ranching', 'cause', 'amazon', 'deforestation', 'care', 'conserva…'];7;#BREAKING: US bans all #Brazil beef imports. Ranching #1 cause of #Amazon deforestation! I Don't care that conserva… ;False;140;12;False;True;False;0.0;True;0.143;True;144.0;True;False;710;3973;54544;36879;False;True;False;5.596;1
882973809820672005;['check', 'today', 'deals', 'amazon', 'deals', 'sale', 'couponcode'];3;Check out today's deals on #Amazon !! #Deals #Sale #couponcode ;False;86;7;False;True;True;0.0;False;0.07;True;0.0;True;False;1365;1171;34;678;False;True;False;0.858;2
860808894897164288;['amazon’s', '‘invisible’', 'hand', 'shape', 'city'];4;How @amazon’s ‘invisible’ hand can shape your city ;False;74;5;False;False;False;0.0;False;0.068;False;0.0;False;False;1426;2391;586;1297;False;True;True;1.677;1
882973554941341697;['stmartinspress', 'new', 'self', 'published'];0;@StMartinsPress new self published novel. ;False;65;4;False;False;False;0.0;False;0.077;False;0.0;True;False;1575;2125;1663;264;False;True;True;1.349;2
875734558372757505;['get', 'whole', 'foods', 'delivered', 'drone', 'amazon'];5;So can I get Whole Foods delivered by drone now!? #Amazon;False;57;6;True;True;False;0.0;True;0.088;True;0.0;False;False;2083;8736;131;334;False;True;False;4.194;1
883266359777415169;['lightning', 'deal', 'forme', 'selfie', 'camera', 'phone', 'red', 'worth', 'rs', '999', 'rs', '599', 'amazon'];2;[Lightning Deal] Forme N9+ Selfie Camera Phone (Red) worth Rs. 999 for Rs. 599 - Amazon ;False;111;13;False;False;False;0.0;False;0.144;False;0.0;False;False;1506;157899;549;13;False;True;True;104.847;2
870010437948932097;['amazon', 'enables', 'free', 'calls', 'messages', 'echo', 'devices', 'alexa', 'calling'];5;Amazon enables free calls and messages on all Echo devices with Alexa Calling ;False;101;9;False;False;False;0.0;False;0.109;False;0.0;False;False;159;91219;154;317;False;True;True;573.704;1
882952857561034757;['proud', 'winner', 'gogiversgo', 'competition', 'stunning', 'certificate', 'vouchers', 'spend', 'amazon', 'well', 'done', 'advaid…'];6;Proud winner of the @GoGiversGo competition. Stunning certificate and vouchers to spend at amazon. Well done Advaid… ;False;140;12;False;False;False;0.0;False;0.071;False;5.0;True;False;711;530;172;54;False;True;False;0.745;2
874988510142443520;['wp', 'engine', 'expands', 'global', 'footprint', 'new', 'amazon', 'web', 'services', 'data', 'centers', 'canada'];3;WP Engine Expands Global Footprint With New Amazon Web Services Data Centers In Canada ;False;110;12;False;False;False;0.0;False;0.164;False;0.0;False;False;2932;2606;294;305;False;True;True;0.889;1
874947882356441088;['new', 'union', 'alliances', 'formed', 'face', 'digi', 'revolution', 'amazon', 'unicommerceforward'];1;New union alliances formed to face digi revolution e.g. #Amazon #UNICommerceForward;False;83;9;False;False;False;0.0;False;0.084;True;3.0;False;False;2414;11387;103702;945;False;True;True;4.717;1
882948010400985088;['33', 'reviews', 'drums', 'amp', 'know', 'least', '17', 'read', 'silly', 'book', 'anyone', 'want', 'help', 'hit', '50'];13;"I'm at 33 reviews for I AM DRUMS, &amp; I know at least 17 of you have read this silly book. Anyone want to help hit 50? ";False;144;15;True;False;False;0.0;True;0.097;False;11.0;True;False;2387;5046;1261;841;False;True;True;2.114;2
883266013416108032;['muddledjo', 'amazon', 'watching', 'late', 'mr', 'robot', 'mainly', 'looking', 'forward', 'getting…'];9;@muddledjo @amazon I've been watching X-Files of late. And Mr Robot. But mainly I'm just looking forward to getting… ;False;140;10;False;False;False;0.0;True;0.086;False;0.0;True;False;2074;4040;91;113;False;True;True;1.948;2
860811387903332352;['finally', 'apple', 'tv', 'reportedly', 'get', 'amazon', 'video', 'app', 'summer'];4;Finally!! Apple TV will reportedly get Amazon's Video app this summer  ;False;117;9;False;True;True;0.0;False;0.12;False;0.0;False;False;3784;13299;4759;833;False;True;True;3.515;1
879986719138951168;['amazon', 'retailprophet', 'take', 'key', 'quote', 'amazon', 'quite', 'simply', 'shortest', 'distance', 'wanting', 'getting'];5;"#Amazon @RetailProphet take. Key quote: ""Amazon is quite simply the shortest distance between wanting and getting."" ";False;139;12;False;False;False;0.0;False;0.086;True;0.0;False;False;2183;1012;483;490;False;True;True;0.464;1
869135000301707266;['one', 'summer', 'reads', 'toss', 'coin', 'memoir', 'illness', 'via', 'amazonuk'];9;One of my summer reads... On the Toss of a Coin: 'A Memoir of a Near-Death Illness... @michael_wise_ ? via @AmazonUK;False;139;9;False;False;False;0.0;False;0.101;False;0.0;True;False;2604;33643;11480;979;False;True;True;12.92;2
869063130235719680;['cute', 'alternative', 'amazon', 'echo', 'charlesmilander'];5;An Open-Source (and Cute) Alternative to Amazon Echo  #charlesmilander ;False;117;5;False;False;False;0.0;False;0.103;True;171.0;False;False;1518;82654;296629;31964;True;True;True;54.449;1
883102884090568704;['visualize', 's3', 'analytics', 'data', 'using', 'amazon', 'quicksight'];4;Visualize your S3 Analytics Data with 1-click using Amazon QuickSight:  ;False;118;7;False;False;False;0.0;False;0.119;False;71.0;False;False;2938;14152;1467967;620;True;True;True;4.817;1
869127167728340992;['slashdot', 'interesting', 'amazon', 'aws', 'hiring', 'cult', 'youth'];4;#slashdot #interesting Is Amazon's AWS Hiring 'Demolishing The Cult Of Youth'? ;False;102;7;True;False;False;0.0;False;0.147;True;0.0;False;False;2266;15435;52;75;False;True;False;6.812;2
883265638613082112;['amazon', 'kindle', 'fire', 'd01400', 'black', '8gb', 'ebook', 'reader'];3;"AMAZON Kindle Fire D01400 Black 7"" 8GB EBook Reader  ";False;99;8;False;False;False;0.0;False;0.263;False;0.0;False;False;339;777062;31;0;False;True;False;2292.218;2
883259562249383936;['enter', 'win', 'copy', 'discovery'];5;Enter to win a copy of The Discovery!  ;False;62;4;False;True;False;0.0;False;0.113;False;3.0;False;False;2681;95913;134155;94258;False;True;True;35.775;2
875713262972698624;['people', 'boycotted', 'whole', 'foods', 'founder', 'libertarian', 'beliefs', 'happy', 'workers', 'enjoy', 'amazon', 'generous', 'labor', 'policies'];6;People who boycotted Whole Foods over founder's libertarian beliefs should be happy workers can now enjoy Amazon's generous labor policies.;False;139;14;False;False;False;0.0;False;0.029;False;146.0;False;False;1335;11936;11423;588;False;True;True;8.941;1
883265598448336896;['check', 'amazon', 'bestseller', 'asus', 'full', 'hd', '1920x1080', 'ips', 'hdmi', 'dvi', 'vg'];4;Check out this #Amazon Bestseller - Asus VS239H-P 23-Inch Full HD 1920x1080 IPS HDMI DVI VG for $98.87… ;False;127;11;False;False;False;0.0;False;0.228;True;0.0;True;False;320;24062;648;797;False;True;True;75.194;2
870006980588515328;['reminder', 'wyandotte', 'county', 'residents', 'amazon', 'job', 'fairs', 'started', 'today', 'continue', 'month', 'o…'];8;A reminder for all Wyandotte county residents: Amazon job fairs started today and will continue through the month o… ;False;140;12;False;False;False;0.0;False;0.057;False;4.0;True;False;1680;2253;2935;477;False;True;True;1.341;1
869129406891077636;['ai', 'big', 'data', 'cloud', '??????', 'forms', 'work', 'interactive', 'technologies'];3;WhiteDAys_ : AI Big Data Cloud ??????  Forms that Work Interactive Technologies : ;False;128;9;False;False;False;0.0;False;0.148;False;0.0;True;False;1312;2855745;1394;0;False;True;True;2176.635;2
882973708184408065;['help', 'support', 'new', 'undiscovered', 'authors', 'amazon', 'purchases', 'book', 'reviews'];6;Help support new and undiscovered authors  with your Amazon purchases and book reviews. ;False;134;9;False;False;False;0.0;False;0.06;False;0.0;False;False;100;3980;229;590;False;True;True;39.8;2
875714548879249408;['amazon', 'acquire', 'retire', 'antiquated', 'antitrust', 'laws', '14b', 'sources'];3;Amazon to acquire and retire antiquated U.S. antitrust laws for $14B, sources say.  ;False;107;8;False;False;False;0.0;False;0.084;False;6.0;False;False;3149;83108;64523;103;False;True;True;26.392;1
860795660337115139;['amazon', 'building', 'massive', 'biodome', 'downtown', 'seattle', 'post', 'amazon’s', 'expansive', 'biodomes', 'get', 'first', 'o……'];6;Amazon is building a massive biodome in downtown Seattle... The post Amazon’s Expansive Biodomes Get Their First o…… ;False;140;13;False;False;False;0.0;False;0.1;False;0.0;True;False;1126;51368;215;100;False;True;True;45.62;1
869133878488735744;['booksofallkinds', 'tinaseskis', 'penguinukbooks', 'might', 'like', 'pumpkinfarmer'];3;@BooksOfAllKinds @tinaseskis @PenguinUKBooks @SarahHarwood_ You might like #PumpkinFarmer:  ;False;139;6;False;False;False;0.0;True;0.144;True;0.0;True;False;2264;57222;613;2363;False;True;False;25.275;2
881380200554020865;['suicidesormurder', 'crime', 'art', 'world', 'vbenchley', 'best1yet', 'mystery', 't4cw', 'cr4u', 'asmsg…'];3;"SuicidesORmurder?  Crime N art world? @vbenchley ""Best1yet!"" #mystery #T4CW #CR4U #ASMSG… ";False;136;10;True;True;True;0.0;False;0.169;True;59.0;True;False;1011;107178;9230;7389;False;True;True;106.012;2
882973605205864448;['amazon', 'prime', 'day', 'predictions'];2;8 Amazon Prime Day Predictions ;False;54;4;False;False;False;0.0;False;0.111;False;0.0;False;False;907;49475;2368;4375;False;True;False;54.548;2
879934567083376640;['nadean', 'secretjeremy', 'blackmailriley', 'lovehamilton', 'lonelycarole', 'newbeginnings', 'putting', 'right', 'past…'];2;Nadean #secret Jeremy #blackmail Riley #love Hamilton #lonely Carole #newbeginnings  Putting Right The Past… ;False;132;9;False;False;False;0.0;False;0.106;True;38.0;True;False;669;42456;2104;2227;False;True;True;63.462;2
879965205077348354;['please', 'check', 'story', 'recovery', 'depressedjelly', 'mentalhealth'];4;Please check out my story of recovery @DepressedJelly #mentalhealth ;False;91;6;False;False;False;0.0;False;0.077;True;1.0;True;False;2531;9553;1682;1958;False;True;True;3.774;2
869285692786044929;['amazon', 'censoring', 'gold', 'star', 'mom', 'book', 'launch', 'pls', 'support', 'story', 'rt', 'amp', 'purchasing', 'at…'];4;".@Amazon is censoring gold star mom @KarenVaughn_GSM's book launch. Pls support her story by RT &amp; purchasing at… ";False;140;14;False;False;False;0.0;False;0.079;False;87.0;True;False;2929;9262;50600;26986;True;True;True;3.162;1
883265392818483201;['amazon', 'puts', 'additional', '260m', 'indian', 'business'];4;Amazon puts an additional $260M into its Indian business ;False;80;6;False;False;False;0.0;False;0.087;False;1.0;False;False;2166;96;55;347;False;True;False;0.044;1
869134790943019008;['dramatic', 'beautiful', 'design', 'encourage', 'someone', 'know', 'buy', 'smart', 'saying…'];8;Here's a dramatic and beautiful design to encourage someone you know. Buy here  Smart Saying… ;False;140;9;False;False;False;0.0;True;0.057;False;0.0;True;False;2267;73688;838;2039;False;True;True;32.505;2
882973066321592322;['cds', 'vinyl'];3;Pre-order CDs and vinyl here: ;False;53;2;False;False;False;0.0;False;0.17;False;32.0;True;False;2316;15041;140917;841;True;True;True;6.494;2
876713089412079617;['amazon’s', 'whole', 'foods', 'buy', 'removed', 'nearly', '22', 'billion', 'market', 'value', 'rival', 'supermarkets'];3;Amazon’s Whole Foods buy removed nearly $22 billion in market value from rival supermarkets ;False;115;12;False;False;False;0.0;False;0.078;False;0.0;False;False;3033;638;160;416;False;True;True;0.21;1
869138579074813952;['psychological', 'thriller', 'katie?abuse', 'amp', 'iartg'];2;"PSYCHOLOGICAL #THRILLER @harmony_kent ?FINDING KATIE? Abuse &amp; Self-Destruction #IARTG #ASMSG  ";False;144;5;False;False;False;0.0;False;0.382;True;12.0;True;False;1213;849357;132492;124255;False;True;True;700.212;2
879987328126779392;['best', 'plantar', 'fasciitis', 'treatment', 'amazon', 'super', 'comfortable', 'supportive'];4;The Best #Plantar Fasciitis Treatment On Amazon, Super Comfortable And Supportive - ;False;107;8;False;False;False;0.0;False;0.159;True;0.0;False;False;646;23137;257;206;False;True;False;35.816;2
849130516087541760;['sentinel', 'nightsister', 'book', 'two', 'amazon', 'kindle', 'scifi', 'ebook', 'amwriting', 'nemesis', 'last', 'trilogy'];5;It's here! Sentinel: NightSister Book Two  #Amazon #Kindle #scifi #ebook. Now #amwriting Nemesis last in #trilogy;False;136;12;False;True;False;0.0;True;0.11;True;4.0;True;False;274;1223;230;358;False;True;True;4.464;2
870011003685150720;['booz', 'allen', 'hamilton', 'leaves', 'government', 'files', 'unprotected', 'amazon', 'server'];2;Booz Allen Hamilton Leaves U.S. Government Files On Unprotected Amazon Server ;False;101;9;False;False;False;0.0;False;0.139;False;2.0;False;False;1684;62096;3977;2071;False;True;True;36.874;1
862290681070596097;['news', 'favorite', 'place', 'costco', 'getting', 'destroyed', 'amazon', 'interesting', 'companies'];10;  Great news, my favorite place Costco, is not getting destroyed by Amazon! It is interesting how these 2 companies;False;138;9;False;True;False;0.0;True;0.058;False;0.0;False;False;1427;2252;76;4;False;True;True;1.578;1
868916034941616129;['amazon', 'doesn’t', 'understand', 'don’t', 'understand', 'amazon', 'opening', 'bookstores'];5;Amazon doesn’t understand why you don’t understand why Amazon is opening bookstores: ;False;108;8;False;False;False;0.0;True;0.056;False;28.0;False;False;1360;32575;329564;616;True;True;True;23.952;1
883004659832684544;['?maximum', 'exposure', 'twitter', 'promotion', 'network', 'indies??', 'books', 'ebooks', 'amazon', 'authors', 'ebay', 'etsy', 'music??…'];2;?Maximum Exposure #twitter #promotion #network for #indies? ?#books #ebooks #amazon #authors #ebay #etsy #music? ?… ;False;139;13;False;False;False;0.491;False;0.036;True;103.0;True;False;957;83224;4414;4978;False;True;True;86.963;2
875734023565320192;['nvidia', 'shield', 'tv', 'amazon', 'fire', 'tv', 'roku', 'ultra', '4k', 'streaming', 'box', 'buy'];5;NVIDIA Shield TV vs. Amazon Fire TV vs. Roku Ultra: Which 4K streaming box should you buy?  ;False;139;12;True;False;False;0.0;True;0.194;False;0.0;True;False;3123;61411;4466;4;False;True;False;19.664;1
882973939600957440;['amazon', 'launches', 'try', 'buy', 'prime', 'wardrobe', 'fashion', 'service'];4;"Amazon launches ""try before you buy"" Prime Wardrobe fashion service  ";False;115;8;False;False;False;0.0;True;0.096;False;0.0;False;False;96;90;69;389;False;True;False;0.938;1
875734104121241600;['amazon', 'unique', 'revenue', 'domestic', 'free', 'cash', 'dollar', 'denominated'];6;Amazon is unique because the revenue is domestic, and free cash is Dollar denominated.;False;86;8;False;False;False;0.0;False;0.023;False;0.0;False;False;1679;11687;58;1510;False;True;False;6.961;1
878192729737617409;['fulfillment', 'centers', 'unmanned', 'aerial', 'vehicles”', 'could', 'help', 'put', 'drones', 'they’re', 'needed', 'future'];3;“multi-level fulfillment centers for unmanned aerial vehicles” could help put drones where they’re needed... #future ;False;140;12;False;False;False;0.0;False;0.007;True;0.0;False;False;942;851;204;494;False;True;True;0.903;1
869129746864537605;['new', 'free', 'udemy', 'coupon', 'amazon', 'fba', 'launch', 'faster', 'rankings', 'reviews', 'sales', '2017', 'published'];6;#New #Free #Udemy #Coupon - #Amazon FBA Launch: Faster Rankings, Reviews, and Sales 2017 - has been published on #… ;False;139;13;False;False;False;0.0;False;0.101;True;0.0;True;False;339;60169;511;4870;False;True;True;177.49;2
879987760404344834;['witch', 'bones?4', 'witches', 'werewolf'];2;$2.99 ?#WITCH BONES?4 #witches #werewolf #kindleunlimited ? ? ;False;131;4;False;False;False;0.0;False;0.16;True;0.0;True;False;2789;544740;76280;71111;False;True;True;195.317;2
882971966721978369;['media', 'flash', 'crashes', 'blockchain', 'economy', 'show', 'nascent', 'infrastructure', 'amazon', 'hold', 'beer'];8;Media: Flash crashes in the #blockchain economy show how nascent its infrastructure is!  @Amazon: Hold my beer...… ;False;138;11;False;True;False;0.0;False;0.058;True;17.0;True;False;2099;9088;6112;822;False;True;True;4.33;1
883265352544735232;['cosmoderm', 'drs', 'dermaroller', 'mm', 'size', 'vit', 'hyaluronic', 'acid', 'dermaroller', 'via', 'amazonin'];2;Cosmoderm Drs Dermaroller 2.5 Mm Size + Vit C + Hyaluronic Acid Dermaroller...  via @amazonIN;False;116;11;False;False;False;0.0;False;0.121;False;0.0;True;False;2027;8247;166;120;False;True;True;4.069;2
883266009553096704;['wan', 'na', 'make', 'pretty', 'aliceholefrost', 'happy', 'spoil', 'spoil', 'wishlist'];5;Wanna make the pretty @AliceHoleFrost happy? Spoil her now  #spoil #wishlist ;False;123;9;True;False;False;0.0;False;0.089;True;0.0;True;False;741;539211;19511;3482;False;True;True;727.68;2
883265461001089024;['tweak', 'evil', 'breed', 'scifi', 'asmsg', 'spub', 'ian1', 'iartg', 'kindle', '99cents'];4;TWEAK -They are an Evil Breed #scifi #asmsg #spub #ian1 #iartg #kindle #99cents  ;False;127;10;False;False;False;0.0;False;0.157;True;0.0;True;False;1032;17214;2109;2199;False;True;True;16.68;2
879674452941910016;['uk', '??love', 'loves', 'poetry', 'booksspanish', 'version', '???', 'jorgeofitas'];2;#UK ?? Love of loves. #Poetry #Books Spanish Version. ??? ?  @JorgeOfitas;False;96;8;False;False;False;0.0;False;0.135;True;1.0;True;False;1538;38318;1325;1057;False;True;True;24.914;2
869134911948689410;['easiest', 'way', 'products', 'sell', 'amazon', 'ebay'];9;The Easiest Way to Find Low-Cost Products to Sell on Amazon, Ebay and so on....  ;False;127;6;False;False;False;0.0;False;0.165;False;0.0;True;False;471;5393;3790;4997;False;True;True;11.45;2
875734716594257920;['amazon', 'buying', 'wholefoods', 'billion', 'weird', 'average', 'wf', 'shopper', 'spends', 'billion', 'year', 'groceries'];7;#Amazon is buying #WholeFoods for $13.4 billion. That's #weird, because the average WF shopper spends $13.1 billion a year on #groceries.;False;137;12;False;False;False;0.0;False;0.044;True;0.0;False;False;2562;595;132;304;False;True;True;0.232;1
869132629311840256;['track', 'topmusicuk', 'road', 'bunx', 'feat', 'stadic', 'road', 'bunx', 'feat', 'stadic', 'bunji', 'garlin…', 'topreggae', 'amazon', 'britain'];2;#Track #TopMusicUK #7: Road Bunx (feat. Stadic): Road Bunx (feat. Stadic) Bunji Garlin…  #TopReggae #Amazon #Britain;False;139;15;False;False;False;0.0;False;0.165;True;0.0;False;False;1956;805627;1148;5;False;True;True;411.875;2
874980080811900928;['amazon', 'wants', 'sell', 'cars', 'europe', 'cart', 'audi', 'r8'];7;@Amazon wants to sell cars in Europe  Add to cart ? @Audi R8 ? ;False;109;8;False;False;False;0.0;False;0.101;False;0.0;False;False;587;441;109;166;False;True;True;0.751;1
870011031518453760;['amazon', 'says', 'push', 'notifications', 'coming', 'soon…'];3;Amazon says push notifications are coming soon…  #A_Post_to_MarTech_Today… ;False;121;6;False;False;False;0.0;False;0.132;True;0.0;True;False;175;6209;7348;6413;False;True;True;35.48;1
882973374615613442;['rob', 'kardashian', 'robe', 'sell', 'fuck', 'amazon', 'ebay'];8;That Rob Kardashian robe is about to sell the fuck out on Amazon and eBay.;False;74;7;False;False;False;0.0;False;0.068;False;0.0;False;False;2415;14692;286;1769;False;True;False;6.084;2
869136035657076736;['amzn', 'stake', 'decreased', 'cim', 'llc'];3; Inc. $AMZN Stake Decreased by Cim LLC ;False;86;5;False;False;False;0.0;False;0.221;False;0.0;False;True;1345;438348;1634;55;False;True;True;325.909;1
874982045683986432;['congrats', 'aws', 'partners', 'earned', 'new', 'education', 'competency', 'awspssummit'];4;Congrats to AWS partners who earned the new Education Competency  #AWSPSSummit;False;101;8;False;False;False;0.0;False;0.149;True;1.0;False;False;3086;374;318;189;False;True;True;0.121;1
879986926010458113;['wordsugardesign', 'need', 'book', 'cover', 'service', 'plus', 'editing', 'page', 'layout', 'design', 'epublishing', 'assistance', 'amazon', 'etc'];3;@WordSugarDesign I need book cover service plus editing,page layout design and epublishing assistance on amazon etc.;False;116;14;False;False;False;0.0;True;0.034;False;0.0;False;False;1869;2126;103;24;False;True;True;1.138;2
882974243998269441;['check', 'amazon', 'deal', 'fujifilm', 'instax', 'groovy', 'camera', 'case', 'grape', 'fujifilm', 'via', 'amazon'];4;Check out this Amazon deal: Fujifilm Instax Groovy Camera Case - Grape by Fujifilm  via @amazon;False;118;12;False;False;False;0.0;False;0.102;False;0.0;False;False;3112;869;119;164;False;True;False;0.279;2
862293201595576320;['amazon', 'new', 'echo', 'adds', 'touch', 'screen', 'technology'];3;Amazon's New Echo Adds Touch Screen and Video-Conferencing  by @technology;False;97;7;False;False;False;0.0;False;0.134;False;0.0;False;False;3582;15912;7469;5370;False;True;True;4.442;1
874987542281465860;['amazon', 'drive', 'longer', 'offer', 'unlimited', 'cloud', 'storage', 'option', 'new', 'subscribers'];4;#Amazon Drive will no longer offer an unlimited #cloud storage option to new subscribers.;False;89;10;False;False;False;0.0;False;0.022;True;0.0;False;False;2742;4762;828;1227;False;True;True;1.737;1
869127422364585984;['vantastic', 'france', 'follow', 'adventures', 'family', 'moving', 'france', 'ste', 'via', 'amazonuk'];6;Vantastic France. Follow the adventures of a family moving to France by Ste...  via @AmazonUK;False;116;10;False;False;False;0.0;False;0.121;False;0.0;True;False;2331;17875;3231;1949;False;True;True;7.668;2
869125954215587840;['entered', 'sweepstakes', 'win', 'book', 'tkkinney', 'seriouslyarmed', 'wish', 'luck', 'retweet', 'giveaway'];9;I entered sweepstakes to win a book by @TKKinney from #SeriouslyArmed. Wish me luck and retweet this!  #giveaway;False;135;10;False;True;False;0.0;True;0.074;True;3.0;False;False;1425;20688;324;3223;False;True;False;14.518;2
869128762042060800;['truecrime', 'memoir', 'reads', 'like', 'fiction', 'true', 'amazon', 'uk', 'bestseller', 'categories', 'buy', 'here…'];6;#truecrime #memoir Reads like fiction but it is true! #Amazon UK #BestSeller in 2 categories Buy here… ;False;126;12;False;True;False;0.0;True;0.087;True;0.0;True;False;1934;38436;14000;14043;False;True;True;19.874;2
879982384631881728;['throwaway', 'food'];2;Throwaway food...  ;False;65;2;False;False;False;0.0;False;0.154;False;2.0;True;False;1218;22230;2431;1586;False;True;True;18.251;2
860779237267169280;['kindle', 'microstrip', 'cross', 'junction', 'using', 'agilent', 'ads', 'srinath', 'via', 'amazonin'];4;Kindle  Microstrip Cross Junction Using Agilent ADS by Srinath S  via @amazonIN;False;126;10;False;False;False;0.0;False;0.19;False;0.0;True;False;229;243;30;252;False;True;True;1.061;1
878192432545968128;['amazon’s', 'purchase', 'whole', 'foods', 'highlights', 'hybrid', '‘omnichannel’', 'future', 'higher', 'ed', 'edsurge', 'news'];5;How Amazon’s Purchase of Whole Foods Highlights the Hybrid, ‘Omnichannel’ Future of Higher Ed - EdSurge News ;False;132;12;False;False;False;0.0;False;0.129;False;0.0;False;False;3855;10063;2202;1217;False;True;True;2.61;1
879942660185772032;['kindleunlimited', 'second', 'chance', 'romance', 'amazon', 'amazon', 'free', 'romance', 'kindle', 'rrbc', 'rt…'];2;#kindleunlimited SECOND CHANCE ROMANCE #Amazon    #amazon #free #romance #kindle #RRBC #RT… ;False;138;11;False;False;False;0.0;False;0.246;True;1.0;True;False;3068;167160;20507;16006;False;True;True;54.485;2
870117595214729220;['meet', 'tableau', 'get', 'alerts', 'data', 'prep', 'recommendations', 'amazon', 'athena', 'connector', 'amp'];4;"Meet Tableau 10.3! Get data-driven alerts, data prep recommendations, the Amazon Athena connector &amp; more:… ";False;134;11;False;True;False;0.0;False;0.052;False;79.0;True;False;3398;17792;107666;2638;True;True;True;5.236;1
870009773885980673;['defense', 'contractor', 'stored', 'intelligence', 'data', 'amazon', 'cloud', 'unprotected', 'tech', 'news', 'future'];3;Defense contractor stored intelligence data in Amazon cloud unprotected  #tech #news #future ;False;139;11;False;False;False;0.0;False;0.094;True;0.0;False;False;1378;50629;1055;541;False;True;True;36.741;1
869045681192935425;['digital', 'currency', 'group', 'launches', 'blockchain', 'accelerator', 'dcg', 'connect', 'ibm', 'amazon', 'mastercard', 'via', 'ibtimesuk'];3;Digital Currency Group launches blockchain accelerator DCG Connect with IBM, Amazon and Mastercard  via @IBTimesUK;False;137;13;False;False;False;0.0;False;0.168;False;4.0;False;False;3147;640;90;240;False;True;False;0.203;1
869135053028196352;['star', 'reviews', 'amazon', 'mommy', 'goround', 'mom', 'got', 'read', 'book', 'ebook', 'available'];14;"5 star reviews on Amazon 4 The MoMmY GoRoUnD! ""If you are a mom you have got to read this book!"" (ebook Available 2) ";False;140;11;False;True;True;0.0;True;0.136;False;0.0;True;False;1061;18016;3089;2962;False;True;True;16.98;2
879987532812828672;['amazon', 'fba', 'items', 'bought', 'gt', 'amazonfba', 'amazonfbabusin', 'amazonfbabusiness…'];4;"Amazon FBA Items I Bought From ... - VIDEO-&gt;  #AmazonFBA #AmazonFbaBusin #AmazonFbaBusiness… ";False;142;8;False;False;False;0.0;True;0.218;True;0.0;True;False;1553;12102;364;24;False;True;False;7.793;2
868965137494966272;['99cents', 'wants', 'save', 'needs', 'save', 'man', 'worth', 'fightingfor', 'ssaradaniel', 'decadentpub', 'pnr'];9;#99cents She wants to save him. He needs to save her. A MAN WORTH FIGHTING FOR by @SSaraDaniel  @DecadentPub #PNR;False;136;11;False;False;False;0.0;True;0.25;True;3.0;True;False;1991;1176;255;109;False;True;True;0.591;2
882935089138675712;['dinosaur', 'sighted', 'linville', 'gorge', 'wilderness', 'channel', '23', 'news', 'dalechristianer'];2;Dinosaur sighted in #Linville Gorge Wilderness - Channel 23 News #DaleChristianer ;False;105;9;False;False;False;0.0;False;0.124;True;0.0;False;False;1080;90167;1199;657;False;True;True;83.488;2
862291859292528641;['amazon', 'vs', 'alphabet', 'fang', 'stocks', 'race', 'share'];3;Amazon vs. Alphabet: FANG Stocks Race to $1,000 a Share ;False;79;7;False;False;False;0.0;False;0.152;False;0.0;False;False;322;3055;4;62;False;True;False;9.488;1
874554915041017856;['amazon', 'soon', 'receive', 'dipp’s', 'approval', 'food', 'retail', 'india'];4;Amazon to soon receive DIPP’s approval for food retail in India ;False;87;8;False;False;False;0.0;False;0.092;False;0.0;False;False;748;7568;27;7;False;True;True;10.118;1
883266383928111104;['amazon', 'prime', 'day', '2017', 'deals', 'get', 'first', 'look', 'deals', 'expected', 'huge'];6;Amazon Prime Day 2017 deals: Get a first look at 'leaked' deals expected during the huge ...  ;False;140;11;False;False;False;0.0;False;0.107;False;0.0;False;False;231;131698;310;723;False;True;False;570.121;2
879985976629747712;['rt', 'something', 'special', 'elements', 'life', 'living', 'series', 'inderjitlmml', 'bookboost'];6;RT Something Special Elements of Life: A living series. by @inderjitlmml  … #Bookboost ;False;133;9;False;False;False;0.0;False;0.135;True;1.0;False;False;2272;848359;170197;132704;False;True;True;373.397;2
870011265002999811;['cramer', 'amazon', 'going', 'robots', 'building', 'robots'];4;Cramer: Amazon is going to have robots building robots ;False;78;6;False;False;False;0.0;False;0.077;False;0.0;False;False;3348;7280;67210;3485;False;True;True;2.174;1
874987544076840961;['needs', 'concrete', 'aws', 'downtime', 'limits', 'establish', 'amp', 'pay', 'attention', 'services', 'go', 'amazon', 'cloud'];7;"#IT needs to have concrete #AWS #downtime limits. Establish it &amp; pay attention when services go down:  #Amazon #cloud";False;144;13;False;False;False;0.0;True;0.097;True;0.0;False;False;1271;6875;631;291;False;True;True;5.409;1
869126416205463553;['amazon', 'fire', 'tvfire'];1;Amazon Fire TVFire TV;False;43;3;False;False;False;0.0;False;0.209;False;0.0;False;False;1050;148615;5;20;False;True;True;141.538;2
868627465769562114;['mustread', 'jrwrightchdthe', 'last', 'buckaroosizzling?end', 'asmsg', 'western'];4;#MUSTREAD @jrwrightchd THE LAST BUCKAROO Sizzling?End Of An Era?ROMANCE  #ASMSG #Western ;False;135;6;False;False;False;0.0;False;0.348;True;14.0;True;False;1213;849357;132492;124255;False;True;True;700.212;1
868461538297827328;['humans', 'spent', 'time', 'walking', 'moon', 'exploring', 'amazonreef', 'oil', 'co', 'still', 'want', 'drill', 'nearb…'];8;Humans have spent more time walking the Moon than exploring the #AmazonReef, but oil co's still want to drill nearb… ;False;140;13;False;False;False;0.0;False;0.043;True;46.0;True;False;3800;32444;167062;5153;True;True;True;8.538;1
869132743120109568;['album', 'topmusicgermany', 'low', 'country', 'blues', 'low', 'country', 'blues', 'gregg', 'allman', 'topblues', 'amazon', 'deutschland'];2;#Album #TopMusicGermany #6: Low Country Blues: Low Country Blues Gregg Allman |…  #TopBlues #Amazon #Deutschland;False;135;13;False;False;False;0.0;False;0.156;True;0.0;False;False;1956;805627;1148;5;False;True;True;411.875;2
875729735812354050;['amazon', 'us', 'spends', 'billions', 'whole', 'foods', 'amazon', 'wholefoods'];6;Amazon is All of Us, Spends Billions at Whole Foods: #Amazon #WholeFoods  ;False;120;8;False;False;False;0.0;False;0.133;True;2.0;False;False;2726;47430;347718;912;True;True;True;17.399;1
860201710895079425;['got', 'skills', 'develop', 'custom', 'voice', 'application', 'alexa', 'skills', 'kit', 'amazon'];6;Got skills? Develop a custom voice application with the Alexa Skills Kit by Amazon:  ;False;131;10;True;False;False;0.0;False;0.099;False;585.0;False;False;556;1086;26561;5;True;True;True;1.953;1
869003106649948160;['99cents', 'took', 'losing', 'everything', 'find', 'needed', 'shifting', 'heartsby', 'dominieastwick', 'decadentpub', 'shifter'];5;#99cents It took losing everything to find what he needed. SHIFTING HEARTS by @DominiEastwick  @DecadentPub #shifter;False;139;11;False;False;False;0.0;True;0.18;True;1.0;True;False;2350;1407;576;673;False;True;False;0.599;2
882974197554610177;['swan', 'alexandros', 'itunes', 'amazon', 'tokyofm', '?????rt'];2;[Swan]([Alexandros]) iTunes :  Amazon :  #tokyofm #?????RT;False;104;6;False;False;False;0.0;False;0.087;True;0.0;False;False;1151;167769;26;0;False;True;False;145.759;2
862288176097964032;['mentalfloss', 'posts', 'scientists', 'found', 'shark', 'tooth', 'part', 'amazon'];5;#MentalFloss - Posts | Scientists found a shark tooth and part of... #Amazon  ;False;124;8;False;False;False;0.0;False;0.097;True;0.0;False;False;1080;90167;1199;657;False;True;True;83.488;1
869127691592753152;['uk', 'uk', 'amazon', 'users', 'could', 'need', 'tv', 'licence', 'broadbandtvnews', 'bbc', 'tv'];3;UK: UK Amazon users could now need a TV licence  /via @broadbandtvnews /cc @BBC #tv;False;106;11;False;False;False;0.0;False;0.132;True;0.0;False;False;1332;81090;532;1;False;True;True;60.878;1
882864492715139076;['durable', 'kids', 'doctor', 'kit', 'electronic', 'stethoscope', '12', 'medical', 'doctor’s', 'equipment…'];4;Durable Kids Doctor Kit with Electronic Stethoscope and 12 Medical Doctor’s Equipment…  ;False;134;10;False;False;False;0.0;False;0.127;False;1.0;True;False;3124;25844;2652318;154;True;True;True;8.273;2
874918711681011712;['amazon', 'planning', 'sell', 'cars', 'online', 'giant', 'starts', 'hiring', 'new', 'dealer', 'sales', 'staff'];4;Amazon is planning to sell CARS as online giant starts hiring new dealer sales staff ;False;108;12;False;False;False;0.0;False;0.093;False;2.0;False;False;1440;6123;24617;1064;True;True;True;4.252;1
835094878967246848;['billions', 'years', 'ago', 'artificial', 'universe', 'existential', 'sciencefiction…'];7;Billions of years ago, before the artificial universe, there was the Fleet. COMMENCES #Existential #ScienceFiction… ;False;139;7;False;False;False;0.0;False;0.144;True;17.0;True;False;2113;4318;1763;3642;False;True;True;2.044;2
875734288611786753;['qtrresearch', 'crazier', 'still', 'increase', 'market', 'cap', 'amazon', 'entire', 'acquisition', 'wfm', 'amzn', 'b…'];9;@QTRResearch Crazier still is an increase in market cap of Amazon more than the entire acquisition of $WFM. $AMZN b… ;False;140;12;False;False;False;0.0;False;0.129;False;0.0;True;False;3042;61;37;102;False;True;False;0.02;1
868128141331623937;['gon', 'na', 'remind', 'preorder', 'amazon…'];5;Gonna remind you: you can preorder UNSUB.    @indiebound   @amazon… ;False;137;5;False;False;False;0.0;True;0.109;False;4.0;True;False;2602;24272;5779;1133;True;True;True;9.328;2
875733840026890240;['cramer', 'says', 'amazon', 'dominate', 'food', 'within', 'next', 'two', 'years', 'whole', 'foods', 'deal', 'amzn'];5;Cramer says Amazon will dominate food within the next two years with Whole Foods deal $AMZN  ;False;139;13;False;False;False;0.0;False;0.122;False;1.0;False;False;929;385169;2159;75;False;True;True;414.606;1
879987383009202176;['???', 'win', '100', 'amazon', 'gc', '???', 'plus', 'historicalromance', 'desire', 'outlander', 'via', 'joannewadsworth'];3;??? #WIN $100 Amazon GC ??? Plus ANY #HistoricalRomance You Desire #Outlander  via @JoanneWadsworth;False;122;12;False;False;False;0.0;True;0.18;True;0.0;False;False;2999;441596;4147;4946;False;True;True;147.248;2
883266161936404481;['romance', 'deception', 'seduction', 'murder', 'get', 'asmsg', 'ian1', 'spub', 'iartg'];4;#Romance -TRapped #deception #seduction #murder Get it Now #asmsg #ian1 #spub #iartg  ;False;132;9;False;False;False;0.0;True;0.136;True;0.0;True;False;1680;309027;16397;15538;False;True;True;183.945;2
876703610922344448;['etretail', 'amazon', 'suspends', 'sellers', 'platinum', 'rights', 'clarity', 'gst'];4;ETRetail | Amazon suspends sellers' platinum rights until further clarity on GST ;False;104;8;False;False;False;0.0;False;0.087;False;3.0;False;False;2887;25104;19381;155;False;True;True;8.696;1
883046160830779392;['“just', 'compelling', '“the', 'bridge', 'caracas', 'want', 'journey', 'books', 'ebooks', 'amazon'];8;“Just as compelling as “The Bridge to Caracas! You will not want the journey to end.”   #books #ebooks #Amazon;False;133;10;False;True;False;0.0;True;0.068;True;56.0;False;False;2898;245693;23973;21350;False;True;True;84.78;2
