;contributors;coordinates;created_at;entities;favorite_count;favorited;geo;id;id_str;in_reply_to_screen_name;in_reply_to_status_id;in_reply_to_status_id_str;in_reply_to_user_id;in_reply_to_user_id_str;is_quote_status;lang;metadata;place;possibly_sensitive;retweet_count;retweeted;source;truncated;user;extended_entities
0;;;Mon May 22 12:24:42 +0000 2017;{'urls': [{'expanded_url': 'https://youtu.be/jsLGe00rIsU', 'url': 'https://t.co/MK29nMyZaN', 'indices': [72, 95], 'display_url': 'youtu.be/jsLGe00rIsU'}], 'user_mentions': [], 'hashtags': [], 'symbols': []};1834.0;0.0;;8.66630898715947e+17;866630898715947009;;;;;;0.0;en;{'iso_language_code': 'en', 'result_type': 'popular'};;0.0;297.0;0.0;"<a href=""http://mvilla.it/fenix"" rel=""nofollow"">Fenix for Android</a>";0.0;{'statuses_count': 37956, 'name': 'Marques Brownlee', 'lang': 'en', 'created_at': 'Thu Apr 09 00:50:00 +0000 2009', 'profile_link_color': '6C4585', 'profile_background_image_url': 'http://pbs.twimg.com/profile_background_images/378800000061582783/2a5ada827f010eeaeda7916e800bc394.png', 'is_translation_enabled': False, 'protected': False, 'listed_count': 6605, 'url': 'https://t.co/zGcF5QxPBI', 'friends_count': 211, 'id_str': '29873662', 'description': 'Web Video Producer | ?', 'location': 'NYC', 'verified': True, 'screen_name': 'MKBHD', 'profile_image_url_https': 'https://pbs.twimg.com/profile_images/818557354123870208/QRDP8wcd_normal.jpg', 'notifications': False, 'followers_count': 1257337, 'default_profile': False, 'entities': {'description': {'urls': []}, 'url': {'urls': [{'expanded_url': 'http://youtube.com/MKBHD', 'url': 'https://t.co/zGcF5QxPBI', 'indices': [0, 23], 'display_url': 'youtube.com/MKBHD'}]}}, 'profile_background_tile': True, 'geo_enabled': False, 'has_extended_profile': False, 'utc_offset': -14400, 'profile_image_url': 'http://pbs.twimg.com/profile_images/818557354123870208/QRDP8wcd_normal.jpg', 'id': 29873662, 'time_zone': 'Eastern Time (US & Canada)', 'profile_use_background_image': False, 'favourites_count': 22748, 'translator_type': 'regular', 'follow_request_sent': False, 'default_profile_image': False, 'is_translator': False, 'contributors_enabled': False, 'profile_background_color': 'EDECE9', 'profile_banner_url': 'https://pbs.twimg.com/profile_banners/29873662/1480451975', 'profile_sidebar_fill_color': 'C0DFEC', 'profile_sidebar_border_color': '000000', 'profile_text_color': '333333', 'profile_background_image_url_https': 'https://pbs.twimg.com/profile_background_images/378800000061582783/2a5ada827f010eeaeda7916e800bc394.png', 'following': True};
1;;;Mon May 22 11:24:45 +0000 2017;{'urls': [{'expanded_url': 'https://twitter.com/i/web/status/866615815411568640', 'url': 'https://t.co/CjrhKsqXbK', 'indices': [111, 134], 'display_url': 'twitter.com/i/web/status/8…'}], 'user_mentions': [{'id_str': '621052501', 'screen_name': 'Hyperec_HRS', 'name': 'Hyper Recruitment', 'indices': [97, 109], 'id': 621052501}], 'hashtags': [{'text': 'Competition', 'indices': [0, 12]}, {'text': 'giveaway', 'indices': [13, 22]}, {'text': 'WIN', 'indices': [23, 27]}], 'symbols': []};315.0;0.0;;8.666158154115686e+17;866615815411568640;;;;;;0.0;en;{'iso_language_code': 'en', 'result_type': 'popular'};;0.0;1013.0;0.0;"<a href=""https://about.twitter.com/products/tweetdeck"" rel=""nofollow"">TweetDeck</a>";1.0;{'statuses_count': 7417, 'name': 'Hyper Recruitment', 'lang': 'en', 'created_at': 'Thu Jun 28 14:51:09 +0000 2012', 'profile_link_color': '001EB3', 'profile_background_image_url': 'http://pbs.twimg.com/profile_background_images/661692295/yon4x01y6i3nt5qyelmf.jpeg', 'is_translation_enabled': False, 'protected': False, 'listed_count': 175, 'url': 'https://t.co/rdsre5fXVY', 'friends_count': 101, 'id_str': '621052501', 'description': 'Hyper Recruitment Solutions. Specialist #Science & #Technology #Recruitment Company  @RickyMartin247 @Lord_Sugar #HRS #Jobs The Science of Recruitment ?', 'location': 'EU Wide', 'verified': True, 'screen_name': 'Hyperec_HRS', 'profile_image_url_https': 'https://pbs.twimg.com/profile_images/711936643561869312/1FXTV8fN_normal.jpg', 'notifications': False, 'followers_count': 34121, 'default_profile': False, 'entities': {'description': {'urls': []}, 'url': {'urls': [{'expanded_url': 'http://www.hyperec.com', 'url': 'https://t.co/rdsre5fXVY', 'indices': [0, 23], 'display_url': 'hyperec.com'}]}}, 'profile_background_tile': False, 'geo_enabled': True, 'has_extended_profile': False, 'utc_offset': 3600, 'profile_image_url': 'http://pbs.twimg.com/profile_images/711936643561869312/1FXTV8fN_normal.jpg', 'id': 621052501, 'time_zone': 'London', 'profile_use_background_image': True, 'favourites_count': 1841, 'translator_type': 'none', 'follow_request_sent': False, 'default_profile_image': False, 'is_translator': False, 'contributors_enabled': False, 'profile_background_color': 'D6D6D6', 'profile_banner_url': 'https://pbs.twimg.com/profile_banners/621052501/1492012432', 'profile_sidebar_fill_color': 'DDEEF6', 'profile_sidebar_border_color': 'C0DEED', 'profile_text_color': '333333', 'profile_background_image_url_https': 'https://pbs.twimg.com/profile_background_images/661692295/yon4x01y6i3nt5qyelmf.jpeg', 'following': False};
2;;;Tue May 23 02:02:22 +0000 2017;{'urls': [], 'user_mentions': [], 'hashtags': [], 'symbols': []};1122.0;0.0;;8.668366735518474e+17;866836673551847424;;;;;;0.0;en;{'iso_language_code': 'en', 'result_type': 'popular'};;;340.0;0.0;"<a href=""http://twitter.com/download/iphone"" rel=""nofollow"">Twitter for iPhone</a>";0.0;"{'statuses_count': 21820, 'name': 'Philip Gourevitch', 'lang': 'en', 'created_at': 'Fri Jul 22 18:12:39 +0000 2011', 'profile_link_color': '009999', 'profile_background_image_url': 'http://abs.twimg.com/images/themes/theme14/bg.gif', 'is_translation_enabled': False, 'protected': False, 'listed_count': 1518, 'url': 'https://t.co/B2cdyQUlgk', 'friends_count': 545, 'id_str': '340441440', 'description': ""Staff Writer at The New Yorker, author of 'The Ballad of Abu Ghraib', 'A Cold Case' & 'We Wish To Inform You That Tomorrow We Will Be Killed With Our Families'"", 'location': '', 'verified': True, 'screen_name': 'PGourevitch', 'profile_image_url_https': 'https://pbs.twimg.com/profile_images/453433288485781504/6DWyq4SV_normal.jpeg', 'notifications': False, 'followers_count': 53559, 'default_profile': False, 'entities': {'description': {'urls': []}, 'url': {'urls': [{'expanded_url': 'http://www.newyorker.com/contributors/philip-gourevitch', 'url': 'https://t.co/B2cdyQUlgk', 'indices': [0, 23], 'display_url': 'newyorker.com/contributors/p…'}]}}, 'profile_background_tile': True, 'geo_enabled': False, 'has_extended_profile': True, 'utc_offset': -18000, 'profile_image_url': 'http://pbs.twimg.com/profile_images/453433288485781504/6DWyq4SV_normal.jpeg', 'id': 340441440, 'time_zone': 'Quito', 'profile_use_background_image': True, 'favourites_count': 170, 'translator_type': 'none', 'follow_request_sent': False, 'default_profile_image': False, 'is_translator': False, 'contributors_enabled': False, 'profile_background_color': '131516', 'profile_banner_url': 'https://pbs.twimg.com/profile_banners/340441440/1487658418', 'profile_sidebar_fill_color': 'EFEFEF', 'profile_sidebar_border_color': 'EEEEEE', 'profile_text_color': '333333', 'profile_background_image_url_https': 'https://abs.twimg.com/images/themes/theme14/bg.gif', 'following': False}";
3;;;Mon May 22 15:46:47 +0000 2017;{'urls': [{'expanded_url': 'https://www.youcaring.com/abillboardcompanyinseattle-827716', 'url': 'https://t.co/Okm4QZ0z6J', 'indices': [115, 138], 'display_url': 'youcaring.com/abillboardcomp…'}], 'user_mentions': [{'id_str': '20793816', 'screen_name': 'amazon', 'name': 'Amazon', 'indices': [12, 19], 'id': 20793816}, {'id_str': '6871942', 'screen_name': 'brittontaylor', 'name': 'Britton Taylor', 'indices': [85, 99], 'id': 6871942}], 'hashtags': [], 'symbols': []};728.0;0.0;;8.666817547775508e+17;866681754777550848;;;;;;0.0;en;{'iso_language_code': 'en', 'result_type': 'popular'};;0.0;389.0;0.0;"<a href=""http://twitter.com/download/iphone"" rel=""nofollow"">Twitter for iPhone</a>";0.0;"{'statuses_count': 12688, 'name': 'Sleeping Giants', 'lang': 'en', 'created_at': 'Thu Nov 17 00:31:26 +0000 2016', 'profile_link_color': '1DA1F2', 'profile_background_image_url': None, 'is_translation_enabled': False, 'protected': False, 'listed_count': 846, 'url': 'https://t.co/Zlvx1LVmgR', 'friends_count': 151, 'id_str': '799047255378391040', 'description': ""We are trying to stop racist and sexist media by stopping its ad dollars. Many companies don't even know it's happening. It's time to tell them."", 'location': '', 'verified': True, 'screen_name': 'slpng_giants', 'profile_image_url_https': 'https://pbs.twimg.com/profile_images/839871287124099072/NWnquIPN_normal.jpg', 'notifications': False, 'followers_count': 89967, 'default_profile': True, 'entities': {'description': {'urls': []}, 'url': {'urls': [{'expanded_url': 'http://facebook.com/slpnggiants', 'url': 'https://t.co/Zlvx1LVmgR', 'indices': [0, 23], 'display_url': 'facebook.com/slpnggiants'}]}}, 'profile_background_tile': False, 'geo_enabled': False, 'has_extended_profile': True, 'utc_offset': -25200, 'profile_image_url': 'http://pbs.twimg.com/profile_images/839871287124099072/NWnquIPN_normal.jpg', 'id': 799047255378391040, 'time_zone': 'Pacific Time (US & Canada)', 'profile_use_background_image': True, 'favourites_count': 2773, 'translator_type': 'none', 'follow_request_sent': False, 'default_profile_image': False, 'is_translator': False, 'contributors_enabled': False, 'profile_background_color': 'F5F8FA', 'profile_banner_url': 'https://pbs.twimg.com/profile_banners/799047255378391040/1486282449', 'profile_sidebar_fill_color': 'DDEEF6', 'profile_sidebar_border_color': 'C0DEED', 'profile_text_color': '333333', 'profile_background_image_url_https': None, 'following': False}";
4;;;Mon May 22 03:09:39 +0000 2017;{'urls': [], 'user_mentions': [], 'hashtags': [], 'symbols': []};2048.0;0.0;;8.664912171435049e+17;866491217143504896;;;;;;0.0;en;{'iso_language_code': 'en', 'result_type': 'popular'};;;273.0;0.0;"<a href=""http://twitter.com/download/iphone"" rel=""nofollow"">Twitter for iPhone</a>";0.0;{'statuses_count': 3885, 'name': 'ItsNickBean', 'lang': 'en', 'created_at': 'Sat Jun 28 20:55:17 +0000 2014', 'profile_link_color': 'DD2E44', 'profile_background_image_url': 'http://abs.twimg.com/images/themes/theme1/bg.png', 'is_translation_enabled': False, 'protected': False, 'listed_count': 665, 'url': 'https://t.co/6VNbGULIVZ', 'friends_count': 15356, 'id_str': '2593686391', 'description': 'I make music and stuff.', 'location': 'North Carolina ', 'verified': True, 'screen_name': 'ItsNickBean', 'profile_image_url_https': 'https://pbs.twimg.com/profile_images/866886856499245056/qhzyJW_J_normal.jpg', 'notifications': False, 'followers_count': 204959, 'default_profile': False, 'entities': {'description': {'urls': []}, 'url': {'urls': [{'expanded_url': 'https://youtu.be/ylDsbzdHCpA', 'url': 'https://t.co/6VNbGULIVZ', 'indices': [0, 23], 'display_url': 'youtu.be/ylDsbzdHCpA'}]}}, 'profile_background_tile': False, 'geo_enabled': True, 'has_extended_profile': False, 'utc_offset': -10800, 'profile_image_url': 'http://pbs.twimg.com/profile_images/866886856499245056/qhzyJW_J_normal.jpg', 'id': 2593686391, 'time_zone': 'Atlantic Time (Canada)', 'profile_use_background_image': True, 'favourites_count': 29811, 'translator_type': 'none', 'follow_request_sent': False, 'default_profile_image': False, 'is_translator': False, 'contributors_enabled': False, 'profile_background_color': 'C0DEED', 'profile_banner_url': 'https://pbs.twimg.com/profile_banners/2593686391/1495516908', 'profile_sidebar_fill_color': 'DDEEF6', 'profile_sidebar_border_color': 'C0DEED', 'profile_text_color': '333333', 'profile_background_image_url_https': 'https://abs.twimg.com/images/themes/theme1/bg.png', 'following': False};
5;;;Mon May 22 16:31:05 +0000 2017;{'urls': [{'expanded_url': 'https://twitter.com/i/web/status/866692903183171584', 'url': 'https://t.co/NbTIgcUr1i', 'indices': [118, 141], 'display_url': 'twitter.com/i/web/status/8…'}], 'user_mentions': [], 'hashtags': [{'text': 'Logan', 'indices': [23, 29]}], 'symbols': []};947.0;0.0;;8.666929031831716e+17;866692903183171584;;;;;;0.0;en;{'iso_language_code': 'en', 'result_type': 'popular'};;0.0;322.0;0.0;"<a href=""https://studio.twitter.com"" rel=""nofollow"">Media Studio</a>";1.0;{'statuses_count': 1431, 'name': 'Logan', 'lang': 'en', 'created_at': 'Wed Aug 10 19:20:32 +0000 2011', 'profile_link_color': '0084B4', 'profile_background_image_url': 'http://pbs.twimg.com/profile_background_images/378800000134630160/iBhDFDVM.jpeg', 'is_translation_enabled': False, 'protected': False, 'listed_count': 797, 'url': 'https://t.co/1D2vunNciD', 'friends_count': 186, 'id_str': '352537410', 'description': 'Now on Digital HD. On Blu-ray and DVD May 23.', 'location': '', 'verified': True, 'screen_name': 'WolverineMovie', 'profile_image_url_https': 'https://pbs.twimg.com/profile_images/859446866244665344/XB2yVxCj_normal.jpg', 'notifications': False, 'followers_count': 235647, 'default_profile': False, 'entities': {'description': {'urls': []}, 'url': {'urls': [{'expanded_url': 'http://drop.lk/DHD_Fox_OS_LTW', 'url': 'https://t.co/1D2vunNciD', 'indices': [0, 23], 'display_url': 'drop.lk/DHD_Fox_OS_LTW'}]}}, 'profile_background_tile': False, 'geo_enabled': True, 'has_extended_profile': False, 'utc_offset': -25200, 'profile_image_url': 'http://pbs.twimg.com/profile_images/859446866244665344/XB2yVxCj_normal.jpg', 'id': 352537410, 'time_zone': 'Pacific Time (US & Canada)', 'profile_use_background_image': True, 'favourites_count': 2320, 'translator_type': 'none', 'follow_request_sent': False, 'default_profile_image': False, 'is_translator': False, 'contributors_enabled': False, 'profile_background_color': 'FFFFFF', 'profile_banner_url': 'https://pbs.twimg.com/profile_banners/352537410/1493782425', 'profile_sidebar_fill_color': 'DDEEF6', 'profile_sidebar_border_color': 'FFFFFF', 'profile_text_color': '333333', 'profile_background_image_url_https': 'https://pbs.twimg.com/profile_background_images/378800000134630160/iBhDFDVM.jpeg', 'following': False};
6;;;Mon May 22 19:45:02 +0000 2017;{'urls': [{'expanded_url': 'https://twitter.com/i/web/status/866741711669792773', 'url': 'https://t.co/mGJfWkbozn', 'indices': [109, 132], 'display_url': 'twitter.com/i/web/status/8…'}], 'user_mentions': [], 'hashtags': [{'text': 'Redshift', 'indices': [97, 106]}], 'symbols': []};5.0;0.0;;8.667417116697928e+17;866741711669792773;;;;;;0.0;en;{'iso_language_code': 'en', 'result_type': 'popular'};;0.0;73.0;0.0;"<a href=""https://www.sprinklr.com"" rel=""nofollow"">Sprinklr</a>";1.0;{'statuses_count': 21178, 'name': 'Informatica', 'lang': 'en', 'created_at': 'Wed Nov 12 22:26:04 +0000 2008', 'profile_link_color': '1B4973', 'profile_background_image_url': 'http://pbs.twimg.com/profile_background_images/884240585/fba177af34902712258cf04fff1d202d.jpeg', 'is_translation_enabled': False, 'protected': False, 'listed_count': 2663, 'url': 'https://t.co/wmyqnvGpZC', 'friends_count': 930, 'id_str': '17350542', 'description': 'As the leader in Enterprise Cloud Data Management,\nInformatica helps data-driven leaders unleash the power of data to drive their intelligent disruption.', 'location': 'Redwood City, California', 'verified': True, 'screen_name': 'Informatica', 'profile_image_url_https': 'https://pbs.twimg.com/profile_images/863223889047937024/cUoPjCIl_normal.jpg', 'notifications': False, 'followers_count': 117844, 'default_profile': False, 'entities': {'description': {'urls': []}, 'url': {'urls': [{'expanded_url': 'https://www.informatica.com/', 'url': 'https://t.co/wmyqnvGpZC', 'indices': [0, 23], 'display_url': 'informatica.com'}]}}, 'profile_background_tile': False, 'geo_enabled': True, 'has_extended_profile': False, 'utc_offset': -14400, 'profile_image_url': 'http://pbs.twimg.com/profile_images/863223889047937024/cUoPjCIl_normal.jpg', 'id': 17350542, 'time_zone': 'Eastern Time (US & Canada)', 'profile_use_background_image': True, 'favourites_count': 829, 'translator_type': 'none', 'follow_request_sent': False, 'default_profile_image': False, 'is_translator': False, 'contributors_enabled': False, 'profile_background_color': 'DDDDDD', 'profile_banner_url': 'https://pbs.twimg.com/profile_banners/17350542/1494643069', 'profile_sidebar_fill_color': 'DCE9F5', 'profile_sidebar_border_color': 'FFFFFF', 'profile_text_color': '333333', 'profile_background_image_url_https': 'https://pbs.twimg.com/profile_background_images/884240585/fba177af34902712258cf04fff1d202d.jpeg', 'following': False};
7;;;Mon May 22 23:56:43 +0000 2017;{'urls': [{'expanded_url': 'https://twitter.com/i/web/status/866805053918785537', 'url': 'https://t.co/rmDYDr45fS', 'indices': [109, 132], 'display_url': 'twitter.com/i/web/status/8…'}], 'user_mentions': [{'id_str': '247483633', 'screen_name': 'amazonappstore', 'name': 'Amazon Appstore', 'indices': [49, 64], 'id': 247483633}], 'hashtags': [{'text': 'giveaway', 'indices': [8, 17]}], 'symbols': []};99.0;0.0;;8.668050539187855e+17;866805053918785537;;;;;;0.0;en;{'iso_language_code': 'en', 'result_type': 'popular'};;0.0;461.0;0.0;"<a href=""http://www.hootsuite.com"" rel=""nofollow"">Hootsuite</a>";1.0;{'statuses_count': 6238, 'name': 'NRG Esports', 'lang': 'en', 'created_at': 'Thu Nov 05 04:42:22 +0000 2015', 'profile_link_color': 'FF1440', 'profile_background_image_url': 'http://abs.twimg.com/images/themes/theme1/bg.png', 'is_translation_enabled': False, 'protected': False, 'listed_count': 289, 'url': 'https://t.co/2X9HySFOS7', 'friends_count': 781, 'id_str': '4131266472', 'description': 'Official account of professional gaming organization NRG Esports. Home of the 2x Smite World Champions & 3x RLCS NA Champions ? https://t.co/7fd8hXdRt2', 'location': 'Earth', 'verified': True, 'screen_name': 'NRGgg', 'profile_image_url_https': 'https://pbs.twimg.com/profile_images/864904273363992576/1bl4QmJ4_normal.jpg', 'notifications': False, 'followers_count': 65912, 'default_profile': False, 'entities': {'description': {'urls': [{'expanded_url': 'http://youtube.com/c/nrggg', 'url': 'https://t.co/7fd8hXdRt2', 'indices': [128, 151], 'display_url': 'youtube.com/c/nrggg'}]}, 'url': {'urls': [{'expanded_url': 'http://www.nrg.gg', 'url': 'https://t.co/2X9HySFOS7', 'indices': [0, 23], 'display_url': 'nrg.gg'}]}}, 'profile_background_tile': False, 'geo_enabled': True, 'has_extended_profile': False, 'utc_offset': -25200, 'profile_image_url': 'http://pbs.twimg.com/profile_images/864904273363992576/1bl4QmJ4_normal.jpg', 'id': 4131266472, 'time_zone': 'Pacific Time (US & Canada)', 'profile_use_background_image': False, 'favourites_count': 12507, 'translator_type': 'none', 'follow_request_sent': False, 'default_profile_image': False, 'is_translator': False, 'contributors_enabled': False, 'profile_background_color': '000000', 'profile_banner_url': 'https://pbs.twimg.com/profile_banners/4131266472/1495044261', 'profile_sidebar_fill_color': '000000', 'profile_sidebar_border_color': '000000', 'profile_text_color': '000000', 'profile_background_image_url_https': 'https://abs.twimg.com/images/themes/theme1/bg.png', 'following': False};
8;;;Mon May 22 09:35:43 +0000 2017;{'urls': [{'expanded_url': 'https://twitter.com/i/web/status/866588373745639424', 'url': 'https://t.co/9SpJr0zciO', 'indices': [121, 144], 'display_url': 'twitter.com/i/web/status/8…'}], 'user_mentions': [{'id_str': '270134317', 'screen_name': 'drdawnbarker', 'name': 'Dawn Barker', 'indices': [94, 107], 'id': 270134317}], 'hashtags': [], 'symbols': []};135.0;0.0;;8.665883737456394e+17;866588373745639424;;;;;;0.0;en;{'iso_language_code': 'en', 'result_type': 'popular'};;0.0;439.0;0.0;"<a href=""http://twitter.com"" rel=""nofollow"">Twitter Web Client</a>";1.0;{'statuses_count': 2896, 'name': 'Canelo', 'lang': 'en', 'created_at': 'Mon Nov 24 21:41:44 +0000 2014', 'profile_link_color': 'ABB8C2', 'profile_background_image_url': 'http://abs.twimg.com/images/themes/theme1/bg.png', 'is_translation_enabled': False, 'protected': False, 'listed_count': 73, 'url': 'http://t.co/ZaPANhDJrt', 'friends_count': 1039, 'id_str': '2891318217', 'description': 'Publisher of great ebooks. Also on Instagram @canelo_co.', 'location': 'London', 'verified': True, 'screen_name': 'canelo_co', 'profile_image_url_https': 'https://pbs.twimg.com/profile_images/742589523335471104/0TpMwodC_normal.jpg', 'notifications': False, 'followers_count': 2604, 'default_profile': False, 'entities': {'description': {'urls': []}, 'url': {'urls': [{'expanded_url': 'http://www.canelo.co', 'url': 'http://t.co/ZaPANhDJrt', 'indices': [0, 22], 'display_url': 'canelo.co'}]}}, 'profile_background_tile': False, 'geo_enabled': False, 'has_extended_profile': False, 'utc_offset': 3600, 'profile_image_url': 'http://pbs.twimg.com/profile_images/742589523335471104/0TpMwodC_normal.jpg', 'id': 2891318217, 'time_zone': 'London', 'profile_use_background_image': False, 'favourites_count': 1747, 'translator_type': 'none', 'follow_request_sent': False, 'default_profile_image': False, 'is_translator': False, 'contributors_enabled': False, 'profile_background_color': '000000', 'profile_banner_url': 'https://pbs.twimg.com/profile_banners/2891318217/1491223287', 'profile_sidebar_fill_color': '000000', 'profile_sidebar_border_color': '000000', 'profile_text_color': '000000', 'profile_background_image_url_https': 'https://abs.twimg.com/images/themes/theme1/bg.png', 'following': False};
9;;;Mon May 22 22:29:55 +0000 2017;{'urls': [{'expanded_url': 'http://moneybadger.stocktwits.com/how-do-tech-companies-make-money/?utm_medium=community-twitter&utm_source=twitter.com&utm_campaign=outboundteam', 'url': 'https://t.co/WQJ0sLAD6F', 'indices': [91, 114], 'display_url': 'moneybadger.stocktwits.com/how-do-tech-co…'}, {'expanded_url': 'https://twitter.com/i/web/status/866783208884625409', 'url': 'https://t.co/YPapWTxS7C', 'indices': [116, 139], 'display_url': 'twitter.com/i/web/status/8…'}], 'user_mentions': [], 'hashtags': [], 'symbols': []};130.0;0.0;;8.667832088846254e+17;866783208884625409;;;;;;0.0;en;{'iso_language_code': 'en', 'result_type': 'popular'};;0.0;87.0;0.0;"<a href=""http://twitter.com"" rel=""nofollow"">Twitter Web Client</a>";1.0;{'statuses_count': 56895, 'name': 'StockTwits', 'lang': 'en', 'created_at': 'Fri May 23 20:53:49 +0000 2008', 'profile_link_color': '40576F', 'profile_background_image_url': 'http://pbs.twimg.com/profile_background_images/371870912/stocktwits_twitter_bg.gif', 'is_translation_enabled': False, 'protected': False, 'listed_count': 8439, 'url': 'http://t.co/yyRNBE6l4N', 'friends_count': 126095, 'id_str': '14886375', 'description': 'Join the largest social network of investors and traders working together to beat the markets. Always free. Get our iOS or Android app: https://t.co/obEPmmpv52', 'location': 'New York, NY', 'verified': True, 'screen_name': 'StockTwits', 'profile_image_url_https': 'https://pbs.twimg.com/profile_images/732185372206059520/Jgc_b1iQ_normal.jpg', 'notifications': False, 'followers_count': 555378, 'default_profile': False, 'entities': {'description': {'urls': [{'expanded_url': 'http://onelink.to/8h5j9e', 'url': 'https://t.co/obEPmmpv52', 'indices': [136, 159], 'display_url': 'onelink.to/8h5j9e'}]}, 'url': {'urls': [{'expanded_url': 'http://www.stocktwits.com', 'url': 'http://t.co/yyRNBE6l4N', 'indices': [0, 22], 'display_url': 'stocktwits.com'}]}}, 'profile_background_tile': False, 'geo_enabled': False, 'has_extended_profile': False, 'utc_offset': -25200, 'profile_image_url': 'http://pbs.twimg.com/profile_images/732185372206059520/Jgc_b1iQ_normal.jpg', 'id': 14886375, 'time_zone': 'Pacific Time (US & Canada)', 'profile_use_background_image': False, 'favourites_count': 25653, 'translator_type': 'none', 'follow_request_sent': False, 'default_profile_image': False, 'is_translator': False, 'contributors_enabled': False, 'profile_background_color': 'FFFFFF', 'profile_banner_url': 'https://pbs.twimg.com/profile_banners/14886375/1436931698', 'profile_sidebar_fill_color': 'EEEEEE', 'profile_sidebar_border_color': 'DDDDDD', 'profile_text_color': '171717', 'profile_background_image_url_https': 'https://pbs.twimg.com/profile_background_images/371870912/stocktwits_twitter_bg.gif', 'following': True};
10;;;Mon May 22 13:45:00 +0000 2017;{'urls': [{'expanded_url': 'http://bit.ly/2kNjjfU', 'url': 'https://t.co/LgzIcitm03', 'indices': [89, 112], 'display_url': 'bit.ly/2kNjjfU'}], 'user_mentions': [], 'hashtags': [{'text': 'Moonlight', 'indices': [13, 23]}], 'symbols': [], 'media': [{'id_str': '866641759467708416', 'media_url': 'http://pbs.twimg.com/media/DAbuFqyXoAAqLr3.jpg', 'media_url_https': 'https://pbs.twimg.com/media/DAbuFqyXoAAqLr3.jpg', 'indices': [113, 136], 'type': 'photo', 'id': 866641759467708416, 'display_url': 'pic.twitter.com/NesWkbjN0J', 'expanded_url': 'https://twitter.com/IndieWire/status/866651109837778944/photo/1', 'sizes': {'small': {'resize': 'fit', 'w': 680, 'h': 382}, 'large': {'resize': 'fit', 'w': 780, 'h': 438}, 'medium': {'resize': 'fit', 'w': 780, 'h': 438}, 'thumb': {'resize': 'crop', 'w': 150, 'h': 150}}, 'url': 'https://t.co/NesWkbjN0J'}]};173.0;0.0;;8.66651109837779e+17;866651109837778944;;;;;;0.0;en;{'iso_language_code': 'en', 'result_type': 'popular'};;0.0;91.0;0.0;"<a href=""https://about.twitter.com/products/tweetdeck"" rel=""nofollow"">TweetDeck</a>";0.0;{'statuses_count': 94859, 'name': 'IndieWire', 'lang': 'en', 'created_at': 'Tue Feb 26 08:25:08 +0000 2008', 'profile_link_color': '1E70C7', 'profile_background_image_url': 'http://abs.twimg.com/images/themes/theme15/bg.png', 'is_translation_enabled': False, 'protected': False, 'listed_count': 6680, 'url': 'http://t.co/YtOAPgmUVL', 'friends_count': 3366, 'id_str': '13992132', 'description': 'Film. TV. Biz. Fans.', 'location': 'New York, NY', 'verified': True, 'screen_name': 'IndieWire', 'profile_image_url_https': 'https://pbs.twimg.com/profile_images/737665298824757248/KD6TzJmQ_normal.jpg', 'notifications': False, 'followers_count': 481678, 'default_profile': False, 'entities': {'description': {'urls': []}, 'url': {'urls': [{'expanded_url': 'http://indiewire.com/', 'url': 'http://t.co/YtOAPgmUVL', 'indices': [0, 22], 'display_url': 'indiewire.com'}]}}, 'profile_background_tile': False, 'geo_enabled': False, 'has_extended_profile': False, 'utc_offset': -14400, 'profile_image_url': 'http://pbs.twimg.com/profile_images/737665298824757248/KD6TzJmQ_normal.jpg', 'id': 13992132, 'time_zone': 'Eastern Time (US & Canada)', 'profile_use_background_image': True, 'favourites_count': 2407, 'translator_type': 'none', 'follow_request_sent': False, 'default_profile_image': False, 'is_translator': False, 'contributors_enabled': False, 'profile_background_color': '022330', 'profile_banner_url': 'https://pbs.twimg.com/profile_banners/13992132/1494847976', 'profile_sidebar_fill_color': 'C0DFEC', 'profile_sidebar_border_color': 'A8C7F7', 'profile_text_color': '333333', 'profile_background_image_url_https': 'https://abs.twimg.com/images/themes/theme15/bg.png', 'following': False};{'media': [{'id_str': '866641759467708416', 'media_url': 'http://pbs.twimg.com/media/DAbuFqyXoAAqLr3.jpg', 'media_url_https': 'https://pbs.twimg.com/media/DAbuFqyXoAAqLr3.jpg', 'indices': [113, 136], 'type': 'photo', 'id': 866641759467708416, 'display_url': 'pic.twitter.com/NesWkbjN0J', 'expanded_url': 'https://twitter.com/IndieWire/status/866651109837778944/photo/1', 'sizes': {'small': {'resize': 'fit', 'w': 680, 'h': 382}, 'large': {'resize': 'fit', 'w': 780, 'h': 438}, 'medium': {'resize': 'fit', 'w': 780, 'h': 438}, 'thumb': {'resize': 'crop', 'w': 150, 'h': 150}}, 'url': 'https://t.co/NesWkbjN0J'}]}
11;;;Tue May 23 11:32:46 +0000 2017;{'urls': [{'expanded_url': 'https://www.youtube.com/watch?v=YvT_gqs5ETk&feature=youtu.be', 'url': 'https://t.co/1q11EMzq10', 'indices': [24, 47], 'display_url': 'youtube.com/watch?v=YvT_gq…'}, {'expanded_url': 'https://twitter.com/i/web/status/866980217377751041', 'url': 'https://t.co/3HIzx31rV8', 'indices': [105, 128], 'display_url': 'twitter.com/i/web/status/8…'}], 'user_mentions': [], 'hashtags': [{'text': 'Amazon', 'indices': [49, 56]}, {'text': 'AmazonGiveaway', 'indices': [57, 72]}, {'text': 'aarp', 'indices': [73, 78]}, {'text': 'snl', 'indices': [79, 83]}, {'text': 'SNLFinale', 'indices': [84, 94]}, {'text': 'Tuesday', 'indices': [95, 103]}], 'symbols': []};383.0;0.0;;8.66980217377751e+17;866980217377751041;;;;;;0.0;en;{'iso_language_code': 'en', 'result_type': 'popular'};;0.0;257.0;0.0;"<a href=""http://twitter.com"" rel=""nofollow"">Twitter Web Client</a>";1.0;{'statuses_count': 9186, 'name': 'Sarantos', 'lang': 'en', 'created_at': 'Mon Jun 10 16:17:47 +0000 2013', 'profile_link_color': '009999', 'profile_background_image_url': 'http://abs.twimg.com/images/themes/theme14/bg.gif', 'is_translation_enabled': False, 'protected': False, 'listed_count': 212, 'url': 'https://t.co/DJgqb7liTc', 'friends_count': 30105, 'id_str': '1498656096', 'description': 'Described by industry insiders as an emotionally powerful vocal style masterfully united with a fusion of classic 80s rock & modern music! #newmusic #80smusic', 'location': 'Chicago, IL', 'verified': True, 'screen_name': 'SarantosMelogia', 'profile_image_url_https': 'https://pbs.twimg.com/profile_images/815077555338440706/8r2E_a56_normal.jpg', 'notifications': False, 'followers_count': 903736, 'default_profile': False, 'entities': {'description': {'urls': []}, 'url': {'urls': [{'expanded_url': 'http://www.melogia.com', 'url': 'https://t.co/DJgqb7liTc', 'indices': [0, 23], 'display_url': 'melogia.com'}]}}, 'profile_background_tile': True, 'geo_enabled': False, 'has_extended_profile': True, 'utc_offset': -18000, 'profile_image_url': 'http://pbs.twimg.com/profile_images/815077555338440706/8r2E_a56_normal.jpg', 'id': 1498656096, 'time_zone': 'Central Time (US & Canada)', 'profile_use_background_image': True, 'favourites_count': 51825, 'translator_type': 'none', 'follow_request_sent': False, 'default_profile_image': False, 'is_translator': False, 'contributors_enabled': False, 'profile_background_color': '131516', 'profile_banner_url': 'https://pbs.twimg.com/profile_banners/1498656096/1493431500', 'profile_sidebar_fill_color': 'EFEFEF', 'profile_sidebar_border_color': 'EEEEEE', 'profile_text_color': '333333', 'profile_background_image_url_https': 'https://abs.twimg.com/images/themes/theme14/bg.gif', 'following': False};
12;;;Mon May 22 00:45:10 +0000 2017;{'urls': [], 'user_mentions': [{'id_str': '20793816', 'screen_name': 'amazon', 'name': 'Amazon', 'indices': [20, 27], 'id': 20793816}], 'hashtags': [], 'symbols': [], 'media': [{'media_url_https': 'https://pbs.twimg.com/ext_tw_video_thumb/847481962537205762/pu/img/a-FtU68cfBFBi220.jpg', 'source_user_id': 2344530218, 'expanded_url': 'https://twitter.com/MikeQuindazzi/status/847484573894049796/video/1', 'id': 847481962537205762, 'display_url': 'pic.twitter.com/2H91a5OAPJ', 'url': 'https://t.co/2H91a5OAPJ', 'id_str': '847481962537205762', 'media_url': 'http://pbs.twimg.com/ext_tw_video_thumb/847481962537205762/pu/img/a-FtU68cfBFBi220.jpg', 'source_status_id': 847484573894049796, 'source_user_id_str': '2344530218', 'type': 'photo', 'source_status_id_str': '847484573894049796', 'sizes': {'small': {'resize': 'fit', 'w': 340, 'h': 191}, 'large': {'resize': 'fit', 'w': 1024, 'h': 576}, 'medium': {'resize': 'fit', 'w': 600, 'h': 338}, 'thumb': {'resize': 'crop', 'w': 150, 'h': 150}}, 'indices': [94, 117]}]};112.0;0.0;;8.664548569444966e+17;866454856944496640;;;;;;0.0;en;{'iso_language_code': 'en', 'result_type': 'popular'};;0.0;100.0;0.0;"<a href=""http://twitter.com/download/iphone"" rel=""nofollow"">Twitter for iPhone</a>";0.0;{'statuses_count': 310204, 'name': 'Vala Afshar', 'lang': 'en', 'created_at': 'Wed Mar 02 13:31:29 +0000 2011', 'profile_link_color': '0084B4', 'profile_background_image_url': 'http://abs.twimg.com/images/themes/theme1/bg.png', 'is_translation_enabled': False, 'protected': False, 'listed_count': 9246, 'url': 'https://t.co/nSnWIXeE3A', 'friends_count': 440, 'id_str': '259725229', 'description': 'Chief Digital Evangelist, @Salesforce | Blog: @HuffPost | Book: https://t.co/oSpLljigAi | Show: @DisrupTVShow', 'location': 'Boston', 'verified': True, 'screen_name': 'ValaAfshar', 'profile_image_url_https': 'https://pbs.twimg.com/profile_images/1259558245/vala_300dpi_normal.jpg', 'notifications': False, 'followers_count': 191409, 'default_profile': False, 'entities': {'description': {'urls': [{'expanded_url': 'http://bit.ly/tposbe', 'url': 'https://t.co/oSpLljigAi', 'indices': [64, 87], 'display_url': 'bit.ly/tposbe'}]}, 'url': {'urls': [{'expanded_url': 'http://www.huffingtonpost.com/vala-afshar/', 'url': 'https://t.co/nSnWIXeE3A', 'indices': [0, 23], 'display_url': 'huffingtonpost.com/vala-afshar/'}]}}, 'profile_background_tile': False, 'geo_enabled': True, 'has_extended_profile': False, 'utc_offset': -14400, 'profile_image_url': 'http://pbs.twimg.com/profile_images/1259558245/vala_300dpi_normal.jpg', 'id': 259725229, 'time_zone': 'Eastern Time (US & Canada)', 'profile_use_background_image': True, 'favourites_count': 1, 'translator_type': 'none', 'follow_request_sent': False, 'default_profile_image': False, 'is_translator': False, 'contributors_enabled': False, 'profile_background_color': 'C0DEED', 'profile_banner_url': 'https://pbs.twimg.com/profile_banners/259725229/1439209336', 'profile_sidebar_fill_color': 'DDEEF6', 'profile_sidebar_border_color': 'FFFFFF', 'profile_text_color': '333333', 'profile_background_image_url_https': 'https://abs.twimg.com/images/themes/theme1/bg.png', 'following': False};{'media': [{'media_url_https': 'https://pbs.twimg.com/ext_tw_video_thumb/847481962537205762/pu/img/a-FtU68cfBFBi220.jpg', 'source_user_id': 2344530218, 'expanded_url': 'https://twitter.com/MikeQuindazzi/status/847484573894049796/video/1', 'id': 847481962537205762, 'display_url': 'pic.twitter.com/2H91a5OAPJ', 'url': 'https://t.co/2H91a5OAPJ', 'id_str': '847481962537205762', 'media_url': 'http://pbs.twimg.com/ext_tw_video_thumb/847481962537205762/pu/img/a-FtU68cfBFBi220.jpg', 'source_status_id': 847484573894049796, 'source_user_id_str': '2344530218', 'type': 'video', 'source_status_id_str': '847484573894049796', 'additional_media_info': {'monetizable': False}, 'video_info': {'duration_millis': 82082, 'variants': [{'content_type': 'video/mp4', 'bitrate': 320000, 'url': 'https://video.twimg.com/ext_tw_video/847481962537205762/pu/vid/320x180/Zgyl7zW2VXSFZ7td.mp4'}, {'content_type': 'video/mp4', 'bitrate': 832000, 'url': 'https://video.twimg.com/ext_tw_video/847481962537205762/pu/vid/640x360/iDLJ2RZBRAT6Y7GN.mp4'}, {'content_type': 'application/x-mpegURL', 'url': 'https://video.twimg.com/ext_tw_video/847481962537205762/pu/pl/zimiMmsSQ_p_idQy.m3u8'}, {'content_type': 'video/mp4', 'bitrate': 2176000, 'url': 'https://video.twimg.com/ext_tw_video/847481962537205762/pu/vid/1280x720/Z9D7UAlbzsqKiGSL.mp4'}], 'aspect_ratio': [16, 9]}, 'sizes': {'small': {'resize': 'fit', 'w': 340, 'h': 191}, 'large': {'resize': 'fit', 'w': 1024, 'h': 576}, 'medium': {'resize': 'fit', 'w': 600, 'h': 338}, 'thumb': {'resize': 'crop', 'w': 150, 'h': 150}}, 'indices': [94, 117]}]}
13;;;Sun May 21 15:01:29 +0000 2017;{'urls': [], 'user_mentions': [], 'hashtags': [], 'symbols': []};4831.0;0.0;;8.663079684128563e+17;866307968412856320;;;;;;0.0;en;{'iso_language_code': 'en', 'result_type': 'popular'};;;2033.0;0.0;"<a href=""http://twitter.com/download/iphone"" rel=""nofollow"">Twitter for iPhone</a>";0.0;"{'statuses_count': 64597, 'name': 'Dave Zirin', 'lang': 'en', 'created_at': 'Thu Jun 25 15:59:38 +0000 2009', 'profile_link_color': '0084B4', 'profile_background_image_url': 'http://pbs.twimg.com/profile_background_images/19834127/muhammad-ali-291x300.jpg', 'is_translation_enabled': False, 'protected': False, 'listed_count': 2508, 'url': 'https://t.co/V23azgEO9N', 'friends_count': 999, 'id_str': '50684256', 'description': ""Sports editor @thenation. Host of the Edge of Sports Podcast. https://t.co/GZUeeykpa6 Co-host of WPFW's The Collision w/Etan Thomas. Last name rhymes with Siren"", 'location': 'Washington, DC', 'verified': True, 'screen_name': 'EdgeofSports', 'profile_image_url_https': 'https://pbs.twimg.com/profile_images/851537604763844608/dvkHePUa_normal.jpg', 'notifications': False, 'followers_count': 77320, 'default_profile': False, 'entities': {'description': {'urls': [{'expanded_url': 'http://bit.ly/1WCZylM', 'url': 'https://t.co/GZUeeykpa6', 'indices': [62, 85], 'display_url': 'bit.ly/1WCZylM'}]}, 'url': {'urls': [{'expanded_url': 'http://edgeofsports.com', 'url': 'https://t.co/V23azgEO9N', 'indices': [0, 23], 'display_url': 'edgeofsports.com'}]}}, 'profile_background_tile': False, 'geo_enabled': False, 'has_extended_profile': False, 'utc_offset': -18000, 'profile_image_url': 'http://pbs.twimg.com/profile_images/851537604763844608/dvkHePUa_normal.jpg', 'id': 50684256, 'time_zone': 'Quito', 'profile_use_background_image': True, 'favourites_count': 69205, 'translator_type': 'none', 'follow_request_sent': False, 'default_profile_image': False, 'is_translator': False, 'contributors_enabled': False, 'profile_background_color': '9AE4E8', 'profile_banner_url': 'https://pbs.twimg.com/profile_banners/50684256/1457538313', 'profile_sidebar_fill_color': 'DDFFCC', 'profile_sidebar_border_color': 'BDDCAD', 'profile_text_color': '333333', 'profile_background_image_url_https': 'https://pbs.twimg.com/profile_background_images/19834127/muhammad-ali-291x300.jpg', 'following': False}";
14;;;Tue May 23 09:18:11 +0000 2017;{'urls': [{'expanded_url': 'https://wp.me/p88uvv-2cc?ref', 'url': 'https://t.co/KWbNXLwS5m', 'indices': [82, 105], 'display_url': 'wp.me/p88uvv-2cc?ref'}], 'user_mentions': [], 'hashtags': [], 'symbols': []};116.0;0.0;;8.669463496773714e+17;866946349677371392;;;;;;0.0;en;{'iso_language_code': 'en', 'result_type': 'popular'};;0.0;101.0;0.0;"<a href=""http://twitter.com"" rel=""nofollow"">Twitter Web Client</a>";0.0;{'statuses_count': 6370, 'name': 'Acharya Balkrishna', 'lang': 'en', 'created_at': 'Sun Aug 28 10:13:30 +0000 2011', 'profile_link_color': '981CEB', 'profile_background_image_url': 'http://pbs.twimg.com/profile_background_images/378800000123368525/a2f354b057bbacdc376e9824a5ad23e9.jpeg', 'is_translation_enabled': False, 'protected': False, 'listed_count': 127, 'url': 'https://t.co/Y9BZsrQESK', 'friends_count': 58, 'id_str': '363585946', 'description': 'Official Account of Acharya Balkrishna.  M.D. of Patanjali Ayurved Ltd  & co-founder of Patanjali Yogpeeth Haridwar. Account Managed by a dedicated team.', 'location': 'Haridwar', 'verified': True, 'screen_name': 'Ach_Balkrishna', 'profile_image_url_https': 'https://pbs.twimg.com/profile_images/710055821585944576/epO1LdCO_normal.jpg', 'notifications': False, 'followers_count': 50136, 'default_profile': False, 'entities': {'description': {'urls': []}, 'url': {'urls': [{'expanded_url': 'http://www.acharyabalkrishna.com', 'url': 'https://t.co/Y9BZsrQESK', 'indices': [0, 23], 'display_url': 'acharyabalkrishna.com'}]}}, 'profile_background_tile': False, 'geo_enabled': True, 'has_extended_profile': True, 'utc_offset': 19800, 'profile_image_url': 'http://pbs.twimg.com/profile_images/710055821585944576/epO1LdCO_normal.jpg', 'id': 363585946, 'time_zone': 'New Delhi', 'profile_use_background_image': True, 'favourites_count': 1730, 'translator_type': 'none', 'follow_request_sent': False, 'default_profile_image': False, 'is_translator': False, 'contributors_enabled': False, 'profile_background_color': 'EDECE9', 'profile_banner_url': 'https://pbs.twimg.com/profile_banners/363585946/1462258218', 'profile_sidebar_fill_color': 'E3E2DE', 'profile_sidebar_border_color': 'FFFFFF', 'profile_text_color': '634047', 'profile_background_image_url_https': 'https://pbs.twimg.com/profile_background_images/378800000123368525/a2f354b057bbacdc376e9824a5ad23e9.jpeg', 'following': False};
15;;;Tue May 23 11:41:14 +0000 2017;{'urls': [{'expanded_url': 'https://www.theverge.com/circuitbreaker/2017/5/23/15679828/ikea-lights-siri-google-home-and-echo-compatible?utm_campaign=theverge&utm_content=chorus&utm_medium=social&utm_source=twitter', 'url': 'https://t.co/iNGqHYfH5l', 'indices': [92, 115], 'display_url': 'theverge.com/circuitbreaker…'}], 'user_mentions': [], 'hashtags': [], 'symbols': [], 'media': [{'id_str': '866982345882128385', 'media_url': 'http://pbs.twimg.com/media/DAgj2aDW0AEya9w.jpg', 'media_url_https': 'https://pbs.twimg.com/media/DAgj2aDW0AEya9w.jpg', 'indices': [116, 139], 'type': 'photo', 'id': 866982345882128385, 'display_url': 'pic.twitter.com/MvC1P9Z6cJ', 'expanded_url': 'https://twitter.com/verge/status/866982348113530880/photo/1', 'sizes': {'small': {'resize': 'fit', 'w': 680, 'h': 353}, 'large': {'resize': 'fit', 'w': 1620, 'h': 841}, 'medium': {'resize': 'fit', 'w': 1200, 'h': 623}, 'thumb': {'resize': 'crop', 'w': 150, 'h': 150}}, 'url': 'https://t.co/MvC1P9Z6cJ'}]};188.0;0.0;;8.669823481135309e+17;866982348113530880;;;;;;0.0;en;{'iso_language_code': 'en', 'result_type': 'popular'};;0.0;73.0;0.0;"<a href=""http://www.voxmedia.com"" rel=""nofollow"">Vox Media</a>";0.0;{'statuses_count': 120306, 'name': 'The Verge', 'lang': 'en', 'created_at': 'Fri Apr 01 19:54:22 +0000 2011', 'profile_link_color': 'EC008C', 'profile_background_image_url': 'http://pbs.twimg.com/profile_background_images/481546505468145664/a59ZFvIP.jpeg', 'is_translation_enabled': True, 'protected': False, 'listed_count': 33016, 'url': 'http://t.co/W2SFxIXkC4', 'friends_count': 147, 'id_str': '275686563', 'description': 'https://t.co/W2SFxIXkC4 covers life in the future.', 'location': 'New York', 'verified': True, 'screen_name': 'verge', 'profile_image_url_https': 'https://pbs.twimg.com/profile_images/793336456718782464/cf1nuXC0_normal.jpg', 'notifications': False, 'followers_count': 1923345, 'default_profile': False, 'entities': {'description': {'urls': [{'expanded_url': 'http://www.theverge.com', 'url': 'https://t.co/W2SFxIXkC4', 'indices': [0, 23], 'display_url': 'theverge.com'}]}, 'url': {'urls': [{'expanded_url': 'http://www.theverge.com', 'url': 'http://t.co/W2SFxIXkC4', 'indices': [0, 22], 'display_url': 'theverge.com'}]}}, 'profile_background_tile': False, 'geo_enabled': True, 'has_extended_profile': False, 'utc_offset': -14400, 'profile_image_url': 'http://pbs.twimg.com/profile_images/793336456718782464/cf1nuXC0_normal.jpg', 'id': 275686563, 'time_zone': 'Eastern Time (US & Canada)', 'profile_use_background_image': True, 'favourites_count': 1644, 'translator_type': 'regular', 'follow_request_sent': False, 'default_profile_image': False, 'is_translator': False, 'contributors_enabled': False, 'profile_background_color': 'FFFFFF', 'profile_banner_url': 'https://pbs.twimg.com/profile_banners/275686563/1484064279', 'profile_sidebar_fill_color': 'EFEFEF', 'profile_sidebar_border_color': '000000', 'profile_text_color': '333333', 'profile_background_image_url_https': 'https://pbs.twimg.com/profile_background_images/481546505468145664/a59ZFvIP.jpeg', 'following': False};{'media': [{'id_str': '866982345882128385', 'media_url': 'http://pbs.twimg.com/media/DAgj2aDW0AEya9w.jpg', 'media_url_https': 'https://pbs.twimg.com/media/DAgj2aDW0AEya9w.jpg', 'indices': [116, 139], 'type': 'photo', 'id': 866982345882128385, 'display_url': 'pic.twitter.com/MvC1P9Z6cJ', 'expanded_url': 'https://twitter.com/verge/status/866982348113530880/photo/1', 'sizes': {'small': {'resize': 'fit', 'w': 680, 'h': 353}, 'large': {'resize': 'fit', 'w': 1620, 'h': 841}, 'medium': {'resize': 'fit', 'w': 1200, 'h': 623}, 'thumb': {'resize': 'crop', 'w': 150, 'h': 150}}, 'url': 'https://t.co/MvC1P9Z6cJ'}]}
16;;;Tue May 23 14:13:15 +0000 2017;{'urls': [{'expanded_url': 'http://tcrn.ch/2qcMdYT', 'url': 'https://t.co/l7f1FzMckn', 'indices': [78, 101], 'display_url': 'tcrn.ch/2qcMdYT'}], 'user_mentions': [{'id_str': '683113', 'screen_name': 'sarahintampa', 'name': 'Sarah Perez', 'indices': [105, 118], 'id': 683113}], 'hashtags': [], 'symbols': []};29.0;0.0;;8.670206070530785e+17;867020607053078528;;;;;;0.0;en;{'iso_language_code': 'en', 'result_type': 'popular'};;0.0;20.0;0.0;"<a href=""http://10up.com"" rel=""nofollow"">10up Publish Tweet</a>";0.0;{'statuses_count': 157053, 'name': 'TechCrunch', 'lang': 'en', 'created_at': 'Wed Mar 07 01:27:09 +0000 2007', 'profile_link_color': '097000', 'profile_background_image_url': 'http://pbs.twimg.com/profile_background_images/621096023751004161/BAKy7hCT.png', 'is_translation_enabled': True, 'protected': False, 'listed_count': 109239, 'url': 'https://t.co/b5Oyx12qGG', 'friends_count': 920, 'id_str': '816653', 'description': 'Breaking technology news, analysis, and opinions from TechCrunch. The number one guide for all things tech. Got a tip? Let us know tips@techcrunch.com', 'location': 'San Francisco, CA', 'verified': True, 'screen_name': 'TechCrunch', 'profile_image_url_https': 'https://pbs.twimg.com/profile_images/615392662233808896/EtxjSSKk_normal.jpg', 'notifications': False, 'followers_count': 9129412, 'default_profile': False, 'entities': {'description': {'urls': []}, 'url': {'urls': [{'expanded_url': 'http://techcrunch.com', 'url': 'https://t.co/b5Oyx12qGG', 'indices': [0, 23], 'display_url': 'techcrunch.com'}]}}, 'profile_background_tile': False, 'geo_enabled': True, 'has_extended_profile': False, 'utc_offset': -25200, 'profile_image_url': 'http://pbs.twimg.com/profile_images/615392662233808896/EtxjSSKk_normal.jpg', 'id': 816653, 'time_zone': 'Pacific Time (US & Canada)', 'profile_use_background_image': True, 'favourites_count': 2047, 'translator_type': 'none', 'follow_request_sent': False, 'default_profile_image': False, 'is_translator': False, 'contributors_enabled': False, 'profile_background_color': '149500', 'profile_banner_url': 'https://pbs.twimg.com/profile_banners/816653/1495488903', 'profile_sidebar_fill_color': 'DDFFCC', 'profile_sidebar_border_color': 'FFFFFF', 'profile_text_color': '222222', 'profile_background_image_url_https': 'https://pbs.twimg.com/profile_background_images/621096023751004161/BAKy7hCT.png', 'following': False};
17;;;Tue May 23 11:49:04 +0000 2017;{'urls': [{'expanded_url': 'https://bloom.bg/2qRDTyU', 'url': 'https://t.co/wg1ukm7EiP', 'indices': [93, 116], 'display_url': 'bloom.bg/2qRDTyU'}], 'user_mentions': [], 'hashtags': [], 'symbols': [], 'media': [{'id_str': '866984316957536256', 'media_url': 'http://pbs.twimg.com/media/DAglpI4WsAAEhxo.jpg', 'media_url_https': 'https://pbs.twimg.com/media/DAglpI4WsAAEhxo.jpg', 'indices': [117, 140], 'type': 'photo', 'id': 866984316957536256, 'display_url': 'pic.twitter.com/1Mpp0gOiMe', 'expanded_url': 'https://twitter.com/business/status/866984318916329474/photo/1', 'sizes': {'small': {'resize': 'fit', 'w': 680, 'h': 453}, 'large': {'resize': 'fit', 'w': 1200, 'h': 800}, 'medium': {'resize': 'fit', 'w': 1200, 'h': 800}, 'thumb': {'resize': 'crop', 'w': 150, 'h': 150}}, 'url': 'https://t.co/1Mpp0gOiMe'}]};26.0;0.0;;8.669843189163295e+17;866984318916329474;;;;;;0.0;en;{'iso_language_code': 'en', 'result_type': 'popular'};;0.0;19.0;0.0;"<a href=""http://www.socialflow.com"" rel=""nofollow"">SocialFlow</a>";0.0;{'statuses_count': 238963, 'name': 'Bloomberg', 'lang': 'en', 'created_at': 'Thu Apr 23 20:05:17 +0000 2009', 'profile_link_color': '3B94D9', 'profile_background_image_url': 'http://pbs.twimg.com/profile_background_images/544322097833467904/1fjpNCr9.jpeg', 'is_translation_enabled': True, 'protected': False, 'listed_count': 44224, 'url': 'http://t.co/YFISwy1upH', 'friends_count': 1006, 'id_str': '34713362', 'description': 'The first word in business news.', 'location': 'New York and the World', 'verified': True, 'screen_name': 'business', 'profile_image_url_https': 'https://pbs.twimg.com/profile_images/714946924105883648/4fgNVF4H_normal.jpg', 'notifications': False, 'followers_count': 3952299, 'default_profile': False, 'entities': {'description': {'urls': []}, 'url': {'urls': [{'expanded_url': 'http://www.bloomberg.com', 'url': 'http://t.co/YFISwy1upH', 'indices': [0, 22], 'display_url': 'bloomberg.com'}]}}, 'profile_background_tile': True, 'geo_enabled': False, 'has_extended_profile': False, 'utc_offset': -14400, 'profile_image_url': 'http://pbs.twimg.com/profile_images/714946924105883648/4fgNVF4H_normal.jpg', 'id': 34713362, 'time_zone': 'Eastern Time (US & Canada)', 'profile_use_background_image': True, 'favourites_count': 326, 'translator_type': 'none', 'follow_request_sent': False, 'default_profile_image': False, 'is_translator': False, 'contributors_enabled': False, 'profile_background_color': '101112', 'profile_banner_url': 'https://pbs.twimg.com/profile_banners/34713362/1472058483', 'profile_sidebar_fill_color': 'EEEEEE', 'profile_sidebar_border_color': 'DADADA', 'profile_text_color': '666666', 'profile_background_image_url_https': 'https://pbs.twimg.com/profile_background_images/544322097833467904/1fjpNCr9.jpeg', 'following': False};{'media': [{'id_str': '866984316957536256', 'media_url': 'http://pbs.twimg.com/media/DAglpI4WsAAEhxo.jpg', 'media_url_https': 'https://pbs.twimg.com/media/DAglpI4WsAAEhxo.jpg', 'indices': [117, 140], 'type': 'photo', 'id': 866984316957536256, 'display_url': 'pic.twitter.com/1Mpp0gOiMe', 'expanded_url': 'https://twitter.com/business/status/866984318916329474/photo/1', 'sizes': {'small': {'resize': 'fit', 'w': 680, 'h': 453}, 'large': {'resize': 'fit', 'w': 1200, 'h': 800}, 'medium': {'resize': 'fit', 'w': 1200, 'h': 800}, 'thumb': {'resize': 'crop', 'w': 150, 'h': 150}}, 'url': 'https://t.co/1Mpp0gOiMe'}]}
18;;;Tue May 23 12:00:20 +0000 2017;{'urls': [{'expanded_url': 'http://for.tn/2rwei1f', 'url': 'https://t.co/BdzIzd2YU7', 'indices': [80, 103], 'display_url': 'for.tn/2rwei1f'}], 'user_mentions': [], 'hashtags': [], 'symbols': [], 'media': [{'id_str': '866987155415080960', 'media_url': 'http://pbs.twimg.com/media/DAgoOW9XoAAWIBN.jpg', 'media_url_https': 'https://pbs.twimg.com/media/DAgoOW9XoAAWIBN.jpg', 'indices': [104, 127], 'type': 'photo', 'id': 866987155415080960, 'display_url': 'pic.twitter.com/x20s0pKxnW', 'expanded_url': 'https://twitter.com/FortuneMagazine/status/866987157898055680/photo/1', 'sizes': {'small': {'resize': 'fit', 'w': 680, 'h': 383}, 'large': {'resize': 'fit', 'w': 720, 'h': 405}, 'medium': {'resize': 'fit', 'w': 720, 'h': 405}, 'thumb': {'resize': 'crop', 'w': 150, 'h': 150}}, 'url': 'https://t.co/x20s0pKxnW'}]};32.0;0.0;;8.669871578980557e+17;866987157898055680;;;;;;0.0;en;{'iso_language_code': 'en', 'result_type': 'popular'};;0.0;24.0;0.0;"<a href=""http://www.socialflow.com"" rel=""nofollow"">SocialFlow</a>";0.0;"{'statuses_count': 134949, 'name': 'Fortune', 'lang': 'en', 'created_at': 'Wed Mar 18 10:23:54 +0000 2009', 'profile_link_color': '6E6E6E', 'profile_background_image_url': 'http://pbs.twimg.com/profile_background_images/638320730/tdcsbedbx8z80a2jf3r2.jpeg', 'is_translation_enabled': False, 'protected': False, 'listed_count': 23582, 'url': 'http://t.co/oHFi8FmA3l', 'friends_count': 443, 'id_str': '25053299', 'description': ""FORTUNE's official Twitter feed. Here's what we're hearing, seeing, reading and writing. Visit us at http://t.co/EZnUYxNm"", 'location': 'New York', 'verified': True, 'screen_name': 'FortuneMagazine', 'profile_image_url_https': 'https://pbs.twimg.com/profile_images/788845274869399552/I0pyqhWn_normal.jpg', 'notifications': False, 'followers_count': 2206228, 'default_profile': False, 'entities': {'description': {'urls': [{'expanded_url': 'http://www.fortune.com', 'url': 'http://t.co/EZnUYxNm', 'indices': [101, 121], 'display_url': 'fortune.com'}]}, 'url': {'urls': [{'expanded_url': 'http://fortune.com', 'url': 'http://t.co/oHFi8FmA3l', 'indices': [0, 22], 'display_url': 'fortune.com'}]}}, 'profile_background_tile': False, 'geo_enabled': True, 'has_extended_profile': False, 'utc_offset': -14400, 'profile_image_url': 'http://pbs.twimg.com/profile_images/788845274869399552/I0pyqhWn_normal.jpg', 'id': 25053299, 'time_zone': 'Eastern Time (US & Canada)', 'profile_use_background_image': False, 'favourites_count': 1159, 'translator_type': 'none', 'follow_request_sent': False, 'default_profile_image': False, 'is_translator': False, 'contributors_enabled': False, 'profile_background_color': '022330', 'profile_banner_url': 'https://pbs.twimg.com/profile_banners/25053299/1480602162', 'profile_sidebar_fill_color': 'C0DFEC', 'profile_sidebar_border_color': 'FFFFFF', 'profile_text_color': '333333', 'profile_background_image_url_https': 'https://pbs.twimg.com/profile_background_images/638320730/tdcsbedbx8z80a2jf3r2.jpeg', 'following': False}";{'media': [{'id_str': '866987155415080960', 'media_url': 'http://pbs.twimg.com/media/DAgoOW9XoAAWIBN.jpg', 'media_url_https': 'https://pbs.twimg.com/media/DAgoOW9XoAAWIBN.jpg', 'indices': [104, 127], 'type': 'photo', 'id': 866987155415080960, 'display_url': 'pic.twitter.com/x20s0pKxnW', 'expanded_url': 'https://twitter.com/FortuneMagazine/status/866987157898055680/photo/1', 'sizes': {'small': {'resize': 'fit', 'w': 680, 'h': 383}, 'large': {'resize': 'fit', 'w': 720, 'h': 405}, 'medium': {'resize': 'fit', 'w': 720, 'h': 405}, 'thumb': {'resize': 'crop', 'w': 150, 'h': 150}}, 'url': 'https://t.co/x20s0pKxnW'}]}
19;;;Tue May 23 14:31:49 +0000 2017;{'urls': [{'expanded_url': 'http://ow.ly/WpU250bG0Mu', 'url': 'https://t.co/yuEvhSGgUi', 'indices': [77, 100], 'display_url': 'ow.ly/WpU250bG0Mu'}], 'user_mentions': [{'id_str': '18854457', 'screen_name': 'CloudExpo', 'name': 'CloudEXPO ®', 'indices': [54, 64], 'id': 18854457}, {'id_str': '14790085', 'screen_name': 'CAinc', 'name': 'CA Technologies', 'indices': [65, 71], 'id': 14790085}], 'hashtags': [{'text': 'Serverless', 'indices': [16, 27]}, {'text': 'Lambda', 'indices': [39, 46]}, {'text': 'AWS', 'indices': [72, 76]}], 'symbols': []};17.0;0.0;;8.670252787023749e+17;867025278702374912;;;;;;0.0;en;{'iso_language_code': 'en', 'result_type': 'popular'};;0.0;19.0;0.0;"<a href=""http://www.hootsuite.com"" rel=""nofollow"">Hootsuite</a>";0.0;{'statuses_count': 267286, 'name': 'Carla Gentry', 'lang': 'en', 'created_at': 'Thu Mar 04 17:55:28 +0000 2010', 'profile_link_color': '0048FF', 'profile_background_image_url': 'http://pbs.twimg.com/profile_background_images/367086011/chicago-skyline-at-nightist.jpg', 'is_translation_enabled': False, 'protected': False, 'listed_count': 3900, 'url': 'https://t.co/9HlSMRIKEV', 'friends_count': 12544, 'id_str': '119802433', 'description': 'Data Scientist at Talent Analytics - Proud DataNerd RT ? equal endorsement. Love sharing info about data analytics https://t.co/L9M6kSSaef', 'location': 'Louisville, Kentucky', 'verified': True, 'screen_name': 'data_nerd', 'profile_image_url_https': 'https://pbs.twimg.com/profile_images/563828727306391552/Jxxp_Nar_normal.jpeg', 'notifications': False, 'followers_count': 39584, 'default_profile': False, 'entities': {'description': {'urls': [{'expanded_url': 'https://www.linkedin.com/in/datanerd13', 'url': 'https://t.co/L9M6kSSaef', 'indices': [115, 138], 'display_url': 'linkedin.com/in/datanerd13'}]}, 'url': {'urls': [{'expanded_url': 'http://analytical-solution.com/', 'url': 'https://t.co/9HlSMRIKEV', 'indices': [0, 23], 'display_url': 'analytical-solution.com'}]}}, 'profile_background_tile': True, 'geo_enabled': False, 'has_extended_profile': True, 'utc_offset': -14400, 'profile_image_url': 'http://pbs.twimg.com/profile_images/563828727306391552/Jxxp_Nar_normal.jpeg', 'id': 119802433, 'time_zone': 'Eastern Time (US & Canada)', 'profile_use_background_image': True, 'favourites_count': 12396, 'translator_type': 'none', 'follow_request_sent': False, 'default_profile_image': False, 'is_translator': False, 'contributors_enabled': False, 'profile_background_color': '6F6F94', 'profile_banner_url': 'https://pbs.twimg.com/profile_banners/119802433/1402422076', 'profile_sidebar_fill_color': 'A2B4C7', 'profile_sidebar_border_color': 'FFFFFF', 'profile_text_color': '333333', 'profile_background_image_url_https': 'https://pbs.twimg.com/profile_background_images/367086011/chicago-skyline-at-nightist.jpg', 'following': False};
20;;;Tue May 23 12:40:07 +0000 2017;{'urls': [{'expanded_url': 'http://bit.ly/2rcGXbY', 'url': 'https://t.co/rdFU0iJh4j', 'indices': [90, 113], 'display_url': 'bit.ly/2rcGXbY'}], 'user_mentions': [], 'hashtags': [], 'symbols': [], 'media': [{'id_str': '866997165981392897', 'media_url': 'http://pbs.twimg.com/media/DAgxVDOXYAEkHNp.jpg', 'media_url_https': 'https://pbs.twimg.com/media/DAgxVDOXYAEkHNp.jpg', 'indices': [114, 137], 'type': 'photo', 'id': 866997165981392897, 'display_url': 'pic.twitter.com/N78uCXLYUo', 'expanded_url': 'https://twitter.com/Newsweek/status/866997169051533312/photo/1', 'sizes': {'small': {'resize': 'fit', 'w': 680, 'h': 453}, 'large': {'resize': 'fit', 'w': 1050, 'h': 700}, 'medium': {'resize': 'fit', 'w': 1050, 'h': 700}, 'thumb': {'resize': 'crop', 'w': 150, 'h': 150}}, 'url': 'https://t.co/N78uCXLYUo'}]};13.0;0.0;;8.669971690515333e+17;866997169051533312;;;;;;0.0;en;{'iso_language_code': 'en', 'result_type': 'popular'};;0.0;11.0;0.0;"<a href=""http://www.socialflow.com"" rel=""nofollow"">SocialFlow</a>";0.0;{'statuses_count': 104886, 'name': 'Newsweek', 'lang': 'en', 'profile_link_color': '990000', 'profile_background_image_url': 'http://pbs.twimg.com/profile_background_images/251616259/20110510_twitter.gif', 'is_translation_enabled': False, 'protected': False, 'listed_count': 37104, 'url': 'https://t.co/92gD7evE72', 'friends_count': 67, 'id_str': '2884771', 'description': 'Stay relevant. News and analysis on politics, science, technology, and culture.', 'location': 'New York, NY', 'verified': True, 'screen_name': 'Newsweek', 'profile_image_url_https': 'https://pbs.twimg.com/profile_images/741603495929905152/di0NxkFa_normal.jpg', 'notifications': False, 'followers_count': 3290570, 'default_profile': False, 'entities': {'description': {'urls': []}, 'url': {'urls': [{'expanded_url': 'http://www.newsweek.com', 'url': 'https://t.co/92gD7evE72', 'indices': [0, 23], 'display_url': 'newsweek.com'}]}}, 'profile_background_tile': True, 'geo_enabled': False, 'has_extended_profile': False, 'utc_offset': -14400, 'profile_image_url': 'http://pbs.twimg.com/profile_images/741603495929905152/di0NxkFa_normal.jpg', 'id': 2884771, 'time_zone': 'Eastern Time (US & Canada)', 'profile_use_background_image': False, 'favourites_count': 2913, 'translator_type': 'none', 'follow_request_sent': False, 'default_profile_image': False, 'is_translator': False, 'contributors_enabled': False, 'profile_background_color': 'EE2A26', 'created_at': 'Thu Mar 29 19:51:11 +0000 2007', 'profile_sidebar_fill_color': 'F2F2F2', 'profile_sidebar_border_color': 'FFFFFF', 'profile_text_color': '000000', 'profile_background_image_url_https': 'https://pbs.twimg.com/profile_background_images/251616259/20110510_twitter.gif', 'following': False};{'media': [{'id_str': '866997165981392897', 'media_url': 'http://pbs.twimg.com/media/DAgxVDOXYAEkHNp.jpg', 'media_url_https': 'https://pbs.twimg.com/media/DAgxVDOXYAEkHNp.jpg', 'indices': [114, 137], 'type': 'photo', 'id': 866997165981392897, 'display_url': 'pic.twitter.com/N78uCXLYUo', 'expanded_url': 'https://twitter.com/Newsweek/status/866997169051533312/photo/1', 'sizes': {'small': {'resize': 'fit', 'w': 680, 'h': 453}, 'large': {'resize': 'fit', 'w': 1050, 'h': 700}, 'medium': {'resize': 'fit', 'w': 1050, 'h': 700}, 'thumb': {'resize': 'crop', 'w': 150, 'h': 150}}, 'url': 'https://t.co/N78uCXLYUo'}]}
21;;;Tue May 23 13:33:05 +0000 2017;{'urls': [{'expanded_url': 'https://twitter.com/i/web/status/867010499312893953', 'url': 'https://t.co/IUKFLTfyGt', 'indices': [108, 131], 'display_url': 'twitter.com/i/web/status/8…'}], 'user_mentions': [], 'hashtags': [], 'symbols': []};21.0;0.0;;8.67010499312894e+17;867010499312893953;;;;;;0.0;en;{'iso_language_code': 'en', 'result_type': 'popular'};;0.0;11.0;0.0;"<a href=""http://twitter.com"" rel=""nofollow"">Twitter Web Client</a>";1.0;"{'statuses_count': 12018, 'name': 'Warner Bros. India', 'lang': 'en', 'created_at': 'Wed Nov 19 12:18:22 +0000 2008', 'profile_link_color': '0D0E0F', 'profile_background_image_url': 'http://pbs.twimg.com/profile_background_images/475901629930020864/eA9ANtZC.jpeg', 'is_translation_enabled': False, 'protected': False, 'listed_count': 137, 'url': 'http://t.co/gAkaemviND', 'friends_count': 132, 'id_str': '17484733', 'description': ""The Official Twitter handle for Warner Bros.in India, Hollywood's No. 1 Studio bringing you the best in Entertainment since 1923 http://t.co/FT0Gjhuq"", 'location': 'Mumbai', 'verified': True, 'screen_name': 'warnerbrosindia', 'profile_image_url_https': 'https://pbs.twimg.com/profile_images/866916428653490176/9z9OtxAb_normal.jpg', 'notifications': False, 'followers_count': 109928, 'default_profile': False, 'entities': {'description': {'urls': [{'expanded_url': 'http://www.facebook.com/WarnerBrosIndia', 'url': 'http://t.co/FT0Gjhuq', 'indices': [129, 149], 'display_url': 'facebook.com/WarnerBrosIndia'}]}, 'url': {'urls': [{'expanded_url': 'http://warnerbros-india.com', 'url': 'http://t.co/gAkaemviND', 'indices': [0, 22], 'display_url': 'warnerbros-india.com'}]}}, 'profile_background_tile': False, 'geo_enabled': True, 'has_extended_profile': False, 'utc_offset': 19800, 'profile_image_url': 'http://pbs.twimg.com/profile_images/866916428653490176/9z9OtxAb_normal.jpg', 'id': 17484733, 'time_zone': 'Mumbai', 'profile_use_background_image': False, 'favourites_count': 435, 'translator_type': 'none', 'follow_request_sent': False, 'default_profile_image': False, 'is_translator': False, 'contributors_enabled': False, 'profile_background_color': '000000', 'profile_banner_url': 'https://pbs.twimg.com/profile_banners/17484733/1495523937', 'profile_sidebar_fill_color': '6491A6', 'profile_sidebar_border_color': '000000', 'profile_text_color': '0C0B12', 'profile_background_image_url_https': 'https://pbs.twimg.com/profile_background_images/475901629930020864/eA9ANtZC.jpeg', 'following': False}";
22;;;Tue May 23 12:30:01 +0000 2017;{'urls': [{'expanded_url': 'http://bit.ly/2qW54eP', 'url': 'https://t.co/FGqCCheYBQ', 'indices': [97, 120], 'display_url': 'bit.ly/2qW54eP'}], 'user_mentions': [], 'hashtags': [], 'symbols': []};14.0;0.0;;8.669946271229297e+17;866994627122929666;;;;;;0.0;en;{'iso_language_code': 'en', 'result_type': 'popular'};;0.0;9.0;0.0;"<a href=""https://about.twitter.com/products/tweetdeck"" rel=""nofollow"">TweetDeck</a>";0.0;"{'statuses_count': 35757, 'name': 'Nieman Lab', 'lang': 'en', 'created_at': 'Fri Aug 15 18:26:30 +0000 2008', 'profile_link_color': '333333', 'profile_background_image_url': 'http://pbs.twimg.com/profile_background_images/5449899/Twitter_BG_Flag.jpg', 'is_translation_enabled': False, 'protected': False, 'listed_count': 13288, 'url': 'http://t.co/jiDaWLVnA4', 'friends_count': 831, 'id_str': '15865878', 'description': ""We are the Nieman Journalism Lab at Harvard. We're trying to figure out the future of news."", 'location': 'Cambridge, Mass.', 'verified': True, 'screen_name': 'NiemanLab', 'profile_image_url_https': 'https://pbs.twimg.com/profile_images/512664555827126272/pzZXwZC8_normal.jpeg', 'notifications': False, 'followers_count': 266808, 'default_profile': False, 'entities': {'description': {'urls': []}, 'url': {'urls': [{'expanded_url': 'http://niemanlab.org', 'url': 'http://t.co/jiDaWLVnA4', 'indices': [0, 22], 'display_url': 'niemanlab.org'}]}}, 'profile_background_tile': False, 'geo_enabled': True, 'has_extended_profile': False, 'utc_offset': -14400, 'profile_image_url': 'http://pbs.twimg.com/profile_images/512664555827126272/pzZXwZC8_normal.jpeg', 'id': 15865878, 'time_zone': 'Eastern Time (US & Canada)', 'profile_use_background_image': True, 'favourites_count': 2213, 'translator_type': 'none', 'follow_request_sent': False, 'default_profile_image': False, 'is_translator': False, 'contributors_enabled': False, 'profile_background_color': '8D0000', 'profile_banner_url': 'https://pbs.twimg.com/profile_banners/15865878/1411063708', 'profile_sidebar_fill_color': 'E0DFC0', 'profile_sidebar_border_color': 'E0DFC0', 'profile_text_color': '8D0000', 'profile_background_image_url_https': 'https://pbs.twimg.com/profile_background_images/5449899/Twitter_BG_Flag.jpg', 'following': False}";
23;;;Tue May 23 14:25:14 +0000 2017;{'urls': [{'expanded_url': 'http://tnw.me/OcZJjnm', 'url': 'https://t.co/wm0Ev5W2cx', 'indices': [72, 95], 'display_url': 'tnw.me/OcZJjnm'}], 'user_mentions': [], 'hashtags': [], 'symbols': [], 'media': [{'id_str': '867023616680046592', 'media_url': 'http://pbs.twimg.com/media/DAhJYrwWsAAOAAC.jpg', 'media_url_https': 'https://pbs.twimg.com/media/DAhJYrwWsAAOAAC.jpg', 'indices': [96, 119], 'type': 'photo', 'id': 867023616680046592, 'display_url': 'pic.twitter.com/dPim4iOXR4', 'expanded_url': 'https://twitter.com/TheNextWeb/status/867023619842596864/photo/1', 'sizes': {'small': {'resize': 'fit', 'w': 680, 'h': 340}, 'large': {'resize': 'fit', 'w': 1613, 'h': 807}, 'medium': {'resize': 'fit', 'w': 1200, 'h': 600}, 'thumb': {'resize': 'crop', 'w': 150, 'h': 150}}, 'url': 'https://t.co/dPim4iOXR4'}]};23.0;0.0;;8.670236198425969e+17;867023619842596864;;;;;;0.0;en;{'iso_language_code': 'en', 'result_type': 'popular'};;0.0;14.0;0.0;"<a href=""http://www.socialflow.com"" rel=""nofollow"">SocialFlow</a>";0.0;{'statuses_count': 133351, 'name': 'TNW', 'lang': 'en', 'created_at': 'Wed Dec 05 17:26:15 +0000 2007', 'profile_link_color': 'FF3C1F', 'profile_background_image_url': 'http://pbs.twimg.com/profile_background_images/378800000164731038/_3evIEjW.jpeg', 'is_translation_enabled': False, 'protected': False, 'listed_count': 33087, 'url': 'https://t.co/PJK4LY30F6', 'friends_count': 420, 'id_str': '10876852', 'description': 'Your source for opinionated perspectives on tech news for Generation T', 'location': 'The Interwebs.', 'verified': True, 'screen_name': 'TheNextWeb', 'profile_image_url_https': 'https://pbs.twimg.com/profile_images/848832036169273344/p5J8QMn7_normal.jpg', 'notifications': False, 'followers_count': 1833189, 'default_profile': False, 'entities': {'description': {'urls': []}, 'url': {'urls': [{'expanded_url': 'https://www.thenextweb.com', 'url': 'https://t.co/PJK4LY30F6', 'indices': [0, 23], 'display_url': 'thenextweb.com'}]}}, 'profile_background_tile': False, 'geo_enabled': False, 'has_extended_profile': False, 'utc_offset': 7200, 'profile_image_url': 'http://pbs.twimg.com/profile_images/848832036169273344/p5J8QMn7_normal.jpg', 'id': 10876852, 'time_zone': 'Amsterdam', 'profile_use_background_image': False, 'favourites_count': 3663, 'translator_type': 'regular', 'follow_request_sent': False, 'default_profile_image': False, 'is_translator': False, 'contributors_enabled': False, 'profile_background_color': 'FF3C1F', 'profile_banner_url': 'https://pbs.twimg.com/profile_banners/10876852/1489589078', 'profile_sidebar_fill_color': 'F3F3F3', 'profile_sidebar_border_color': 'FFFFFF', 'profile_text_color': '333333', 'profile_background_image_url_https': 'https://pbs.twimg.com/profile_background_images/378800000164731038/_3evIEjW.jpeg', 'following': False};{'media': [{'id_str': '867023616680046592', 'media_url': 'http://pbs.twimg.com/media/DAhJYrwWsAAOAAC.jpg', 'media_url_https': 'https://pbs.twimg.com/media/DAhJYrwWsAAOAAC.jpg', 'indices': [96, 119], 'type': 'photo', 'id': 867023616680046592, 'display_url': 'pic.twitter.com/dPim4iOXR4', 'expanded_url': 'https://twitter.com/TheNextWeb/status/867023619842596864/photo/1', 'sizes': {'small': {'resize': 'fit', 'w': 680, 'h': 340}, 'large': {'resize': 'fit', 'w': 1613, 'h': 807}, 'medium': {'resize': 'fit', 'w': 1200, 'h': 600}, 'thumb': {'resize': 'crop', 'w': 150, 'h': 150}}, 'url': 'https://t.co/dPim4iOXR4'}]}
24;;;Tue May 23 12:12:14 +0000 2017;{'urls': [{'expanded_url': 'http://pw-ne.ws/f65ac', 'url': 'https://t.co/kWjlKzYaks', 'indices': [85, 108], 'display_url': 'pw-ne.ws/f65ac'}], 'user_mentions': [{'id_str': '87818409', 'screen_name': 'guardian', 'name': 'The Guardian', 'indices': [74, 83], 'id': 87818409}], 'hashtags': [], 'symbols': []};13.0;0.0;;8.669901492044022e+17;866990149204402176;;;;;;0.0;en;{'iso_language_code': 'en', 'result_type': 'popular'};;0.0;11.0;0.0;"<a href=""http://www.hootsuite.com"" rel=""nofollow"">Hootsuite</a>";0.0;{'statuses_count': 54639, 'name': 'Publishers Weekly', 'lang': 'en', 'created_at': 'Sat Jan 31 14:38:55 +0000 2009', 'profile_link_color': '093C94', 'profile_background_image_url': 'http://pbs.twimg.com/profile_background_images/622393079643906049/gXfohEWP.png', 'is_translation_enabled': False, 'protected': False, 'listed_count': 12007, 'url': 'http://t.co/qODygkG2sd', 'friends_count': 508, 'id_str': '19816859', 'description': 'The international source for book publishing and bookselling news, reviews and information.', 'location': 'New York City', 'verified': True, 'screen_name': 'PublishersWkly', 'profile_image_url_https': 'https://pbs.twimg.com/profile_images/472046796202459136/7aCV2gq3_normal.jpeg', 'notifications': False, 'followers_count': 750744, 'default_profile': False, 'entities': {'description': {'urls': []}, 'url': {'urls': [{'expanded_url': 'http://www.publishersweekly.com/', 'url': 'http://t.co/qODygkG2sd', 'indices': [0, 22], 'display_url': 'publishersweekly.com'}]}}, 'profile_background_tile': False, 'geo_enabled': True, 'has_extended_profile': False, 'utc_offset': -14400, 'profile_image_url': 'http://pbs.twimg.com/profile_images/472046796202459136/7aCV2gq3_normal.jpeg', 'id': 19816859, 'time_zone': 'Eastern Time (US & Canada)', 'profile_use_background_image': True, 'favourites_count': 9, 'translator_type': 'none', 'follow_request_sent': False, 'default_profile_image': False, 'is_translator': False, 'contributors_enabled': False, 'profile_background_color': 'EDECE9', 'profile_banner_url': 'https://pbs.twimg.com/profile_banners/19816859/1495212410', 'profile_sidebar_fill_color': 'DDFFCC', 'profile_sidebar_border_color': 'FFFFFF', 'profile_text_color': '333333', 'profile_background_image_url_https': 'https://pbs.twimg.com/profile_background_images/622393079643906049/gXfohEWP.png', 'following': False};
25;;;Tue May 23 12:16:19 +0000 2017;{'urls': [{'expanded_url': 'http://www.independent.co.uk/life-style/gadgets-and-tech/news/amazon-channels-live-sport-prime-video-unbundled-eurosport-french-open-tennis-a7751276.html', 'url': 'https://t.co/tdMzbiZNEm', 'indices': [55, 78], 'display_url': 'independent.co.uk/life-style/gad…'}], 'user_mentions': [], 'hashtags': [], 'symbols': []};10.0;0.0;;8.669911767711293e+17;866991176771129344;;;;;;0.0;en;{'iso_language_code': 'en', 'result_type': 'popular'};;0.0;11.0;0.0;"<a href=""https://about.twitter.com/products/tweetdeck"" rel=""nofollow"">TweetDeck</a>";0.0;{'statuses_count': 551220, 'name': 'The Independent', 'lang': 'en', 'created_at': 'Sun Oct 26 00:00:29 +0000 2008', 'profile_link_color': 'FC051A', 'profile_background_image_url': 'http://pbs.twimg.com/profile_background_images/378800000119288704/4ac964c83462c88837dc1e735aa1a45e.png', 'is_translation_enabled': True, 'protected': False, 'listed_count': 20248, 'url': 'https://t.co/hi1LfV6Anx', 'friends_count': 1125, 'id_str': '16973333', 'description': 'News, comment and features from The Independent.', 'location': 'London', 'verified': True, 'screen_name': 'Independent', 'profile_image_url_https': 'https://pbs.twimg.com/profile_images/583628771972018176/ztJn926g_normal.png', 'notifications': False, 'followers_count': 2219390, 'default_profile': False, 'entities': {'description': {'urls': []}, 'url': {'urls': [{'expanded_url': 'http://www.independent.co.uk/', 'url': 'https://t.co/hi1LfV6Anx', 'indices': [0, 23], 'display_url': 'independent.co.uk'}]}}, 'profile_background_tile': True, 'geo_enabled': False, 'has_extended_profile': False, 'utc_offset': 3600, 'profile_image_url': 'http://pbs.twimg.com/profile_images/583628771972018176/ztJn926g_normal.png', 'id': 16973333, 'time_zone': 'London', 'profile_use_background_image': True, 'favourites_count': 21, 'translator_type': 'none', 'follow_request_sent': False, 'default_profile_image': False, 'is_translator': False, 'contributors_enabled': False, 'profile_background_color': 'EBEBEB', 'profile_banner_url': 'https://pbs.twimg.com/profile_banners/16973333/1487776129', 'profile_sidebar_fill_color': 'FFFFFF', 'profile_sidebar_border_color': 'FFFFFF', 'profile_text_color': '333333', 'profile_background_image_url_https': 'https://pbs.twimg.com/profile_background_images/378800000119288704/4ac964c83462c88837dc1e735aa1a45e.png', 'following': False};
26;;;Tue May 23 12:40:08 +0000 2017;{'urls': [{'expanded_url': 'http://ow.ly/ivAW30bXzy2', 'url': 'https://t.co/HLQpLBq1fT', 'indices': [90, 113], 'display_url': 'ow.ly/ivAW30bXzy2'}], 'user_mentions': [], 'hashtags': [], 'symbols': [], 'media': [{'id_str': '866997168997007366', 'media_url': 'http://pbs.twimg.com/media/DAgxVOdWAAYsjWC.jpg', 'media_url_https': 'https://pbs.twimg.com/media/DAgxVOdWAAYsjWC.jpg', 'indices': [114, 137], 'type': 'photo', 'id': 866997168997007366, 'display_url': 'pic.twitter.com/VSV4GkuaFP', 'expanded_url': 'https://twitter.com/mongabay/status/866997171568214016/photo/1', 'sizes': {'small': {'resize': 'fit', 'w': 680, 'h': 383}, 'large': {'resize': 'fit', 'w': 768, 'h': 433}, 'medium': {'resize': 'fit', 'w': 768, 'h': 433}, 'thumb': {'resize': 'crop', 'w': 150, 'h': 150}}, 'url': 'https://t.co/VSV4GkuaFP'}]};13.0;0.0;;8.66997171568214e+17;866997171568214016;;;;;;0.0;en;{'iso_language_code': 'en', 'result_type': 'popular'};;0.0;10.0;0.0;"<a href=""http://www.hootsuite.com"" rel=""nofollow"">Hootsuite</a>";0.0;{'statuses_count': 21376, 'name': 'Mongabay', 'lang': 'en', 'created_at': 'Mon Mar 30 21:58:05 +0000 2009', 'profile_link_color': 'D02B55', 'profile_background_image_url': 'http://pbs.twimg.com/profile_background_images/8635571/costa-rica_0957.jpg', 'is_translation_enabled': False, 'protected': False, 'listed_count': 2930, 'url': 'http://t.co/wykl0a6Is2', 'friends_count': 22966, 'id_str': '27740227', 'description': 'https://t.co/eZZDwM8vR2 is a nonprofit environmental science and conservation news site founded in 1999. Best contact via email, not tweets/DM.', 'location': 'Global', 'verified': True, 'screen_name': 'mongabay', 'profile_image_url_https': 'https://pbs.twimg.com/profile_images/620356221132914688/StlODw06_normal.jpg', 'notifications': False, 'followers_count': 275124, 'default_profile': False, 'entities': {'description': {'urls': [{'expanded_url': 'http://Mongabay.com', 'url': 'https://t.co/eZZDwM8vR2', 'indices': [0, 23], 'display_url': 'Mongabay.com'}]}, 'url': {'urls': [{'expanded_url': 'http://www.mongabay.com', 'url': 'http://t.co/wykl0a6Is2', 'indices': [0, 22], 'display_url': 'mongabay.com'}]}}, 'profile_background_tile': False, 'geo_enabled': False, 'has_extended_profile': False, 'utc_offset': -25200, 'profile_image_url': 'http://pbs.twimg.com/profile_images/620356221132914688/StlODw06_normal.jpg', 'id': 27740227, 'time_zone': 'Pacific Time (US & Canada)', 'profile_use_background_image': True, 'favourites_count': 857, 'translator_type': 'none', 'follow_request_sent': False, 'default_profile_image': False, 'is_translator': False, 'contributors_enabled': False, 'profile_background_color': '352726', 'profile_banner_url': 'https://pbs.twimg.com/profile_banners/27740227/1457291882', 'profile_sidebar_fill_color': '99CC33', 'profile_sidebar_border_color': '829D5E', 'profile_text_color': '3E4415', 'profile_background_image_url_https': 'https://pbs.twimg.com/profile_background_images/8635571/costa-rica_0957.jpg', 'following': False};{'media': [{'id_str': '866997168997007366', 'media_url': 'http://pbs.twimg.com/media/DAgxVOdWAAYsjWC.jpg', 'media_url_https': 'https://pbs.twimg.com/media/DAgxVOdWAAYsjWC.jpg', 'indices': [114, 137], 'type': 'photo', 'id': 866997168997007366, 'display_url': 'pic.twitter.com/VSV4GkuaFP', 'expanded_url': 'https://twitter.com/mongabay/status/866997171568214016/photo/1', 'sizes': {'small': {'resize': 'fit', 'w': 680, 'h': 383}, 'large': {'resize': 'fit', 'w': 768, 'h': 433}, 'medium': {'resize': 'fit', 'w': 768, 'h': 433}, 'thumb': {'resize': 'crop', 'w': 150, 'h': 150}}, 'url': 'https://t.co/VSV4GkuaFP'}]}
27;;;Tue May 23 14:08:44 +0000 2017;{'urls': [{'expanded_url': 'http://cnb.cx/2r8HhIz', 'url': 'https://t.co/gfG1mShkkG', 'indices': [86, 109], 'display_url': 'cnb.cx/2r8HhIz'}], 'user_mentions': [], 'hashtags': [{'text': 'Teamsters', 'indices': [110, 120]}, {'text': '1u', 'indices': [121, 124]}], 'symbols': []};10.0;0.0;;8.670194686392279e+17;867019468639227904;;;;;;0.0;en;{'iso_language_code': 'en', 'result_type': 'popular'};;0.0;13.0;0.0;"<a href=""http://twitter.com"" rel=""nofollow"">Twitter Web Client</a>";0.0;"{'statuses_count': 26955, 'name': 'Teamsters', 'lang': 'en', 'created_at': 'Thu Jul 02 20:25:20 +0000 2009', 'profile_link_color': '0F4B8F', 'profile_background_image_url': 'http://pbs.twimg.com/profile_background_images/734441649/94112b831276d69fbbd6b04a5ea6b9f5.png', 'is_translation_enabled': False, 'protected': False, 'listed_count': 950, 'url': 'http://t.co/VU4DRrPfTx', 'friends_count': 14863, 'id_str': '53176629', 'description': ""North America's strongest union."", 'location': 'Washington, D.C.', 'verified': True, 'screen_name': 'Teamsters', 'profile_image_url_https': 'https://pbs.twimg.com/profile_images/378800000416430397/3caf036b29a770c8fe7ac36d38c63147_normal.png', 'notifications': False, 'followers_count': 46095, 'default_profile': False, 'entities': {'description': {'urls': []}, 'url': {'urls': [{'expanded_url': 'http://www.teamster.org', 'url': 'http://t.co/VU4DRrPfTx', 'indices': [0, 22], 'display_url': 'teamster.org'}]}}, 'profile_background_tile': False, 'geo_enabled': True, 'has_extended_profile': False, 'utc_offset': -14400, 'profile_image_url': 'http://pbs.twimg.com/profile_images/378800000416430397/3caf036b29a770c8fe7ac36d38c63147_normal.png', 'id': 53176629, 'time_zone': 'Eastern Time (US & Canada)', 'profile_use_background_image': True, 'favourites_count': 21759, 'translator_type': 'none', 'follow_request_sent': False, 'default_profile_image': False, 'is_translator': False, 'contributors_enabled': False, 'profile_background_color': 'C0DEED', 'profile_banner_url': 'https://pbs.twimg.com/profile_banners/53176629/1474569659', 'profile_sidebar_fill_color': 'DDEEF6', 'profile_sidebar_border_color': 'FFFFFF', 'profile_text_color': '333333', 'profile_background_image_url_https': 'https://pbs.twimg.com/profile_background_images/734441649/94112b831276d69fbbd6b04a5ea6b9f5.png', 'following': False}";
28;;;Tue May 23 12:24:19 +0000 2017;{'urls': [{'expanded_url': 'https://bloom.bg/2qRGuIV', 'url': 'https://t.co/W9D5lJfm4l', 'indices': [84, 107], 'display_url': 'bloom.bg/2qRGuIV'}], 'user_mentions': [], 'hashtags': [], 'symbols': [], 'media': [{'id_str': '866993188745162752', 'media_url': 'http://pbs.twimg.com/media/DAgtti3WsAAML_q.jpg', 'media_url_https': 'https://pbs.twimg.com/media/DAgtti3WsAAML_q.jpg', 'indices': [108, 131], 'type': 'photo', 'id': 866993188745162752, 'display_url': 'pic.twitter.com/ZAGspeWHSR', 'expanded_url': 'https://twitter.com/business/status/866993191731568641/photo/1', 'sizes': {'small': {'resize': 'fit', 'w': 680, 'h': 302}, 'large': {'resize': 'fit', 'w': 1200, 'h': 533}, 'medium': {'resize': 'fit', 'w': 1200, 'h': 533}, 'thumb': {'resize': 'crop', 'w': 150, 'h': 150}}, 'url': 'https://t.co/ZAGspeWHSR'}]};26.0;0.0;;8.669931917315686e+17;866993191731568641;;;;;;0.0;en;{'iso_language_code': 'en', 'result_type': 'popular'};;0.0;15.0;0.0;"<a href=""http://www.socialflow.com"" rel=""nofollow"">SocialFlow</a>";0.0;{'statuses_count': 238963, 'name': 'Bloomberg', 'lang': 'en', 'created_at': 'Thu Apr 23 20:05:17 +0000 2009', 'profile_link_color': '3B94D9', 'profile_background_image_url': 'http://pbs.twimg.com/profile_background_images/544322097833467904/1fjpNCr9.jpeg', 'is_translation_enabled': True, 'protected': False, 'listed_count': 44224, 'url': 'http://t.co/YFISwy1upH', 'friends_count': 1006, 'id_str': '34713362', 'description': 'The first word in business news.', 'location': 'New York and the World', 'verified': True, 'screen_name': 'business', 'profile_image_url_https': 'https://pbs.twimg.com/profile_images/714946924105883648/4fgNVF4H_normal.jpg', 'notifications': False, 'followers_count': 3952299, 'default_profile': False, 'entities': {'description': {'urls': []}, 'url': {'urls': [{'expanded_url': 'http://www.bloomberg.com', 'url': 'http://t.co/YFISwy1upH', 'indices': [0, 22], 'display_url': 'bloomberg.com'}]}}, 'profile_background_tile': True, 'geo_enabled': False, 'has_extended_profile': False, 'utc_offset': -14400, 'profile_image_url': 'http://pbs.twimg.com/profile_images/714946924105883648/4fgNVF4H_normal.jpg', 'id': 34713362, 'time_zone': 'Eastern Time (US & Canada)', 'profile_use_background_image': True, 'favourites_count': 326, 'translator_type': 'none', 'follow_request_sent': False, 'default_profile_image': False, 'is_translator': False, 'contributors_enabled': False, 'profile_background_color': '101112', 'profile_banner_url': 'https://pbs.twimg.com/profile_banners/34713362/1472058483', 'profile_sidebar_fill_color': 'EEEEEE', 'profile_sidebar_border_color': 'DADADA', 'profile_text_color': '666666', 'profile_background_image_url_https': 'https://pbs.twimg.com/profile_background_images/544322097833467904/1fjpNCr9.jpeg', 'following': False};{'media': [{'id_str': '866993188745162752', 'media_url': 'http://pbs.twimg.com/media/DAgtti3WsAAML_q.jpg', 'media_url_https': 'https://pbs.twimg.com/media/DAgtti3WsAAML_q.jpg', 'indices': [108, 131], 'type': 'photo', 'id': 866993188745162752, 'display_url': 'pic.twitter.com/ZAGspeWHSR', 'expanded_url': 'https://twitter.com/business/status/866993191731568641/photo/1', 'sizes': {'small': {'resize': 'fit', 'w': 680, 'h': 302}, 'large': {'resize': 'fit', 'w': 1200, 'h': 533}, 'medium': {'resize': 'fit', 'w': 1200, 'h': 533}, 'thumb': {'resize': 'crop', 'w': 150, 'h': 150}}, 'url': 'https://t.co/ZAGspeWHSR'}]}
29;;;Tue May 23 13:52:49 +0000 2017;{'urls': [{'expanded_url': 'https://twitter.com/i/web/status/867015464085573632', 'url': 'https://t.co/j4bBJ0tMzc', 'indices': [117, 140], 'display_url': 'twitter.com/i/web/status/8…'}], 'user_mentions': [{'id_str': '301799224', 'screen_name': 'LUMA_partners', 'name': 'LUMA Partners', 'indices': [100, 114], 'id': 301799224}], 'hashtags': [], 'symbols': []};12.0;0.0;;8.670154640855736e+17;867015464085573632;;;;;;0.0;en;{'iso_language_code': 'en', 'result_type': 'popular'};;0.0;8.0;0.0;"<a href=""http://twitter.com/download/iphone"" rel=""nofollow"">Twitter for iPhone</a>";1.0;"{'statuses_count': 13368, 'name': 'Jon Dube', 'lang': 'en', 'created_at': 'Sat Dec 01 01:05:43 +0000 2007', 'profile_link_color': '0084B4', 'profile_background_image_url': 'http://abs.twimg.com/images/themes/theme15/bg.png', 'is_translation_enabled': False, 'protected': False, 'listed_count': 1219, 'url': 'https://t.co/uWBHD1bKkX', 'friends_count': 1528, 'id_str': '10755302', 'description': 'WME-IMG Digital GM & Head of OTT. Past: AOL Media SVP; Online News Association President; Digital head of ABC News, CBS Sports, CBC', 'location': 'New York', 'verified': True, 'screen_name': 'cyberjournalist', 'profile_image_url_https': 'https://pbs.twimg.com/profile_images/1769937995/05_SpringSeattle010_mug_normal.jpg', 'notifications': False, 'followers_count': 21714, 'default_profile': False, 'entities': {'description': {'urls': []}, 'url': {'urls': [{'expanded_url': 'http://linkedin.com/in/jondube', 'url': 'https://t.co/uWBHD1bKkX', 'indices': [0, 23], 'display_url': 'linkedin.com/in/jondube'}]}}, 'profile_background_tile': False, 'geo_enabled': True, 'has_extended_profile': False, 'utc_offset': -14400, 'profile_image_url': 'http://pbs.twimg.com/profile_images/1769937995/05_SpringSeattle010_mug_normal.jpg', 'id': 10755302, 'time_zone': 'Eastern Time (US & Canada)', 'profile_use_background_image': True, 'favourites_count': 14868, 'translator_type': 'none', 'follow_request_sent': False, 'default_profile_image': False, 'is_translator': False, 'contributors_enabled': False, 'profile_background_color': '022330', 'profile_banner_url': 'https://pbs.twimg.com/profile_banners/10755302/1408727276', 'profile_sidebar_fill_color': 'C0DFEC', 'profile_sidebar_border_color': 'A8C7F7', 'profile_text_color': '333333', 'profile_background_image_url_https': 'https://abs.twimg.com/images/themes/theme15/bg.png', 'following': False}";
30;;;Tue May 23 15:02:03 +0000 2017;{'urls': [{'expanded_url': 'https://twitter.com/i/web/status/867032888008736769', 'url': 'https://t.co/ymAjpKvXfr', 'indices': [116, 139], 'display_url': 'twitter.com/i/web/status/8…'}], 'user_mentions': [{'id_str': '71028123', 'screen_name': 'rosannecash', 'name': 'rosanne cash', 'indices': [70, 82], 'id': 71028123}], 'hashtags': [], 'symbols': []};51.0;0.0;;8.670328880087368e+17;867032888008736769;;;;;;0.0;en;{'iso_language_code': 'en', 'result_type': 'popular'};;0.0;14.0;0.0;"<a href=""http://bufferapp.com"" rel=""nofollow"">Buffer</a>";1.0;{'statuses_count': 116675, 'name': 'Maria Popova', 'lang': 'en', 'created_at': 'Tue Oct 02 14:18:16 +0000 2007', 'profile_link_color': '990000', 'profile_background_image_url': 'http://pbs.twimg.com/profile_background_images/497431340292128768/pY1bFk_F.png', 'is_translation_enabled': True, 'protected': False, 'listed_count': 25978, 'url': 'http://t.co/j1Rss5YgMu', 'friends_count': 297, 'id_str': '9207632', 'description': 'Reader, writer.', 'location': 'Brooklyn, NY', 'verified': True, 'screen_name': 'brainpicker', 'profile_image_url_https': 'https://pbs.twimg.com/profile_images/577255253852065794/qGnSwsBR_normal.jpg', 'notifications': False, 'followers_count': 738604, 'default_profile': False, 'entities': {'description': {'urls': []}, 'url': {'urls': [{'expanded_url': 'http://brainpickings.org', 'url': 'http://t.co/j1Rss5YgMu', 'indices': [0, 22], 'display_url': 'brainpickings.org'}]}}, 'profile_background_tile': True, 'geo_enabled': False, 'has_extended_profile': False, 'utc_offset': -14400, 'profile_image_url': 'http://pbs.twimg.com/profile_images/577255253852065794/qGnSwsBR_normal.jpg', 'id': 9207632, 'time_zone': 'Eastern Time (US & Canada)', 'profile_use_background_image': True, 'favourites_count': 1180, 'translator_type': 'none', 'follow_request_sent': False, 'default_profile_image': False, 'is_translator': False, 'contributors_enabled': False, 'profile_background_color': 'FFDB00', 'profile_banner_url': 'https://pbs.twimg.com/profile_banners/9207632/1430428764', 'profile_sidebar_fill_color': 'EBEAE5', 'profile_sidebar_border_color': 'FFFFFF', 'profile_text_color': '3F3F3F', 'profile_background_image_url_https': 'https://pbs.twimg.com/profile_background_images/497431340292128768/pY1bFk_F.png', 'following': False};
31;;;Tue May 23 14:33:55 +0000 2017;{'urls': [{'expanded_url': 'https://twitter.com/i/web/status/867025805485813763', 'url': 'https://t.co/jdMfz27ZxS', 'indices': [117, 140], 'display_url': 'twitter.com/i/web/status/8…'}], 'user_mentions': [], 'hashtags': [], 'symbols': []};13.0;0.0;;8.670258054858138e+17;867025805485813763;;;;;;0.0;en;{'iso_language_code': 'en', 'result_type': 'popular'};;0.0;5.0;0.0;"<a href=""http://tapbots.com/tweetbot"" rel=""nofollow"">Tweetbot for i?S</a>";1.0;"{'statuses_count': 37653, 'name': 'Joko Anwar', 'lang': 'en', 'created_at': 'Sun Jan 11 09:55:08 +0000 2009', 'profile_link_color': 'FF3300', 'profile_background_image_url': 'http://pbs.twimg.com/profile_background_images/648316830/ml2wxhe241bocou74tld.jpeg', 'is_translation_enabled': False, 'protected': False, 'listed_count': 1781, 'url': 'https://t.co/mHIisqaWUA', 'friends_count': 1388, 'id_str': '18862596', 'description': ""I write, direct, and watch films. Tweet mostly in Indonesian. I tweet in English only when I'm broke. (Tweets by my dick are marked *dicked)"", 'location': 'Jakarta', 'verified': True, 'screen_name': 'jokoanwar', 'profile_image_url_https': 'https://pbs.twimg.com/profile_images/864292663700242432/eOmmIy1g_normal.jpg', 'notifications': False, 'followers_count': 1342906, 'default_profile': False, 'entities': {'description': {'urls': []}, 'url': {'urls': [{'expanded_url': 'http://www.instagram.com/jokoanwar', 'url': 'https://t.co/mHIisqaWUA', 'indices': [0, 23], 'display_url': 'instagram.com/jokoanwar'}]}}, 'profile_background_tile': False, 'geo_enabled': True, 'has_extended_profile': False, 'utc_offset': 25200, 'profile_image_url': 'http://pbs.twimg.com/profile_images/864292663700242432/eOmmIy1g_normal.jpg', 'id': 18862596, 'time_zone': 'Jakarta', 'profile_use_background_image': True, 'favourites_count': 52, 'translator_type': 'regular', 'follow_request_sent': False, 'default_profile_image': False, 'is_translator': False, 'contributors_enabled': False, 'profile_background_color': '709397', 'profile_banner_url': 'https://pbs.twimg.com/profile_banners/18862596/1353915778', 'profile_sidebar_fill_color': 'A0C5C7', 'profile_sidebar_border_color': '86A4A6', 'profile_text_color': '333333', 'profile_background_image_url_https': 'https://pbs.twimg.com/profile_background_images/648316830/ml2wxhe241bocou74tld.jpeg', 'following': False}";
32;;;Tue May 23 14:55:01 +0000 2017;{'urls': [{'expanded_url': 'http://odishatv.in/odisha/body-slider/stand-up-artiste-biswa-kalyan-rath-first-odia-on-amazon-prime-video-216871/', 'url': 'https://t.co/jXtrosrlNN', 'indices': [76, 99], 'display_url': 'odishatv.in/odisha/body-sl…'}], 'user_mentions': [], 'hashtags': [{'text': 'Odisha', 'indices': [68, 75]}], 'symbols': [], 'media': [{'id_str': '867031072458121216', 'media_url': 'http://pbs.twimg.com/media/DAhQKqsXoAAg4Tz.jpg', 'media_url_https': 'https://pbs.twimg.com/media/DAhQKqsXoAAg4Tz.jpg', 'indices': [100, 123], 'type': 'photo', 'id': 867031072458121216, 'display_url': 'pic.twitter.com/paQ6Y8oN8H', 'expanded_url': 'https://twitter.com/otvnews/status/867031117039230977/photo/1', 'sizes': {'small': {'resize': 'fit', 'w': 555, 'h': 323}, 'large': {'resize': 'fit', 'w': 555, 'h': 323}, 'medium': {'resize': 'fit', 'w': 555, 'h': 323}, 'thumb': {'resize': 'crop', 'w': 150, 'h': 150}}, 'url': 'https://t.co/paQ6Y8oN8H'}]};15.0;0.0;;8.67031117039231e+17;867031117039230977;;;;;;0.0;en;{'iso_language_code': 'en', 'result_type': 'popular'};;0.0;7.0;0.0;"<a href=""http://twitter.com"" rel=""nofollow"">Twitter Web Client</a>";0.0;{'statuses_count': 65014, 'name': 'OTV', 'lang': 'en', 'created_at': 'Fri Dec 16 07:28:52 +0000 2011', 'profile_link_color': '1B95E0', 'profile_background_image_url': 'http://abs.twimg.com/images/themes/theme1/bg.png', 'is_translation_enabled': False, 'protected': False, 'listed_count': 203, 'url': 'https://t.co/tklvVwUTgF', 'friends_count': 50, 'id_str': '438152067', 'description': 'If something on Odisha is not on odishatv.in, it is unlikely to be elsewhere...', 'location': 'Bhubaneshwar, India', 'verified': True, 'screen_name': 'otvnews', 'profile_image_url_https': 'https://pbs.twimg.com/profile_images/856407014162939904/Q0adcS2__normal.jpg', 'notifications': False, 'followers_count': 237346, 'default_profile': False, 'entities': {'description': {'urls': []}, 'url': {'urls': [{'expanded_url': 'http://odishatv.in', 'url': 'https://t.co/tklvVwUTgF', 'indices': [0, 23], 'display_url': 'odishatv.in'}]}}, 'profile_background_tile': False, 'geo_enabled': False, 'has_extended_profile': False, 'utc_offset': 19800, 'profile_image_url': 'http://pbs.twimg.com/profile_images/856407014162939904/Q0adcS2__normal.jpg', 'id': 438152067, 'time_zone': 'Asia/Calcutta', 'profile_use_background_image': True, 'favourites_count': 602, 'translator_type': 'none', 'follow_request_sent': False, 'default_profile_image': False, 'is_translator': False, 'contributors_enabled': False, 'profile_background_color': 'C0DEED', 'profile_banner_url': 'https://pbs.twimg.com/profile_banners/438152067/1493018883', 'profile_sidebar_fill_color': 'DDEEF6', 'profile_sidebar_border_color': 'FFFFFF', 'profile_text_color': '333333', 'profile_background_image_url_https': 'https://abs.twimg.com/images/themes/theme1/bg.png', 'following': False};{'media': [{'id_str': '867031072458121216', 'media_url': 'http://pbs.twimg.com/media/DAhQKqsXoAAg4Tz.jpg', 'media_url_https': 'https://pbs.twimg.com/media/DAhQKqsXoAAg4Tz.jpg', 'indices': [100, 123], 'type': 'photo', 'id': 867031072458121216, 'display_url': 'pic.twitter.com/paQ6Y8oN8H', 'expanded_url': 'https://twitter.com/otvnews/status/867031117039230977/photo/1', 'sizes': {'small': {'resize': 'fit', 'w': 555, 'h': 323}, 'large': {'resize': 'fit', 'w': 555, 'h': 323}, 'medium': {'resize': 'fit', 'w': 555, 'h': 323}, 'thumb': {'resize': 'crop', 'w': 150, 'h': 150}}, 'url': 'https://t.co/paQ6Y8oN8H'}]}
33;;;Tue May 23 14:53:21 +0000 2017;{'urls': [{'expanded_url': 'http://on.wsj.com/2rwBSed', 'url': 'https://t.co/oXhnlbkASv', 'indices': [77, 100], 'display_url': 'on.wsj.com/2rwBSed'}], 'user_mentions': [], 'hashtags': [], 'symbols': []};3.0;0.0;;8.670306971643208e+17;867030697164320773;;;;;;0.0;en;{'iso_language_code': 'en', 'result_type': 'popular'};;0.0;6.0;0.0;"<a href=""http://www.socialflow.com"" rel=""nofollow"">SocialFlow</a>";0.0;"{'statuses_count': 46270, 'name': 'WSJ Tech', 'lang': 'en', 'created_at': 'Wed Apr 01 19:23:56 +0000 2009', 'profile_link_color': '0E6FB8', 'profile_background_image_url': 'http://abs.twimg.com/images/themes/theme14/bg.gif', 'is_translation_enabled': False, 'protected': False, 'listed_count': 8644, 'url': 'https://t.co/JKHdNW8MeT', 'friends_count': 98, 'id_str': '28172926', 'description': ""The Wall Street Journal's (@WSJ) home for global technology news, analysis and reviews."", 'location': 'Global', 'verified': True, 'screen_name': 'WSJTech', 'profile_image_url_https': 'https://pbs.twimg.com/profile_images/832630666646867969/urr_sQry_normal.jpg', 'notifications': False, 'followers_count': 302913, 'default_profile': False, 'entities': {'description': {'urls': []}, 'url': {'urls': [{'expanded_url': 'https://wsj.com/tech', 'url': 'https://t.co/JKHdNW8MeT', 'indices': [0, 23], 'display_url': 'wsj.com/tech'}]}}, 'profile_background_tile': True, 'geo_enabled': False, 'has_extended_profile': False, 'utc_offset': -14400, 'profile_image_url': 'http://pbs.twimg.com/profile_images/832630666646867969/urr_sQry_normal.jpg', 'id': 28172926, 'time_zone': 'Eastern Time (US & Canada)', 'profile_use_background_image': True, 'favourites_count': 70, 'translator_type': 'none', 'follow_request_sent': False, 'default_profile_image': False, 'is_translator': False, 'contributors_enabled': False, 'profile_background_color': '131516', 'profile_banner_url': 'https://pbs.twimg.com/profile_banners/28172926/1486736060', 'profile_sidebar_fill_color': 'EFEFEF', 'profile_sidebar_border_color': 'EEEEEE', 'profile_text_color': '333333', 'profile_background_image_url_https': 'https://abs.twimg.com/images/themes/theme14/bg.gif', 'following': False}";
34;;;Tue May 23 15:06:32 +0000 2017;{'urls': [], 'user_mentions': [], 'hashtags': [], 'symbols': []};3.0;0.0;;8.670340134746726e+17;867034013474672640;;;;;;0.0;en;{'iso_language_code': 'en', 'result_type': 'popular'};;;6.0;0.0;"<a href=""http://twitter.com"" rel=""nofollow"">Twitter Web Client</a>";0.0;{'statuses_count': 42510, 'name': 'Javier Solana', 'lang': 'en', 'profile_link_color': '0084B4', 'profile_background_image_url': 'http://abs.twimg.com/images/themes/theme1/bg.png', 'is_translation_enabled': False, 'protected': False, 'listed_count': 2615, 'url': 'https://t.co/fiblmb47rD', 'friends_count': 430, 'id_str': '254446382', 'description': 'President at ESADE Center for Global Economy and Geopolitics (@ESADEgeo) and Distinguished Fellow at The Brookings Institution (@BrookingsInst)', 'location': '', 'verified': True, 'screen_name': 'javiersolana', 'profile_image_url_https': 'https://pbs.twimg.com/profile_images/738749669954736128/Jb4MvDNQ_normal.jpg', 'notifications': False, 'followers_count': 87709, 'default_profile': False, 'entities': {'description': {'urls': []}, 'url': {'urls': [{'expanded_url': 'http://www.brookings.edu/experts/solanaj', 'url': 'https://t.co/fiblmb47rD', 'indices': [0, 23], 'display_url': 'brookings.edu/experts/solanaj'}]}}, 'profile_background_tile': False, 'geo_enabled': True, 'has_extended_profile': False, 'utc_offset': 10800, 'profile_image_url': 'http://pbs.twimg.com/profile_images/738749669954736128/Jb4MvDNQ_normal.jpg', 'id': 254446382, 'time_zone': 'Athens', 'profile_use_background_image': False, 'favourites_count': 869, 'translator_type': 'none', 'follow_request_sent': False, 'default_profile_image': False, 'is_translator': False, 'contributors_enabled': False, 'profile_background_color': '0A6491', 'created_at': 'Sat Feb 19 08:46:50 +0000 2011', 'profile_sidebar_fill_color': 'DDEEF6', 'profile_sidebar_border_color': 'C0DEED', 'profile_text_color': '333333', 'profile_background_image_url_https': 'https://abs.twimg.com/images/themes/theme1/bg.png', 'following': False};
