;words;words_no_url;duplicate;len_characters;num_words;has_question_mark;has_exclamation_mark;has_multi_quest_exclam;emotji_sent_score;has_pronoun;count_upper;has_hashtag;urls;senitment;senitment_conf;reg_age;status_cnt;followers_cnt;friends_cnt;verified;has_desc;has_url;retweet_count
854395806979424258;"['1935', '&', 'gt', ';', '1975', '#', 'greatestgeneration', 'made', 'USA', 'richer', 'reduced', 'inequality', '!', '#', 'fight4freedoms', 'https', ':', '//t.co/IRAVzJKtlE']";"1935 &gt;1975 the #greatestgeneration made USA richer AND reduced inequality! #fight4freedoms ";False;117;18;False;True;False;0.0;False;0.1111111111111111;True;True;pos;1.0;2315;173843;8848;868;True;True;True;2.0
854395812306092032;['Hey', '@', 'amazon', 'order', 'stating', 'would', '4/7', 'still', 'hasn’t', 'delivered', 'update', 'avail', 'Shipping', 'Info', '.', 'help', '?'];Hey @amazon an order stating it would be here by 4/7 still hasn’t been delivered and no update avail in Shipping Info. Can you help?;False;132;17;True;False;False;0.0;True;0.030303030303030304;False;False;neg;1.0;2750;41013;475;832;False;True;False;0.0
854395813891641344;"['Shit', 'ai', ""n't"", 'much', 'fun', 'since', 'Amazon', 'started', 'taxing']";Shit just ain't as much fun since Amazon started taxing;False;55;9;False;False;False;0.0;False;0.03636363636363636;False;False;neg;0.6;2779;278146;898;855;False;True;True;0.0
854395814495395841;"['@', 'tlidesign', 'Sorel', 'Joan', 'Arctic', 'Wedge', 'Mid', 'Boot', '-', 'Women', ""'s"", 'Elk', '7.5', 'sale', '$', '124.99', 'Amazon', '.', 'Product', 'page', ':', 'https', ':', '//t.co/rctvqg4XHz']";@tlidesign Sorel Joan Of Arctic Wedge Mid Boot - Women's Elk 7.5 is now on sale for $124.99 at Amazon. Product page: ;False;140;24;False;False;False;0.0;False;0.09285714285714286;False;False;pos;1.0;2813;1069408;4251;8;False;True;True;0.0
860052609532669953;['fun', 'drone', 'market', 'today', '!', 'https', ':', '//t.co/PxBzV2hK5J', 'https', ':', '//t.co/KqLEVti4WL'];"This is the most fun drone on the market today! 

 ";False;97;11;False;True;False;0.0;False;0.12371134020618557;False;True;pos;1.0;628;243077;5231;5760;False;True;True;0.0
860052610442604545;"['@', 'mert_dogan_', 'Reef', 'Men', ""'s"", 'Draftsmen', 'Sandal', ',', 'Chocolate,13', 'US', 'sale', '$', '46.12', 'Amazon', '.', 'Product', 'page', ':', 'https', ':', '//t.co/FeGooRsKpp']";@mert_dogan_ Reef Men's Draftsmen Sandal,Chocolate,13 M US is now on sale for $46.12 at Amazon. Product page: ;False;133;21;False;False;False;0.0;False;0.10526315789473684;False;False;pos;1.0;2813;1083339;4254;8;False;True;True;0.0
860052614372839424;['Real', 'cooking', ',', 'matters', '.', 'today', '.', 'Syria', ':', 'Recipes', 'Home', 'Itab', 'Azzam', 'https', ':', '//t.co/OvtrOHbWlg', 'via', '@', 'AmazonUK'];Real cooking, when it matters. Out today. Syria: Recipes from Home by Itab Azzam  via @AmazonUK;False;118;19;False;False;False;0.0;True;0.11864406779661017;False;True;pos;1.0;2709;2545;6514;1191;False;True;True;1.0
860052619674431489;['Sexy', 'glamour', ',', 'romantic', 'encounter', '!', 'Lucky', 'you.Awesome', 'spice', '!', 'https', ':', '//t.co/ygpXG6M40m', '#', 'giveaway'];Sexy glamour, is a romantic encounter! Lucky as you.Awesome spice!  #giveaway;True;100;15;False;True;True;0.0;False;0.06;True;False;pos;1.0;399;760;6;456;False;True;False;0.0
860052626225987585;['Lightweight', 'Tent', 'Camping', 'https', ':', '//t.co/ki91ZBA0xO', 'https', ':', '//t.co/Hk1DYHT8AZ', '#', 'giveaway'];Lightweight Tent for Camping   #giveaway;True;86;11;False;False;False;0.0;False;0.16279069767441862;True;False;pos;1.0;680;1997;464;895;False;True;False;0.0
860052627815530496;['Awesome', 'Deal', 'Grill', 'Master', 'Gloves', '(', 'Grey', ')', '!', '!', '!', 'https', ':', '//t.co/z83CLTY9aE', 'Use', 'GET50GGL', 'Save', '50', '%', '#', 'amazingdeals', 'https', ':', '//t.co/xvGiGYILy3', '#', 'giveaway'];"Awesome Deal on Grill Master Gloves (Grey)!!! 
Use GET50GGL Save 50% #amazingdeals  #giveaway";True;139;26;False;True;True;0.0;False;0.17266187050359713;True;False;neg;1.0;111;20;0;28;False;False;False;0.0
860052635155439616;['Enter', 'win', '$', '150', 'Amazon', 'Paypal', 'Cash', '!', '.', 'https', ':', '//t.co/ZBSTlKsaXr'];Enter to win $150 Amazon or Paypal Cash!  I just did. ;False;77;12;False;True;False;0.0;True;0.14285714285714285;False;False;neg;1.0;1668;19636;400;2312;False;True;False;0.0
860052638800297984;['Amazon’s', 'massive', 'AWS', 'outage', 'caused', 'human', 'error', '?', 'quite', 'epic', 'sushi', 'sashimi'];Amazon’s massive AWS outage was caused by human error ? This was quite the epic sushi and sashimi;False;97;12;False;False;False;0.018;False;0.05154639175257732;False;False;neg;1.0;926;493;111;3;False;True;True;0.0
860052642537631744;['#', '99cents', 'HEARTS', '#', 'HANUKKAH', '#', 'Jewish', '#', 'Romance', '?', 'https', ':', '//t.co/2yXOCbok7a', '?', 'https', ':', '//t.co/O6jsW2CnlE', 'https', ':', '//t.co/bqxV8VXypV'];"#99cents HEARTS OF #HANUKKAH
#Jewish #Romance
? 
? 
";False;121;20;False;False;False;0.0;False;0.2396694214876033;True;True;neg;1.0;2666;481320;72565;66259;False;True;True;4.0
860052643250655232;['#', 'Amazon', 'boss', 'Jeff', 'Bezos', 'wants', 'start', 'shipping', 'packages', 'Moon', 'https', ':', '//t.co/9ePe3b1yD2', 'via', '@', 'Verge', 'https', ':', '//t.co/evQCth9X06'];#Amazon boss Jeff Bezos wants to start shipping packages to the Moon  via @Verge ;False;127;19;False;False;False;0.0;False;0.07874015748031496;True;False;pos;1.0;2912;5262;10721;292;False;True;True;0.0
860052643854635008;['Search', 'Products', 'Amazon', '{', 'https', ':', '//t.co/xhlkPniW0h', '}', '#', 'onlineshopping', '#', 'shoponline', '#', 'RedCarpet', 'https', ':', '//t.co/nXR0IyH9vR'];Search For Your Products In Amazon {  } #onlineshopping #shoponline #RedCarpet ;False;125;17;False;False;False;0.0;False;0.12;True;False;neg;1.0;672;17551;4563;1465;False;True;True;0.0
860052645628715008;['Winning', 'Post', '8', '2017', '-', 'Windows', 'https', ':', '//t.co/AOcWxh9oLs'];Winning Post 8 2017 - Windows ;False;53;9;False;False;False;0.0;False;0.1320754716981132;False;True;neg;1.0;1915;27310;491;374;False;True;False;0.0
860052646568316929;['GTA', 'IV', 'Cheats', 'app', '#', 'kindle', '#', 'Fire', '#', 'FireHD', 'https', ':', '//t.co/cOuOdThNxK', '#', 'Amazon', '.', 'May', '04', ',', '2017', '09:45AM'];GTA IV Cheats app for #kindle #Fire and #FireHD  #Amazon . May 04, 2017 at 09:45AM;False;105;21;False;False;False;0.0;False;0.18095238095238095;True;False;pos;0.6;1471;141852;80;1;False;False;False;0.0
860053235293241344;['saw', 'Amazon', ':', 'play', '.', 'Baby', 'Flap', 'Sun', 'Protection', 'Swim', 'Hat', ',', '...', 'play', '.', '$', '11.99', 'https', ':', '//t.co/hntaSMrRCZ', 'via', '@', 'amazon'];Just saw this on Amazon: i play. Baby Flap Sun Protection Swim Hat, ... by i play. for $11.99  via @amazon;False;129;23;False;False;False;0.0;False;0.10077519379844961;False;False;neg;0.8;708;400;24;197;False;True;False;0.0
860053855857278976;['saw', 'Amazon', ':', 'Mario', 'Kart', '8', 'Deluxe', '-', 'Nintendo', 'Switch', 'Nintendo', '$', '59.88', 'https', ':', '//t.co/xsAXWvIjB7', 'via', '@', 'amazon'];Just saw this on Amazon: Mario Kart 8 Deluxe - Nintendo Switch by Nintendo for $59.88  via @amazon;False;121;19;False;False;False;0.0;False;0.10743801652892562;False;False;pos;1.0;708;401;24;197;False;True;False;0.0
860053856163647488;['Sold', '!', 'Boy', 'Ship', 'War', '-', '#', 'WWII', '!', '#', 'Best-seller', 'rank', 'dropped', ':', '862', '#', '20th', 'Century', '.', 'Amazing', '!', 'https', ':', '//t.co/zXiM6d3mfH', '!'];Sold again! A Boy A Ship and A War - #WWII! #Best-seller rank just dropped to: 862 for #20th Century. Amazing! ;False;135;25;False;True;True;0.0;False;0.1259259259259259;True;True;pos;1.0;2280;171011;1536;1515;False;True;True;0.0
860053862601728000;"['every', 'rock', 'star', ""'s"", 'one', 'girl', 'can’t', 'forget', '.', '#', 'KU', '?Amazon', 'Universal', 'Buy', 'Link?…', 'https', ':', '//t.co/a7vB633TbX']";"For every rock star there's the one girl they can’t forget. #KU 
?Amazon Universal Buy Link?… ";False;117;18;False;False;False;0.0;True;0.08547008547008547;True;True;neg;0.8;214;32226;1750;2246;False;True;True;0.0
860053868784136192;['@', 'DoctorPete', 'https', ':', '//t.co/XmC5g3moQm', 'Small', 'Town', 'Sins', 'available', '-', 'FREE', 'Kindle', 'Unlimited', '!', '#', 'paranormal…', 'https', ':', '//t.co/rH8Ga47TCz'];"@DoctorPete  Small Town Sins is Now available - FREE on Kindle Unlimited!
#paranormal… ";False;133;19;False;True;False;0.0;False;0.14285714285714285;True;True;pos;0.8;283;22125;4334;5001;False;True;True;0.0
860053871103815682;['Sexy', 'glamour', ',', 'romantic', 'encounter', '!', 'Lucky', 'you.Awesome', 'spice', '!', 'https', ':', '//t.co/Ap0fphkVKo', '#', 'giveaway'];Sexy glamour, is a romantic encounter! Lucky as you.Awesome spice!  #giveaway;True;100;15;False;True;True;0.0;False;0.06;True;False;pos;1.0;932;3956;122;2149;False;False;False;0.0
860053874526310400;"['#', 'StarWarsDay', 'May/4', '#', 'Kindle', 'US', '#', 'eBook', '#', 'Deal', '&', 'gt', ';', '&', 'gt', ';', '#', 'StarWars', ':', 'Lando', '@', 'CharlesSoule', '#', 'SciFi', '#', 'Comics', '#', 'TieIn', '#', 'deals', '#', 'ad', 'https', ':', '//t.co/6TU6vCUwTR']";"#StarWarsDay May/4 #Kindle US #eBook #Deal
&gt;&gt;#StarWars: Lando 
by @CharlesSoule
#SciFi #Comics #TieIn
#deals #ad
";False;142;35;False;False;False;0.0;False;0.176056338028169;True;True;pos;1.0;98;6621;383;662;False;True;True;0.0
860053874970939392;"['Wow', '!', 'GOT', 'chance', 'WIN', '``', 'InnoBeta', 'kitchen', 'timer', '2', 'pack', ""''"", 'FREE', '40', '%', '(', '$', '7.19', '!', '!', '!', ')', 'https', ':', '//t.co/kojEzOjJog', '#', 'giveaway']";"Wow! GOT a chance to WIN ""InnoBeta kitchen timer 2 pack"" FOR FREE or 40% OFF($7.19 ONLY!!!) on  #giveaway";False;128;27;False;True;True;0.0;False;0.203125;True;False;neg;1.0;158;609;5;458;False;False;False;0.0
860053875692384256;['Creative', 'Home', ':', 'Inspiring', 'ideas', 'beautiful', 'living', 'Geraldine', 'James', 'https', ':', '//t.co/Q9r4JXaCr6', 'via', '@', 'amazon'];The Creative Home: Inspiring ideas for beautiful living by Geraldine James  via @amazon;False;110;15;False;False;False;0.0;False;0.09090909090909091;False;True;pos;1.0;957;526;122;523;False;True;False;0.0
860053887289524224;['AAGGGH', '!', 'exiting', '.', 'fun', 'working', 'design', 'illustrator', 'Katie', 'Wood', 'WEDA', 'Series', '@', 'KimberleyKWyatt', 'https', ':', '//t.co/WrcuhEYDWG'];AAGGGH! so exiting. Such fun working on the design with illustrator Katie Wood for your WEDA Series @KimberleyKWyatt ;False;140;17;False;True;False;0.0;False;0.16428571428571428;False;True;pos;1.0;34;30;152;546;False;True;False;1.0
860053896269619200;['Uniquement', 'le', '04/05', ':', 'Objectifs', 'Tokina', '11-20', 'mm', '/', 'F', '2,8', 'AT-X', 'PRO', 'DX', 'pour', 'Nikon', '...', '439€', '@', 'Amazon', 'https', ':', '//t.co/6VgMVJXxpC', '#', 'bonplan'];Uniquement le 04/05 : Objectifs Tokina 11-20 mm / F 2,8 AT-X PRO DX pour Nikon ...  439€ @ Amazon  #bonplan;False;130;25;False;False;False;0.0;False;0.15384615384615385;True;False;neg;1.0;1995;186248;11303;2;False;True;True;0.0
860053898374946818;['Enter', '#', 'Win', '#', 'Amazon', '#', 'Kindle', '#', 'Books', 'Liquid', 'Cool', '#', 'Giveaway', 'Author', '@', 'Austin_Dragon', 'https', ':', '//t.co/rJ9R5UHTI8'];Enter to #Win the #Amazon #Kindle and #Books Liquid Cool #Giveaway from Author @Austin_Dragon ;True;117;19;False;False;False;0.0;False;0.1452991452991453;True;False;pos;1.0;1378;1088;10;288;False;False;False;0.0
860053899771760641;['#', 'AwardReadersFavorite', '#', 'awardPurpleDragonfly', '#', 'awardAuthorsShow.com', '#', 'award', 'FeatheredQuill', '@', 'DeanieHDunne…', 'https', ':', '//t.co/lNbrVymGQ5'];#AwardReadersFavorite #awardPurpleDragonfly #awardAuthorsShow.com #award FeatheredQuill   @DeanieHDunne… ;False;128;14;False;False;False;0.0;False;0.125;True;True;pos;1.0;413;26080;10874;11454;False;True;True;0.0
860053901709410304;['Spread', 'Word', '!', '#', 'Win', '#', 'FREE', '#', 'Amazon', '#', 'Kindle', '#', 'Books', 'Author', '@', 'Austin_Dragon', 'https', ':', '//t.co/rJ9R5UHTI8'];Spread the Word! #Win a #FREE #Amazon #Kindle #Books from Author @Austin_Dragon ;True;103;19;False;True;False;0.0;False;0.18446601941747573;True;False;pos;1.0;1378;1089;10;288;False;False;False;0.0
860053903538360320;['Amazon', 'Vehicles', 'considers', 'UK', 'launch', 'https', ':', '//t.co/MzJnZzTuus'];"Amazon Vehicles considers UK launch
";False;59;8;False;False;False;0.0;False;0.13559322033898305;False;False;neg;1.0;1136;1849;208;174;False;True;True;0.0
860053906998480896;['easiest', 'way', 'make', 'money', '#', 'Amazon', '#', 'Affiliate', 'https', ':', '//t.co/6xeL7r4ulf', '#', 'hosting', '#', 'FullRSS', '|', 'Important', 'Niche', 'When…'];The easiest way to make money with #Amazon #Affiliate  #hosting #FullRSS | Why It is Important To Have a Niche When…;False;139;19;False;False;False;0.0;True;0.1079136690647482;True;False;neg;0.8;931;51772;1253;1026;False;True;True;0.0
860053977521680385;['Amazon', 'Kindle', 'Keyboard', '(', '3rd', 'Generation', ')', '4GB', ',', 'Wi-Fi', ',', '6in', '-', 'Graphite', 'https', ':', '//t.co/bYL0sSn2TE', 'https', ':', '//t.co/UnjRxa57C0'];Amazon Kindle Keyboard (3rd Generation) 4GB, Wi-Fi, 6in - Graphite  ;False;114;20;False;False;False;0.0;False;0.14912280701754385;False;False;neg;1.0;134;282091;1;58;False;True;False;0.0
860053983121068033;['Lightweight', 'Tent', 'Camping', 'https', ':', '//t.co/rP0UEtix1P', 'https', ':', '//t.co/yS3G3WRfS2', '#', 'giveaway'];Lightweight Tent for Camping   #giveaway;True;86;11;False;False;False;0.0;False;0.13953488372093023;True;False;pos;1.0;20;15;0;74;False;False;False;0.0
860053983242711040;['Amazon', 'Kindle', '(', '7th', 'Generation', ')', '4GB', ',', 'Wi-Fi', ',', '6in', '-', 'Black', 'https', ':', '//t.co/g8oGzQ8KHl', 'https', ':', '//t.co/XILmLwybte'];Amazon Kindle (7th Generation) 4GB, Wi-Fi, 6in - Black  ;False;102;19;False;False;False;0.0;False;0.1568627450980392;False;False;neg;1.0;134;282092;1;58;False;True;False;0.0
860053985104887808;['Hello', ':', ')', 'GREEN', 'REAPER', '(', 'celticjo1888', ')', 'https', ':', '//t.co/nh4F6l6wuT'];Hello :) THE GREEN REAPER (celticjo1888) ;False;64;11;False;False;False;0.0;False;0.265625;False;True;neg;1.0;28;61117;161;5;False;True;False;0.0
860053986828845056;['Kindle', 'Keyword', 'Research', '-', 'Finding', 'Next', 'Best', 'Seller', 'Amazon', 'https', ':', '//t.co/FyTbIM5jsN'];Kindle Keyword Research - Finding The Next Best Seller On Amazon ;False;88;12;False;False;False;0.0;False;0.17045454545454544;False;False;neg;1.0;1559;47836;11581;10233;False;True;True;0.0
860053988913418240;['$', '200.00', 'Amazon', 'Gift', 'Card', '.', '$', '200.00', 'https', ':', '//t.co/WCTTk2K5CI', 'https', ':', '//t.co/nV15oPngSj'];$200.00 Amazon Gift Card.  $200.00  ;False;82;14;False;False;False;0.0;False;0.15853658536585366;False;False;neg;1.0;171;272397;4;0;False;True;False;0.0
860053993518661632;['@', 'RobertBlaszczak', 'Chapter', '2', 'might', 'interest', 'https', ':', '//t.co/GeOWETtwvZ', 'via', '@', 'SeanHuddleston2', '@', 'Birkbecksport', 'talk'];@RobertBlaszczak Chapter 2 of this might be of interest  via @SeanHuddleston2 after your @Birkbecksport talk;False;131;15;False;False;False;0.0;False;0.0916030534351145;False;True;pos;1.0;563;2295;276;705;False;True;False;0.0
860053994777042944;"['Big', 'Data', '!', 'Interactively', 'Analyse', 'Data', 'using', 'Spark', ',', 'Amazon', 'EMR', '&', 'amp', ';', 'Zeppelin', 'https', ':', '//t.co/MYCdBrfXi9', '#', 'BigData']";"Big Data! Interactively Analyse Data using Spark, Amazon EMR &amp; Zeppelin  #BigData";False;108;20;False;True;False;0.0;False;0.16666666666666666;True;False;pos;0.6;1093;142171;2185;39;False;True;True;0.0
860053995959836672;['Kingdom', 'Olives', 'Ash', ':', 'Writers', 'Confront', 'Israeli', 'Occupation', 'Michael', 'Chabon', 'https', ':', '//t.co/mecKLdlEan', 'via', '@', 'amazon', 'https', ':', '//t.co/ZDwdmJupNp'];Kingdom of Olives and Ash: Writers Confront Israeli Occupation by Michael Chabon  via @amazon ;False;140;19;False;False;False;0.0;False;0.11428571428571428;False;False;neg;0.6;2867;65161;8410;2481;False;True;True;0.0
860053996404436992;"['Wow', '!', 'entered', 'chance', 'win', '``', 'Earphones', ',', 'Premium', 'Wired', 'In-Ear', 'Hi-fi', 'Sports', ',', '...', ""''"", 'SSI', 'Electric', '.', 'https', ':', '//t.co/ga1kdo1m0s', '#', 'giveaway']";"Wow! I just entered for a chance to win ""Earphones,Premium Wired In-Ear Hi-fi Sports,..."" by SSI Electric.  #giveaway";False;140;24;False;True;False;0.0;True;0.09285714285714286;True;False;pos;1.0;2059;2352;388;1368;False;True;True;0.0
860054003190837248;"['Wow', '!', 'entered', 'chance', 'win', '``', 'OTRON', 'Mini', 'Bike', 'Pump', ',', '3.8', 'oz', ""''"", 'OTRON', '.', 'https', ':', '//t.co/m9gItndLjE', '#', 'giveaway']";"Wow! I just entered for a chance to win ""OTRON Mini Bike Pump, 3.8 oz"" by OTRON.  #giveaway";False;114;21;False;True;False;0.0;True;0.15789473684210525;True;False;pos;1.0;2059;2353;388;1368;False;True;True;0.0
860054005162102784;['Lightweight', 'Tent', 'Camping', 'https', ':', '//t.co/HltBcsKdFz', 'https', ':', '//t.co/jiqoeoyGMb', '#', 'giveaway'];Lightweight Tent for Camping   #giveaway;True;86;11;False;False;False;0.0;False;0.10465116279069768;True;False;pos;1.0;252;523;17;620;False;False;False;0.0
860055199729283072;"['Wow', '!', 'entered', 'chance', 'win', '``', 'Orrous', '&', 'amp', ';', 'Co.', 'Legacy', 'Collection', 'Women', '...', ""''"", 'Orrous', '&', 'amp', ';', 'Co.', 'Lega', '...', '.', 'https', ':', '//t.co/kWn4ft7Zfh', '#', 'giveaway']";"Wow! I just entered for a chance to win ""Orrous &amp; Co. Legacy Collection Women..."" by Orrous &amp; Co. Lega....  #giveaway";True;148;29;False;True;False;0.0;True;0.08108108108108109;True;False;pos;1.0;2939;61375;1747;4948;False;True;False;0.0
860055199804792832;['tweet', 'books', '.', 'Want', 'tweet', '?', '#', 'kindle', '#', 'amazon', 'https', ':', '//t.co/dOxBhWtuqP', 'https', ':', '//t.co/Puh2FBxgaK'];I tweet books. Want me to tweet yours? #kindle #amazon  ;False;102;16;True;False;False;0.0;True;0.09803921568627451;True;False;pos;1.0;1565;308353;36040;34710;False;True;True;0.0
860055200228409344;"[""'ve"", 'entered', '#', 'giveaway', '#', 'win', '£50', 'Amazon', 'voucher', '@', 'zenas_suitcase', '#', 'competition', '.', 'Enter', '&', 'gt', ';', '&', 'gt', ';', 'https', ':', '//t.co/nDl6E2afHi']";"I've entered a #giveaway to #win a £50 Amazon voucher with @zenas_suitcase #competition. Enter here &gt;&gt;  ";False;133;24;False;False;False;0.0;True;0.045112781954887216;True;False;pos;1.0;2305;226;6;144;False;False;False;0.0
860055207584997377;['Enter', '#', 'Win', '#', 'Amazon', '#', 'Kindle', '#', 'Books', 'Liquid', 'Cool', '#', 'Giveaway', 'Author', '@', 'Austin_Dragon', 'https', ':', '//t.co/Qxd0letEYm'];Enter to #Win the #Amazon #Kindle and #Books Liquid Cool #Giveaway from Author @Austin_Dragon ;True;117;19;False;False;False;0.0;False;0.11965811965811966;True;False;pos;1.0;72;4052;58;941;False;True;True;0.0
860055211858984960;['@', 'occc_bookstore', 'Focal', 'Easy', 'Guide', 'Final', 'Cut', 'Pro', 'X', 'sale', '$', '22.91', 'Amazon', '.', 'Product', 'page', ':', 'https', ':', '//t.co/ipZnOGPHbz'];@occc_bookstore The Focal Easy Guide to Final Cut Pro X is now on sale for $22.91 at Amazon. Product page: ;False;130;20;False;False;False;0.0;False;0.11538461538461539;False;False;pos;1.0;2813;1083347;4254;8;False;True;True;0.0
860055214316937217;['Spread', 'Word', '!', '#', 'Win', '#', 'FREE', '#', 'Amazon', '#', 'Kindle', '#', 'Books', 'Author', '@', 'Austin_Dragon', 'https', ':', '//t.co/Qxd0letEYm'];Spread the Word! #Win a #FREE #Amazon #Kindle #Books from Author @Austin_Dragon ;True;103;19;False;True;False;0.0;False;0.1553398058252427;True;False;pos;1.0;72;4053;58;941;False;True;True;0.0
860055220583251968;['SUNDERPOWER', 'Car', 'Mount', ',', 'Latest', '360°', 'Rotation', 'Aluminum', 'Cell', 'Phone', 'Holder', 'Magnetic', 'USB', '...', '?https', ':', '//t.co/tHmzDWIoTK'];SUNDERPOWER Car Mount,Latest 360° Rotation Aluminum Cell Phone Holder With Magnetic USB ...?;False;115;17;False;False;False;0.0;False;0.2608695652173913;False;True;neg;1.0;227;220;9046;850;False;False;True;0.0
860055221984251905;['Congratulations', 'Wine', 'Bottle', 'Apron', ',', 'Wine', 'Gift', ',', 'Retirement', 'Gift', ',', 'Bottle', 'Cover', 'https', ':', '//t.co/tXfOVOBjIU', '@', 'Amazon', '#', 'Amazon', 'https', ':', '//t.co/9soElKES83'];Congratulations Wine Bottle Apron, Wine Gift, Retirement Gift, Bottle Cover  @Amazon #Amazon ;False;139;23;False;False;False;0.0;False;0.16546762589928057;True;True;pos;1.0;2922;335129;13621;2435;False;True;True;1.0
860055222084874240;['Sexy', 'glamour', ',', 'romantic', 'encounter', '!', 'Lucky', 'you.Awesome', 'spice', '!', 'https', ':', '//t.co/r9LvY9lkZ2', '#', 'giveaway'];Sexy glamour, is a romantic encounter! Lucky as you.Awesome spice!  #giveaway;True;100;15;False;True;True;0.0;False;0.06;True;False;pos;1.0;1324;5226;357;3297;False;False;False;0.0
860055222529470465;['5', 'Ways', 'Amazon', 'Alexa', 'Keep', 'Fit', 'Healthy', '-', 'Forbes', 'https', ':', '//t.co/6ckHHFGYzK', '#', 'technology'];5 Ways Amazon Alexa Can Keep You Fit And Healthy - Forbes  #technology;False;93;14;False;False;False;0.0;True;0.17204301075268819;True;False;neg;1.0;1791;95905;922;1892;False;True;False;0.0
860055225872375810;"['entered', 'giveaway', 'chance', 'win', '``', 'Baby', 'Darling', 'Soft', 'Fox', 'Hooded', 'Bath', 'Towel', ',', 'Na', '...', ""''"", 'Baby', 'Darling', '.', 'https', ':', '//t.co/htEMWRpVIS', '#', 'giveaway']";"I entered a giveaway for a chance to win ""Baby Darling Soft Fox Hooded Bath Towel, Na..."" by Baby Darling.  #giveaway";False;140;24;False;False;False;0.0;True;0.12857142857142856;True;False;pos;1.0;1235;2246;64;1779;False;False;False;0.0
860055226123997184;"['entered', 'giveaway', 'chance', 'win', '``', 'Female', 'Cosmetic', 'Genital', 'Surgery', ':', 'Co', '...', ""''"", 'Christine', 'Hamori', '...', '.', 'https', ':', '//t.co/zRsDw1LD4O', '#', 'giveaway']";"I entered a giveaway for a chance to win ""Female Cosmetic Genital Surgery: Co..."" by Christine Hamori ....  #giveaway";True;140;22;False;False;False;0.0;True;0.09285714285714286;True;False;pos;1.0;1468;1049;13;562;False;True;False;0.0
860055231249481728;['#', 'Amazon', 'Hiring', 'Freshers', 'Quality', 'Assurance', 'Engineer', 'May', '2017…', 'https', ':', '//t.co/hLuHqc2xBF', '#', 'jobs', '#', 'freshers'];#Amazon Hiring For Freshers As Quality Assurance Engineer On May 2017…  #jobs #freshers;False;110;16;False;False;False;0.0;False;0.12727272727272726;True;False;neg;1.0;56;355;12;10;False;False;False;0.0
860056834719326208;['?', 'Fire', 'Tablet', '#', 'AmazonGiveaway', 'hosted', '@', 'getnuggies', '!', 'Enter', 'chance', 'win', '!', '(', 'ends', 'May', '8', ')', 'https', ':', '//t.co/J3vNgR69lC'];"?
Fire Tablet #AmazonGiveaway
hosted by @getnuggies !

Enter for a chance to win!
(ends May 8)
";False;118;21;False;True;True;0.0;False;0.0847457627118644;True;False;pos;1.0;151;2149;27867;272;False;True;False;0.0
860056839899185152;"['@', 'Edu_Jobs_London', '.', 'Teaching', 'great', 'career', '-', '50', 'years', 'still', 'loving', '.', ""'s"", 'apply…', 'https', ':', '//t.co/4NDPDqFzdg']";"@Edu_Jobs_London .

Teaching is a great career - been in it for 50 years and still loving it.

Here's how to apply… ";False;139;17;False;False;False;0.0;True;0.07194244604316546;False;True;pos;1.0;34;660;134;327;False;True;False;0.0
860056840557793281;['#', 'BusinessNews', 'Amazon', 'launches', 'fresh', 'grocery', 'service', 'German', 'cities', 'https', ':', '//t.co/DL048O7eJ3'];#BusinessNews Amazon launches fresh grocery service in German cities ;False;92;12;False;False;False;0.0;False;0.08695652173913043;True;False;neg;0.6;1990;11051;2034;1627;False;True;True;0.0
860056843229560832;['21', '#', 'Author', 'Interviews', ':', '#', 'Success', 'Strategies', ',', 'Advice', ',', 'Tips', '#', 'Writers', 'https', ':', '//t.co/K7VjQSk7bF', 'via', '@', 'amazon'];21 #Author Interviews: #Success Strategies, Advice, And Tips For #Writers  via @amazon;False;109;20;False;False;False;0.0;False;0.12844036697247707;True;True;neg;0.6;2655;223232;20325;22268;False;True;True;1.0
860056853505601536;"['Wow', '!', 'entered', 'giveaway', 'chance', 'win', '``', 'Savvy', 'Infusion', 'Water', 'Bottle', ""''"", '.', 'https', ':', '//t.co/6CmHYn29hx', '#', 'giveaway']";"Wow! I just entered a giveaway for a chance to win a ""Savvy Infusion Water Bottle"".  #giveaway";True;117;18;False;True;False;0.0;True;0.07692307692307693;True;False;pos;1.0;126;1632;15;761;False;False;False;0.0
860056859599937536;"['entered', 'giveaway', 'chance', 'win', '``', 'Female', 'Cosmetic', 'Genital', 'Surgery', ':', 'Co', '...', ""''"", 'Christine', 'Hamori', '...', '.', 'https', ':', '//t.co/bMOEyiSnPP', '#', 'giveaway']";"I entered a giveaway for a chance to win ""Female Cosmetic Genital Surgery: Co..."" by Christine Hamori ....  #giveaway";True;140;22;False;False;False;0.0;True;0.1;True;False;pos;1.0;735;2352;54;1259;False;False;False;0.0
860056860535144448;['#', 'TheWrongTurn', '#', 'love', '#', 'betrayal', 'time', '#', 'NetajiBose', 'unmissable', '#', 'story', '.', 'Get', 'copy', ':', 'https', ':', '//t.co/iDqzj2c1yZ'];#TheWrongTurn #love and #betrayal in the time of #NetajiBose an unmissable #story. Get your copy here : ;False;127;19;False;False;False;0.0;False;0.06299212598425197;True;True;neg;1.0;3075;40081;11868;1654;False;True;True;0.0
860056861344751616;['Great', 'Indian', 'Weddings', 'Pesky', 'Men', ':', 'Father', 'Bride', 'Vinamra', 'Kumar', '#', 'Kindle', 'unlimited', '#', 'KU', 'https', ':', '//t.co/2YlZKsEmi3', 'via', '@', 'amazon'];"The Great Indian Weddings and Pesky Men: Father of the Bride by Vinamra Kumar #Kindle unlimited #KU 
   via @amazon";False;138;21;False;False;False;0.0;False;0.12318840579710146;True;True;pos;1.0;1987;1226;516;1920;False;True;True;
860056865933340673;['Sexy', 'glamour', ',', 'romantic', 'encounter', '!', 'Lucky', 'you.Awesome', 'spice', '!', 'https', ':', '//t.co/I0XmsyiLw2', '#', 'giveaway'];Sexy glamour, is a romantic encounter! Lucky as you.Awesome spice!  #giveaway;True;100;15;False;True;True;0.0;False;0.06;True;False;pos;1.0;34;112;1;59;False;False;False;0.0
860056867569102848;"['Wow', 'much', 'shade', 'amazon', 'forest', 'us', 'wo', ""n't"", '?', 'https', ':', '//t.co/DMNrS7hT56']";Wow so much shade amazon forest us won't you ? ;False;70;12;False;False;False;0.449;True;0.08571428571428572;False;True;neg;1.0;554;14302;289;182;False;True;True;1.0
860056867908853760;"['Wow', '!', 'entered', 'chance', 'win', '``', 'Orrous', '&', 'amp', ';', 'Co.', 'Legacy', 'Collection', 'Women', '...', ""''"", 'Orrous', '&', 'amp', ';', 'Co.', 'Lega', '...', '.', 'https', ':', '//t.co/8y9O1368XI', '#', 'giveaway']";"Wow! I just entered for a chance to win ""Orrous &amp; Co. Legacy Collection Women..."" by Orrous &amp; Co. Lega....  #giveaway";True;148;29;False;True;False;0.0;True;0.08783783783783784;True;False;pos;1.0;1324;5231;357;3300;False;False;False;0.0
860057067121512450;['Enter', '#', 'win', '$', '50', '@', 'Amazon', 'Gift', 'Card', '#', 'giveaway', '@', 'darcibean', '-', 'ends', '5/5', 'https', ':', '//t.co/kX9Df0IekU'];Enter to #win a $50 @Amazon Gift Card #giveaway from @darcibean - ends 5/5 ;False;98;19;False;False;False;0.0;False;0.08163265306122448;True;False;pos;1.0;2403;661011;1946;2011;False;True;False;0.0
860057067943546881;['Lightweight', 'Tent', 'Camping', 'https', ':', '//t.co/XNaHXOoqCn', 'https', ':', '//t.co/bCZhzOhE78', '#', 'giveaway'];Lightweight Tent for Camping   #giveaway;True;86;11;False;False;False;0.0;False;0.1511627906976744;True;False;pos;1.0;14;59;1;144;False;False;False;0.0
860058509064450048;['@', 'wissewords', 'Import', 'Japanese', 'stores', 'like', 'CDJapan', ',', 'Amiami', ',', 'Amazon', ',', 'etc', '.'];@wissewords Import from Japanese stores like CDJapan, Amiami, Amazon, etc.;False;74;14;False;False;False;0.0;False;0.0945945945945946;False;False;pos;1.0;2833;459118;4145;2415;False;True;True;0.0
860064867448967169;['Lightweight', 'Tent', 'Camping', 'https', ':', '//t.co/dg7QQh7jHj', 'https', ':', '//t.co/n7HJ2QwAtS', '#', 'giveaway'];Lightweight Tent for Camping   #giveaway;True;86;11;False;False;False;0.0;False;0.12790697674418605;True;False;pos;1.0;2826;4820;193;2744;False;False;False;0.0
860064877330739200;"['Wow', '!', 'entered', 'chance', 'win', '``', 'ORROUS', '&', 'amp', ';', 'CO', 'Legacy', 'Collection', '18K', 'Go', '...', ""''"", 'ORROUS', '&', 'amp', ';', 'CO', 'Legac', '...', '.', 'https', ':', '//t.co/w2hmSocEYF', '#', 'giveaway']";"Wow! I just entered for a chance to win ""ORROUS &amp; CO Legacy Collection 18K Go..."" by ORROUS &amp; CO Legac....  #giveaway";False;148;30;False;True;False;0.0;True;0.18243243243243243;True;False;pos;1.0;1862;675;73;577;False;False;False;0.0
860064883492225024;"['@', 'WSJ', 'see', 'new', 'fire', 'phone', '?', 'https', ':', '//t.co/1RNAyfFC6X', 'Amazon', 'Fire', 'Phone', ',', '32GB', '(', '&', 'amp', ';', ')']";"@WSJ did you see the new fire phone?  Amazon Fire Phone, 32GB (AT&amp;T)";False;95;20;True;False;False;0.0;True;0.17894736842105263;False;False;pos;1.0;572;114;14;15;False;True;True;
860064884205158400;"['entered', 'giveaway', 'chance', 'win', '``', 'Verico', 'VC07', 'Lightning', '4', '1', 'cable', '...', ""''"", 'Verico', 'International', '.', 'https', ':', '//t.co/fkbRo3ZF0m', '#', 'giveaway']";"I entered a giveaway for a chance to win ""Verico VC07 Lightning 4 in 1 cable ..."" by Verico International.  #giveaway";False;140;21;False;False;False;0.0;True;0.07142857142857142;True;False;pos;1.0;1080;3578;98;2372;False;False;False;0.0
860064888684777472;['MAY', '7TH', 'would', 'Real', 'Niiiiiice', '~Melanin', 'Asiatic', '#', 'taurus', '#', 'Amazon', 'https', ':', '//t.co/vQS6jdrR9f'];"MAY 7TH 
This would be Real Niiiiiice
~Melanin Asiatic 
#taurus
#Amazon ";False;95;14;False;False;False;0.0;False;0.14736842105263157;True;False;neg;1.0;2893;12650;288;713;False;True;True;0.0
860064894032523266;['Everyday', '5000', 'books', 'published', 'Amazon', '.', 'lies', 'question', 'book', '?', 'see', '5000', '…', 'https', ':', '//t.co/z0T5SgBAHH'];"Everyday 5000 books are being published on Amazon. 

So that lies the question where is your book? 

You see 5000 … ";False;139;16;True;False;False;0.0;True;0.07194244604316546;False;False;neg;0.8;316;1424;24;16;False;True;True;0.0
860064897500979200;['https', ':', '//t.co/pijtqBCuKg?1', '!', '2', '!', '3', '!', '4', '!', '????', '!', '?????????', '!', '??2010.11.27', '@', '????????????', '[', 'DVD', ']', '?DVD??Happinet', '(', 'SB', ')', '(', ')', '?']; [DVD]?DVD??Happinet(SB)(D)?;False;100;27;False;True;True;0.0;False;0.13;False;False;pos;1.0;835;31355;202;361;False;False;True;0.0
860064898704969728;['Awesome', 'Deal', 'Grill', 'Master', 'Gloves', '(', 'Grey', ')', '!', '!', '!', 'https', ':', '//t.co/Cde20C2lyA', 'Use', 'GET50GGL', 'Save', '50', '%', '#', 'amazingdeals', 'https', ':', '//t.co/DCGQGJHKVk', '#', 'giveaway'];"Awesome Deal on Grill Master Gloves (Grey)!!! 
Use GET50GGL Save 50% #amazingdeals  #giveaway";True;139;26;False;True;True;0.0;False;0.18705035971223022;True;False;neg;1.0;1353;1621;26;506;False;False;False;
860068261215514624;['EU', ':', 'Amazon', 'Agrees', 'End', 'Pacts', 'May', 'Hurt', 'Competitors’', 'Books'];EU: Amazon Agrees To End Pacts That May Hurt Competitors’ Books;False;63;10;False;False;False;0.0;False;0.19047619047619047;False;False;neg;1.0;2842;157185;39017;1882;False;True;True;3.0
860068264386465792;"['listed', ':', ""'No.19"", '-', 'Junior', 'Baiano', '-', 'Brasil', '-', 'France', '98', '-', 'Panini', ""'"", ',', '3.99', 'via', '@', 'amazon', 'https', ':', '//t.co/iQn6YpvdYV']";I have just listed: 'No.19 - Junior Baiano - Brasil - France 98 - Panini', for 3.99 via @amazon ;False;119;22;False;False;False;0.0;True;0.09243697478991597;False;True;pos;0.6;760;6507;0;0;False;False;False;0.0
860068269948112896;['Amazon', 'doubles', 'machine', 'learning', 'new', 'U.K.', 'development', 'hub', 'https', ':', '//t.co/Af0VDRKhts', '#', 'vcph', '#', 'startup'];Amazon doubles down on machine learning with new U.K. development hub   #vcph #startup;False;109;15;False;False;False;0.0;False;0.07339449541284404;True;False;pos;1.0;147;4286;98;68;False;True;True;0.0
860068276482822144;['com', 'amazon', 'com', 'lettisch', 'Frau', 'https', ':', '//t.co/SOWYiEprsN'];com amazon com lettisch Frau ;False;52;8;False;False;False;0.0;False;0.1346153846153846;False;False;neg;1.0;1014;2845;136;286;False;False;False;0.0
860068280056328192;['Amazon', 'Expands', 'Ecommerce', 'Fulfillment', 'Capacity', 'India', '-', 'Multichannel', 'Merchant', 'https', ':', '//t.co/mZIit5MHHS'];Amazon Expands Ecommerce Fulfillment Capacity in India - Multichannel Merchant ;False;102;12;False;False;False;0.0;False;0.13725490196078433;False;False;neg;1.0;759;75871;119;26;False;True;True;0.0
860068281323073536;['LiveSquawk', ':', 'EU', ':', 'Amazon', 'Agrees', 'End', 'Pacts', 'May', 'Hurt', 'Competitors’', 'Books'];LiveSquawk: EU: Amazon Agrees To End Pacts That May Hurt Competitors’ Books;False;75;12;False;False;False;0.0;False;0.18666666666666668;False;False;neg;1.0;523;209255;603;431;False;True;False;0.0
860068282027692032;['#', 'BloombergTV', '?', 'RT', 'BW', ':', 'NEW', 'COVER', ':', 'Wal-Mart’s', 'expensive', 'new', 'e-commerce', 'operation', 'compete', 'Amazon', '?', '…', 'https', ':', '//t.co/9rJvcM49w4'];#BloombergTV ? RT BW: NEW COVER: Can Wal-Mart’s expensive new e-commerce operation compete with Amazon? … ;False;129;21;True;False;False;0.0;False;0.16279069767441862;True;False;neg;1.0;2980;641689;8103;82;False;True;True;0.0
860068285651361792;['@', 'AmazonHelp', 'customers', 'already', 'amazon', 'app..', '?', '?', '?'];@AmazonHelp And how about for those customers who already have amazon app..???;False;78;9;True;False;True;0.0;False;0.038461538461538464;False;False;pos;1.0;2060;516;267;208;False;True;True;0.0
860068289388699648;"['Try', 'today', '-', ""'s"", 'free', '!', 'IOS', ':', 'https', ':', '//t.co/QeH27RLh91', 'Google', 'Play', ':', 'https', ':', '//t.co/htj1XeGSWP', 'Amazon…', 'https', ':', '//t.co/BH5Frlr6c4']";"Try it for yourself today - it's free!
IOS:   
Google Play:   
Amazon… ";False;140;21;False;True;False;0.0;True;0.1357142857142857;False;True;pos;1.0;3270;8422;10468;595;False;True;True;0.0
860068290877693952;['#', 'COLUMBUS', 'Cartographer', 'https', ':', '//t.co/U48g8QDUIL', 'enjoyed', 'seekers', 'Truth', '!', 'https', ':', '//t.co/NB2M2fPDwQ', '#', '#', 'Jewish', 'history'];#COLUMBUS The Cartographer  will be enjoyed by seekers of Truth!  ##Jewish history;False;128;17;False;True;False;0.0;False;0.1875;True;True;neg;1.0;2092;172036;2124;2066;False;True;True;0.0
860068294254096384;"['Wow', '!', 'entered', 'chance', 'win', '``', 'XBOOM', 'Ceramic', 'Mini', 'Portable', 'Capsule', 'Speaker', '...', ""''"", 'Etronic', '.', 'https', ':', '//t.co/ZWIlDKy0DN', '#', 'giveaway']";"Wow! I just entered for a chance to win ""XBOOM Ceramic Mini Portable Capsule Speaker with ..."" by Etronic.  #giveaway";False;140;21;False;True;False;0.0;True;0.14285714285714285;True;False;pos;1.0;2786;129;8;201;False;True;False;0.0
860068296456065024;"['entered', 'giveaway', 'chance', 'win', '``', 'U.V', 'PROTECTION', 'iCOVER', '60', 'Inch', 'Heavy-Duty', 'water', 'pr', '...', ""''"", 'iCover', '.', 'https', ':', '//t.co/GSddN5Iszj', '#', 'giveaway']";"I entered a giveaway for a chance to win ""U.V PROTECTION iCOVER 60 Inch Heavy-Duty water pr..."" by iCover.  #giveaway";True;140;22;False;False;False;0.0;True;0.18571428571428572;True;False;pos;1.0;2974;59158;8605;9403;False;True;True;0.0
860068296674074624;['Amazon', 'doubles', 'machine', 'learning', 'new', 'U.K.', 'development', 'hub', 'https', ':', '//t.co/Y9AEImX4MI', '#', 'AI', '#', 'Apps', '#', 'Business', 'https', ':', '//t.co/ZzoCnwZjrl'];Amazon doubles down on machine learning with new U.K. development hub  #AI #Apps #Business ;False;137;20;False;False;False;0.0;False;0.12408759124087591;True;False;pos;1.0;427;687;191;441;False;True;True;1.0
860073318455455744;['#', 'Album', '#', 'TopMusicUK', '#', '5', ':', 'Greyhound', ':', 'Greyhound', 'Mike', 'Zito', '|', 'Format', ':', 'MP3', 'Download', '(', '2', ')', '…', 'https', ':', '//t.co/kCvB77WUxN', '#', 'TopBlues', '#', 'Amazon', '#', 'Britain'];#Album #TopMusicUK #5: Greyhound: Greyhound Mike Zito | Format: MP3 Download (2)…  #TopBlues #Amazon #Britain;False;132;30;False;False;False;0.0;False;0.16666666666666666;True;False;neg;0.6;1833;614028;1112;5;False;True;True;0.0
860073321282494464;['#', 'Album', '#', 'TopMusicUK', '#', '4', ':', 'Season', 'Love', ':', 'Season', 'Love', 'Matthew', 'Matilda', '|', 'Format', ':', 'MP3…', 'https', ':', '//t.co/NpJFvIf2Id', '#', 'TopBlues', '#', 'Amazon', '#', 'Britain'];#Album #TopMusicUK #4: Season Of Love: Season Of Love Matthew Matilda | Format: MP3…  #TopBlues #Amazon #Britain;False;135;27;False;False;False;0.0;False;0.18518518518518517;True;False;neg;0.8;1833;614029;1112;5;False;True;True;0.0
860073321588772865;"['entered', 'giveaway', 'chance', 'win', '``', 'LOMOL', 'Unisex', 'Fashion', 'Classic', 'Retro', 'College', 'Style', '...', ""''"", 'LOMOL', '.', 'https', ':', '//t.co/jJffqsp2O8', '#', 'giveaway']";"I entered a giveaway for a chance to win ""LOMOL Unisex Fashion Classic Retro College Style T..."" by LOMOL.  #giveaway";False;140;21;False;False;False;0.0;True;0.14285714285714285;True;False;pos;1.0;2974;37791;608;1113;False;False;False;0.0
860073324352684032;['#', 'Album', '#', 'TopMusicGermany', '#', '3', ':', 'Sugar', ':', 'Sugar', 'Fattburger', '|', 'Format', ':', 'MP3-Download', 'Download', ':', '…', 'https', ':', '//t.co/KvvoKSm4Ug', '#', 'TopBlues', '#', 'Amazon', '#', 'Deutschland'];#Album #TopMusicGermany #3: Sugar: Sugar Fattburger | Format: MP3-Download Download:…  #TopBlues #Amazon #Deutschland;False;140;27;False;False;False;0.0;False;0.14285714285714285;True;False;neg;0.6;1833;614030;1112;5;False;True;True;0.0
860073328186318848;['#', 'Album', '#', 'TopMusicSpain', '#', '4', ':', 'Dark', 'Night', 'Soul', '[', 'Vinilo', ']', ':', 'Dark', 'Night', 'Soul…', 'https', ':', '//t.co/n7TdLlh6Qk', '#', 'TopCountry', '#', 'Amazon', '#', 'España'];#Album #TopMusicSpain #4: Dark Night Of The Soul [Vinilo]: Dark Night Of The Soul…  #TopCountry #Amazon #España;False;134;26;False;False;False;0.0;False;0.16417910447761194;True;False;pos;0.6;1833;614031;1112;5;False;True;True;0.0
860073329604128768;['@', 'Evaaa85', '@', 'SamHeughan', '@', 'MyPeakChallenge', '@', 'JoAnnG1956', '@', 'KirkiNia', '@', 'MamaG5439', '@', 'SanjaHirkic', '@', 'lisa_mccaskey', '@', 'mlni50…', 'https', ':', '//t.co/xk77TRAWhE'];@Evaaa85 @SamHeughan @MyPeakChallenge @JoAnnG1956 @KirkiNia @MamaG5439 @SanjaHirkic @lisa_mccaskey @mlni50… ;False;131;21;False;False;False;0.0;False;0.15267175572519084;False;True;pos;1.0;199;993;231;250;False;True;False;0.0
860073334855401480;"['entered', 'giveaway', 'chance', 'win', '``', 'Aromatherapy', 'Essential', 'Oil', 'Diffuser', ',', '180ml', 'Ultras', '...', ""''"", 'Dulala', '.', 'https', ':', '//t.co/M1grxTqwh5', '#', 'giveaway']";"I entered a giveaway for a chance to win ""Aromatherapy Essential Oil Diffuser, 180ml Ultras..."" by Dulala.  #giveaway";False;140;21;False;False;False;0.0;True;0.06428571428571428;True;False;pos;1.0;148;1302;20;812;False;False;False;0.0
860073335450939393;['EU', 'accepts', 'Amazon', 'e-book', 'commitments', 'settle', 'antitrust', 'case', 'https', ':', '//t.co/zbwXYFei56', '#', 'news', '#', 'reuters'];EU accepts Amazon e-book commitments to settle antitrust case  #news #reuters;False;100;15;False;False;False;0.0;False;0.06;True;False;neg;1.0;2234;798194;1247;1536;False;True;False;0.0
860073335450988545;"['#', 'Album', '#', 'TopMusicSpain', '#', '2', ':', 'Nashville', ""'s"", 'Rock', ':', 'Nashville', ""'s"", 'Rock', 'Earl', 'Scruggs', '(', 'Artista', ')', '|…', 'https', ':', '//t.co/49wdSY1YPE', '#', 'TopCountry', '#', 'Amazon', '#', 'España']";#Album #TopMusicSpain #2: Nashville's Rock: Nashville's Rock Earl Scruggs (Artista) |…  #TopCountry #Amazon #España;False;138;29;False;False;False;0.0;False;0.14492753623188406;True;False;neg;1.0;1833;614032;1112;5;False;True;True;0.0
860073337715908609;['``', 'Murder', 'got', 'sexy', '.', 'Brilliant', 'read.”', '??????????', 'thriller', 'set', 'city', 'Leeds', '.', '#', 'Thriller', '#', 'Leeds', '#', 'lufc…', 'https', ':', '//t.co/fb9nG2SMKI'];"""Murder just got sexy. Brilliant read.” ??????????

A thriller set in the city of Leeds.

#Thriller #Leeds #lufc… ";False;137;22;False;False;False;0.0;False;0.08029197080291971;True;True;neg;1.0;2165;16656;13876;13109;False;True;True;2.0
860073558168547328;['Awesome', 'Deal', 'Grill', 'Master', 'Gloves', '(', 'Grey', ')', '!', '!', '!', 'https', ':', '//t.co/I6AnEnktaf', 'Use', 'GET50GGL', 'Save', '50', '%', '#', 'amazingdeals', 'https', ':', '//t.co/IVZWSbgGKH', '#', 'giveaway'];"Awesome Deal on Grill Master Gloves (Grey)!!! 
Use GET50GGL Save 50% #amazingdeals  #giveaway";True;139;26;False;True;True;0.0;False;0.17985611510791366;True;False;neg;1.0;1468;1051;13;563;False;True;False;0.0
860073563579179008;"['Wow', '!', 'entered', 'chance', 'win', '``', '18k', 'White', 'Gold', 'Plated', 'Cubic', 'Zirconia', '...', ""''"", 'ORROUS', '&', 'amp', ';', 'CO', 'Legac', '...', '.', 'https', ':', '//t.co/CUZIuJ5utk', '#', 'giveaway']";"Wow! I just entered for a chance to win ""18k White Gold Plated Cubic Zirconia..."" by ORROUS &amp; CO Legac....  #giveaway";False;144;27;False;True;False;0.0;True;0.14583333333333334;True;False;pos;1.0;1348;187;7;235;False;False;False;0.0
860073566510960642;"['EU', 'accepts', 'Amazon', ""'s"", 'e-book', 'commitments', 'https', ':', '//t.co/OAZhBaYbtF']";EU accepts Amazon's e-book commitments ;False;62;9;False;False;False;0.0;False;0.14516129032258066;False;False;neg;1.0;1920;677054;10212;13;False;True;False;0.0
860073569782550528;"['entered', 'giveaway', 'chance', 'win', '``', 'Pet', 'Dog', 'Nylon', 'LED', 'Harness', 'Night', 'Safety', 'LED', 'Lig', '...', ""''"", 'I-Fashion', '.', 'https', ':', '//t.co/Ps0jXmeWS5', '#', 'giveaway']";"I entered a giveaway for a chance to win ""Pet Dog Nylon LED Harness Night Safety LED Lig..."" by I-Fashion.  #giveaway";False;140;23;False;False;False;0.0;True;0.14285714285714285;True;False;pos;1.0;2974;37792;608;1113;False;False;False;0.0
860073570365558784;"['entered', 'giveaway', 'chance', 'win', '``', 'U.V', 'PROTECTION', 'iCOVER', '60', 'Inch', 'Heavy-Duty', 'water', 'pr', '...', ""''"", 'iCover', '.', 'https', ':', '//t.co/tayKG967ob', '#', 'giveaway']";"I entered a giveaway for a chance to win ""U.V PROTECTION iCOVER 60 Inch Heavy-Duty water pr..."" by iCover.  #giveaway";True;140;22;False;False;False;0.0;True;0.17142857142857143;True;False;pos;1.0;701;240;21;630;False;False;False;0.0
860073573117026305;"['listed', ':', ""'No.507"", 'Juan', 'Sebastian', 'Veron', 'Argentina', '-', 'France', '98', '-', 'Panini', ""'"", ',', '4.99', 'via', '@', 'amazon', 'https', ':', '//t.co/wgGAE6DTat']";I have just listed: 'No.507 Juan Sebastian Veron of Argentina - France 98 - Panini', for 4.99 via @amazon ;False;129;21;False;False;False;0.0;True;0.10077519379844961;False;True;pos;0.6;760;6596;0;0;False;False;False;0.0
860073576875134976;['Chamfind', '#', 'Bluetooth', '#', 'Headphones', 'V4.2', 'Wireless', 'Magnetic', '#', 'Sports', '#', '...', 'https', ':', '//t.co/f7bpAxzwvN', '#', 'deals', 'https', ':', '//t.co/hvkKmI312a'];Chamfind #Bluetooth #Headphones  V4.2 Wireless Magnetic #Sports with #...  #deals ;False;128;20;False;False;False;0.0;False;0.0859375;True;True;neg;1.0;666;11793;2936;5001;False;True;True;0.0
860073577059627008;['EU', 'accepts', 'Amazon', 'e-book', 'commitments', 'settle', 'antitrust', 'case', 'https', ':', '//t.co/uPIGwY09Og', 'https', ':', '//t.co/NpbvgZM50w'];EU accepts Amazon e-book commitments to settle antitrust case  ;False;109;14;False;False;False;0.0;False;0.10091743119266056;False;False;neg;1.0;2981;32192;116;29;False;True;True;0.0
860073577290227712;['Amazon', 'Red', 'Hat', 'Plan', 'Bridge', 'Data', 'Centers', '-', 'https', ':', '//t.co/VrqYsVamum'];How Amazon and Red Hat Plan to Bridge Data Centers - ;False;76;11;False;False;False;0.0;False;0.14473684210526316;False;False;neg;1.0;1954;160337;868;717;False;True;True;0.0
860073577466540032;"['@', 'thinkgeek', 'Packages', 'arrived', '!', '!', '!', '!', 'amazing', '!', '!', '!', '(', 'Beat', 'pants', 'co-workers', 'Amazon', 'order', ')', '.', ""'ll"", 'send', 'pics…', 'https', ':', '//t.co/EH1TIm2omd']";@thinkgeek Packages arrived!!!! You are amazing!!! (Beat the pants off my co-workers Amazon order). I'll send pics… ;False;139;26;False;True;True;0.0;True;0.06474820143884892;False;True;pos;1.0;3089;13772;2642;1269;False;True;True;0.0
860073581044215809;['Kindly', 'order', 'book', 'Amazon', 'link', '--', '-https', ':', '//t.co/h6X7ni14Na…/…/ref=cm_sw_r_wa_api_i_CpW9ybHAB2VGN', 'Pl', 'watch-…', 'https', ':', '//t.co/exjVoY6QTJ'];"Kindly order the book through Amazon link---
Pl watch-… ";False;140;14;False;False;False;0.0;False;0.12857142857142856;False;True;neg;1.0;638;49;37;64;False;False;False;0.0
860073585557118976;['#', 'Album', '#', 'TopMusicFrance', '#', '2', ':', 'Take', 'Five', '(', 'Amazon', 'Edition', ')', ':', 'Take', 'Five', '(', 'Amazon', 'Edition', ')', 'Dave…', 'https', ':', '//t.co/o28uxetsJj', '#', 'TopJazz', '#', 'Amazon', '#', 'France'];#Album #TopMusicFrance #2: Take Five (Amazon Edition): Take Five (Amazon Edition) The Dave…  #TopJazz #Amazon #France;False;140;30;False;False;False;0.0;False;0.1357142857142857;True;False;neg;1.0;1833;614038;1112;5;False;True;True;0.0
860073586299518976;['https', ':', '//t.co/atI2kXUwnb', 'Get', 'free', 'Amazon', 'Kindle', 'fire', 'Customer', 'Service', '1-850-316-4893', '#', 'ContactNumberforKindle', '#', 'Kindlefirecontactnumber'];"
Get the free Amazon Kindle fire Customer Service 1-850-316-4893 
#ContactNumberforKindle
#Kindlefirecontactnumber";False;137;15;False;False;False;0.0;False;0.08759124087591241;True;True;neg;1.0;367;1497;1;1;False;False;False;0.0
860073589218738176;['#', 'Album', '#', 'TopMusicSpain', '#', '7', ':', 'Dark', 'Night', 'Soul', '[', 'Vinilo', ']', ':', 'Dark', 'Night', 'Soul…', 'https', ':', '//t.co/oiTwxHehBA', '#', 'TopBlues', '#', 'Amazon', '#', 'España'];#Album #TopMusicSpain #7: Dark Night Of The Soul [Vinilo]: Dark Night Of The Soul…  #TopBlues #Amazon #España;False;132;26;False;False;False;0.0;False;0.17424242424242425;True;False;pos;0.6;1833;614039;1112;5;False;True;True;0.0
860073590116552705;['HOT?AWESOME', '#', 'VAMPIRE?', '#', 'FANTASY', '@', 'Melabeth2012', '??MELABETH', 'VAMPIRE??', '#', 'IARTG', '#', 'ASMSG', '#', 'IAN1', 'https', ':', '//t.co/CBtM8BvMJh', 'https', ':', '//t.co/rhTNjBb2BN'];"HOT?AWESOME
#VAMPIRE?#FANTASY
@Melabeth2012
??MELABETH THE VAMPIRE??
#IARTG #ASMSG #IAN1
 ";False;136;21;False;False;False;0.0;False;0.49264705882352944;True;True;pos;1.0;766;47086;12780;9021;False;True;True;4.0
860074029285343232;"['listed', ':', ""'No.465"", 'Gary', 'Neville', 'England', '-', 'France', '98', '-', 'Panini', ""'"", ',', '4.99', 'via', '@', 'amazon', 'https', ':', '//t.co/ZE4Qvk0E7T']";I have just listed: 'No.465 Gary Neville of England - France 98 - Panini', for 4.99 via @amazon ;False;119;20;False;False;False;0.0;True;0.10084033613445378;False;True;pos;0.6;760;6605;0;0;False;False;False;0.0
860074034033250304;['#', 'Vaejume', 'finally', 'available', 'buy', 'via', '@', 'AmazonUK', '!', '#', 'TheSirinChronicls', '#', 'IndieBooksPromo', '#', 'fantasy', '#', 'IndieBooksBlast', 'https', ':', '//t.co/PlM1bEDnSG'];"#Vaejume is finally available to buy via @AmazonUK!
#TheSirinChronicls #IndieBooksPromo #fantasy #IndieBooksBlast
";False;137;20;False;True;False;0.0;False;0.1386861313868613;True;True;pos;1.0;2893;12384;225;135;False;True;True;3.0
860074035610361856;"['@', 'midlife_kitchen', '@', 'amazon', '@', 'waitrose', '@', 'mimispencer1', '@', 'SamRice100', '@', 'Octopus_Books', 'Congratulations', '@', 'mimispencer1', '&', 'amp', ';', '…', 'https', ':', '//t.co/uTeFR8rln9']";"@midlife_kitchen @amazon @waitrose @mimispencer1 @SamRice100 @Octopus_Books Congratulations @mimispencer1 &amp;… ";False;136;22;False;False;False;0.0;False;0.058823529411764705;False;True;pos;0.6;714;3761;727;674;False;True;True;0.0
860074035761336321;['#', 'Clean', '#', 'Historical', '#', 'romance', 'CHANCE', 'LIFETIME', 'https', ':', '//t.co/f1Fo0KEPHs', 'https', ':', '//t.co/YUE69WRwG2', 'https', ':', '//t.co/NubEF2hIiZ'];"#Clean #Historical #romance
CHANCE OF A LIFETIME


";False;120;17;False;False;False;0.0;False;0.2916666666666667;True;True;neg;1.0;2666;481357;72565;66259;False;True;True;0.0
860074035962679296;['#', 'Obamacare', 'Pipes', 'Plan', ':', 'Top', 'Ten', 'Ways', 'Dismantle', 'Replace', 'Obamacare', 'https', ':', '//t.co/BFJXSpVcYV'];#Obamacare The Pipes Plan: The Top Ten Ways to Dismantle and Replace Obamacare ;False;102;14;False;False;False;0.0;False;0.18627450980392157;True;True;neg;1.0;396;88784;16;24;False;False;False;0.0
860074036969263104;"['Wow', '!', 'entered', 'chance', 'win', '``', 'Etronic', 'M6', 'Self', 'Coiling', 'Resettable', 'Combination', 'Bi', '...', ""''"", 'Etronic', '.', 'https', ':', '//t.co/bGpcXGegHR', '#', 'giveaway']";"Wow! I just entered for a chance to win ""Etronic M6 Self Coiling Resettable Combination Bi..."" by Etronic.  #giveaway";False;140;22;False;True;False;0.0;True;0.10714285714285714;True;False;pos;1.0;1698;7899;531;4678;False;False;False;0.0
860074038659567616;"['#', '99cents', ""''"", 'Right', '#', 'TheNotebook', '.', ""''"", '-', 'review', 'HEARTS', '#', 'HANUKKAH', '#', 'romance', '?', 'https', ':', '//t.co/2yXOCbok7a', 'https', ':', '//t.co/bqxV8VXypV']";"#99cents
""Right up there with #TheNotebook."" - review
HEARTS OF #HANUKKAH
#romance
? 
";False;132;22;False;False;False;0.0;False;0.19696969696969696;True;True;neg;1.0;2666;481358;72565;66259;False;True;True;0.0
860074040962240512;['FINDING', 'JESSIE', '@', 'EvePaludan', '#', 'gothic', '#', 'romance', 'US', '?', 'https', ':', '//t.co/XJOYUy19gm', 'UK', '?', 'https', ':', '//t.co/05mtxQ5Hs3', 'https', ':', '//t.co/xB4Qk1AvJk'];"FINDING JESSIE by @EvePaludan
#gothic #romance
US ? 
UK ? 
";False;128;21;False;False;False;0.0;False;0.234375;True;True;pos;1.0;2666;481359;72565;66259;False;True;True;0.0
860074041658494977;['buying', '@', 'amazon', ',', 'watching', '@', 'hulu', ',', 'gon', 'na', 'get', 'copy', '.', '#', 'GrabYourWallet', 'https', ':', '//t.co/KpAl4maBfP'];Not buying from @amazon, but after watching on @hulu, gonna get a copy for myself. #GrabYourWallet ;False;122;18;False;False;False;0.0;True;0.06557377049180328;True;True;neg;0.6;2998;14077;439;579;False;True;True;0.0
860074044883959808;"['Ninja', 'Girl', 'Cookie', ""O'Gorman"", '!', 'Check', 'blog', 'tour', 'chance', '#', 'WIN', 'Amazon', 'gift', 'card', '!', 'https', ':', '//t.co/3cG34R1sNk']";Ninja Girl by Cookie O'Gorman is out now! Check out the blog tour for a chance to #WIN an Amazon gift card! ;False;131;18;False;True;True;0.0;False;0.09923664122137404;True;False;pos;0.6;1327;41511;2001;3834;False;True;False;0.0
860074046062567430;['Seven', 'Ways', 'Earn', 'Money', 'Amazon', '...', 'https', ':', '//t.co/tXMVqtzO7I'];Seven Ways You Can Earn Money with Amazon... ;False;68;9;False;False;False;0.0;True;0.17647058823529413;False;False;neg;1.0;3691;493262;1673628;1;False;True;True;7.0
860074047698161664;['#', 'Song', '#', 'TopMusicGermany', '#', '9', ':', 'Lamentations', 'Heart', ':', 'Lamentations', 'Heart…', 'https', ':', '//t.co/U1EVtBZ919', '#', 'TopNewAge', '#', 'Amazon', '#', 'Deutschland'];#Song #TopMusicGermany #9: Lamentations of the Heart: Lamentations of the Heart…  #TopNewAge #Amazon #Deutschland;False;136;21;False;False;False;0.0;False;0.1323529411764706;True;False;neg;1.0;1833;614072;1112;5;False;True;True;0.0
860074047710691328;['scooter-riding', 'bookseller', 'better', 'Amazon', 'could', 'ever', 'https', ':', '//t.co/mNZm3qGkut', 'via', '@', 'scroll_in'];A scooter-riding bookseller who is better than Amazon could ever be  via @scroll_in;False;106;12;False;False;False;0.0;False;0.04716981132075472;False;False;pos;1.0;2703;323;114;462;False;True;False;0.0
860074052857102337;"['EU', 'accepts', 'Amazon', ""'s"", 'e-book', 'commitments', ':', 'BRUSSELS', '(', 'AP', ')', '--', 'European', 'Union', ""'s"", 'competition', 'watchdog', 'says', '...', 'https', ':', '//t.co/q6LItvW6fa']";EU accepts Amazon's e-book commitments: BRUSSELS (AP) -- The European Union's competition watchdog says it... ;False;133;22;False;False;False;0.0;True;0.14285714285714285;False;False;neg;1.0;2728;508223;1493;2;False;True;True;0.0
860074055654756352;['#', 'Song', '#', 'TopMusicGermany', '#', '6', ':', 'Time', 'Say', 'Goodbye', ':', 'Time', 'Say', 'Goodbye…', 'https', ':', '//t.co/07HE3gxlTW', '#', 'TopNewAge', '#', 'Amazon', '#', 'Deutschland'];#Song #TopMusicGermany #6: A Time to Say Goodbye: A Time to Say Goodbye…  #TopNewAge #Amazon #Deutschland;False;128;23;False;False;False;0.0;False;0.1640625;True;False;neg;1.0;1833;614074;1112;5;False;True;True;0.0
860074055680000000;['Lightweight', 'Tent', 'Camping', 'https', ':', '//t.co/lMRv43ruDw', 'https', ':', '//t.co/iIq4628LcR', '#', 'giveaway'];Lightweight Tent for Camping   #giveaway;True;86;11;False;False;False;0.0;False;0.10465116279069768;True;False;pos;1.0;45;938;25;542;False;False;False;0.0
860074057802371072;['Win', 'book', 'Red-tailed', 'Hawk', '@', 'nanschoellkopf', '+', '$', '20', 'Amazon', 'GC', '@', 'iReadBookTours', '#', 'womensfiction', '#', 'giveaway', 'https', ':', '//t.co/yuQRLGtLES'];Win book Red-tailed Hawk by @nanschoellkopf + $20 Amazon GC @iReadBookTours #womensfiction #giveaway ;True;124;20;False;False;False;0.0;False;0.12903225806451613;True;False;neg;0.6;1825;262639;454;2090;False;False;False;
860074059509321728;['#', 'Album', '#', 'TopMusicItaly', '#', '6', ':', 'Call', 'Wild', ':', 'Call', 'Wild', 'Dezperadoz', '|', 'Formato', ':', 'Musica…', 'https', ':', '//t.co/tLON4atFQc', '#', 'TopRock', '#', 'Amazon', '#', 'Italia'];#Album #TopMusicItaly #6: Call of the Wild: Call of the Wild Dezperadoz | Formato: Musica…  #TopRock #Amazon #Italia;False;139;26;False;False;False;0.0;False;0.14388489208633093;True;False;neg;0.8;1833;614075;1112;5;False;True;True;0.0
860074059916353537;['Win', 'book', 'Red-tailed', 'Hawk', '@', 'nanschoellkopf', '+', '$', '20', 'Amazon', 'GC', '@', 'iReadBookTours', '#', 'womensfiction', '#', 'giveaway', 'https', ':', '//t.co/Ltp4Ifbz9c'];Win book Red-tailed Hawk by @nanschoellkopf + $20 Amazon GC @iReadBookTours #womensfiction #giveaway ;True;124;20;False;False;False;0.0;False;0.08870967741935484;True;False;neg;0.6;1825;262640;454;2090;False;False;False;0.0
860074061535338496;"['entered', 'giveaway', 'chance', 'win', '``', 'U.V', 'PROTECTION', 'iCOVER', '60', 'Inch', 'Heavy-Duty', 'water', 'pr', '...', ""''"", 'iCover', '.', 'https', ':', '//t.co/WFGDfflIQD', '#', 'giveaway']";"I entered a giveaway for a chance to win ""U.V PROTECTION iCOVER 60 Inch Heavy-Duty water pr..."" by iCover.  #giveaway";True;140;22;False;False;False;0.0;True;0.20714285714285716;True;False;pos;1.0;145;74;0;108;False;False;False;0.0
860074061585633280;['European', 'Commission', 'said', 'Thursday', 'accepted', 'commitments', 'U.S.', 'online', 'retailer', 'Amazon', 'alter', 'e-book', 'contracts', 'publ…'];The European Commission said on Thursday it had accepted commitments by U.S. online retailer Amazon to alter its e-book contracts with publ…;False;140;14;False;False;False;0.0;True;0.05;False;False;neg;1.0;1242;218693;1267;90;False;True;True;0.0
860074062877409281;['#', 'Album', '#', 'TopMusicItaly', '#', '5', ':', 'Firesoul', ':', 'Firesoul', 'Helker', '|', 'Formato', ':', 'Musica', 'MP3', 'Disponibile', 'da', ':', '…', 'https', ':', '//t.co/hucGJD0hGV', '#', 'TopRock', '#', 'Amazon', '#', 'Italia'];#Album #TopMusicItaly #5: Firesoul: Firesoul Helker | Formato: Musica MP3 Disponibile da:…  #TopRock #Amazon #Italia;False;139;29;False;False;False;0.0;False;0.1510791366906475;True;False;neg;0.6;1833;614076;1112;5;False;True;True;0.0
860074062936236032;['Amazon', 'Web', 'Services', 'https', ':', '//t.co/l8YBW2u671'];Amazon Web Services ;False;43;6;False;False;False;0.0;False;0.13953488372093023;False;False;neg;1.0;1333;886;2092;1599;False;True;True;3.0
860074066895450112;['#', 'Album', '#', 'TopMusicItaly', '#', '3', ':', 'Secret', 'World', '(', 'Live', ')', ':', 'Secret', 'World', '(', 'Live', ')', 'Peter', 'Gabriel', '|…', 'https', ':', '//t.co/yXUYwRdJmI', '#', 'TopRock', '#', 'Amazon', '#', 'Italia'];#Album #TopMusicItaly #3: Secret World (Live): Secret World (Live) Peter Gabriel |…  #TopRock #Amazon #Italia;False;132;30;False;False;False;0.0;False;0.16666666666666666;True;False;neg;1.0;1833;614077;1112;5;False;True;True;0.0
860074070314037248;['Amazon', 'India', 'open', '7', 'new', 'warehouses', '#', 'Haryana', 'Amazon', 'open', '14', 'FCs', 'India', 'end', 'year', ',', 'added', 'Sax…', 'https', ':', '//t.co/xgljakD4kL'];Amazon India to open 7 new warehouses #Haryana Amazon will open 14 FCs in India by the end of this year, added Sax… ;False;139;21;False;False;False;0.0;False;0.07194244604316546;True;False;pos;0.6;667;1643301;731;9;False;True;True;0.0
860074071261945857;"['5-stars', '.', ""'This"", 'clever', 'story', ',', 'rather', 'cerebral', 'detective', 'stories', '.', ""'"", '--', 'Amazon', 'Top', '50', 'reviewer.…', 'https', ':', '//t.co/Lczgz8P69N']";5-stars. 'This is a clever story, rather more cerebral than most detective stories.' -- Amazon Top 50 reviewer.… ;False;136;20;False;False;False;0.0;True;0.04411764705882353;False;True;pos;1.0;2148;3478;1455;838;False;True;True;0.0
860074072935460865;['Search', 'Amazon', ',', 'Tony', 'Kreit', 'first', 'ever', 'book', '.', 'Road', 'Ran', '.', 'good', 'value', 'either', 'paperback', 'Kindle.?'];Search Amazon under, Tony Kreit for my first ever book. A Road Ran Through It. Very good value in either paperback or Kindle.?;False;126;17;False;False;False;0.568;True;0.0873015873015873;False;False;pos;1.0;873;11;3;45;False;False;False;0.0
860077668548718592;"['Wow', '!', 'entered', 'giveaway', 'chance', 'win', '``', 'Savvy', 'Infusion', 'Water', 'Bottle', ""''"", '.', 'https', ':', '//t.co/zYNMvURd55', '#', 'giveaway']";"Wow! I just entered a giveaway for a chance to win a ""Savvy Infusion Water Bottle"".  #giveaway";True;117;18;False;True;False;0.0;True;0.09401709401709402;True;False;pos;1.0;133;774;16;531;False;False;False;0.0
860077677784465408;['New', 'Music', ':', 'KAÏ’s', 'new', 'studio', 'album', '“', 'Champion', '“', 'available', 'online', ',', 'get', 'iTunes', '-', 'amazon', 'apple', 'music', '...', 'https', ':', '//t.co/QKghzO7cF6'];New Music: KAÏ’s  new studio album “ Champion “ is available online now, get it on iTunes - amazon or apple music... ;False;140;23;False;False;False;0.0;True;0.07857142857142857;False;False;neg;1.0;2825;46432;6758;331;False;True;True;0.0
860077684218396672;['?-Carrying', 'future', '(', 'CD', ')', '-', 'https', ':', '//t.co/Xh9F5iWY88', '#', '????', '#', '?????????????', '#', '??????'];?-Carrying the future(CD)-  #???? #????????????? #??????;False;79;15;False;False;False;0.0;False;0.08860759493670886;True;True;pos;1.0;1764;1170081;35073;27490;False;False;False;0.0
860077693215395840;['#', 'amazon', '#', 'giftcard', '#', 'free', 'Get', 'Free', 'Amazon', 'Gift', 'card', 'today', '-', 'Thousands', 'Free', 'Cards', 'Daily', '.', 'https', ':', '//t.co/zoIeGNWTAo', 'https', ':', '//t.co/kfdWgyhOYh'];#amazon #giftcard #free Get a Free Amazon Gift card today - Thousands of Free Cards Daily.  ;False;138;24;False;False;False;0.0;False;0.12318840579710146;True;False;neg;1.0;38;60026;2;40;False;True;True;0.0
860077695216046080;['Awesome', 'Deal', 'Grill', 'Master', 'Gloves', '(', 'Grey', ')', '!', '!', '!', 'https', ':', '//t.co/ZwTsmHn7nT', 'Use', 'GET50GGL', 'Save', '50', '%', '#', 'amazingdeals', 'https', ':', '//t.co/cDJTna0EqH', '#', 'giveaway'];"Awesome Deal on Grill Master Gloves (Grey)!!! 
Use GET50GGL Save 50% #amazingdeals  #giveaway";True;139;26;False;True;True;0.0;False;0.16546762589928057;True;False;neg;1.0;83;812;10;467;False;False;False;0.0
860077702715510784;['Hey', 'guys', 'go', 'check', '@', 'Feintgwp', 'give', 'away', '!', 'giving', 'away', '$', '25', 'amazon', 'gift', 'card', 'month', '!', 'https', ':', '//t.co/GTFUkY8cbQ', '#', 'FeintGiveaway'];Hey guys go check out @Feintgwp s give away! he is giving away a $25 amazon gift card this month!  #FeintGiveaway;False;136;23;False;True;True;0.0;True;0.07352941176470588;True;False;neg;0.6;616;47824;207;2863;False;False;False;0.0
860077703424331777;"['Wow', '!', 'entered', 'chance', 'win', '``', 'LuxeJoie', 'Activated', 'Charcoal', 'Masque', 'infused', '...', ""''"", 'LuxeJoie', '.', 'https', ':', '//t.co/iNfPaZcePv', '#', 'giveaway']";"Wow! I just entered for a chance to win ""LuxeJoie Activated Charcoal Masque infused with ..."" by LuxeJoie.  #giveaway";False;140;20;False;True;False;0.0;True;0.09285714285714286;True;False;pos;1.0;3154;16778;470;498;False;False;True;0.0
860077705831870464;['@', 'BD_help', 'plan', 'anything', 'feedback', 'like', '@', 'Amazon', 'says', 'takes', 'notice', '.'];@BD_help Do you plan on doing anything with my feedback or is it like @Amazon that says that and takes no notice.;False;113;12;False;False;False;0.0;True;0.035398230088495575;False;False;neg;1.0;2056;55115;758;979;False;True;False;0.0
860077705953288192;['May', '4th', 'promotions', 'Amazon', ',', 'Target', ',', 'Fifth', 'Sun', '!', 'https', ':', '//t.co/l6LmvHI5pr', '#', '501stGGG', 'https', ':', '//t.co/a8macRpAok'];May the 4th promotions from Amazon, Target, Fifth Sun and more!  #501stGGG ;False;121;18;False;True;False;0.0;False;0.10743801652892562;True;False;neg;0.8;2637;5272;3451;266;False;True;True;0.0
860077706339385344;"['Kaleidoscope-Coloursof', 'Life', 'tapestry', 'suggestive', 'poignant', 'thoughts', '&', 'amp', ';', 'ideologies', '#', 'IARTG', '#', 'RRBC', '#', 'InspireCourage…', 'https', ':', '//t.co/b8iHOZHVWB']";"Kaleidoscope-Coloursof Life is a tapestry of suggestive poignant thoughts&amp; ideologies
#IARTG #RRBC #InspireCourage… ";False;143;19;False;False;False;0.0;False;0.14685314685314685;True;True;pos;0.6;1316;27055;10398;7109;False;True;True;3.0
860100017331343360;['View', 'Amazon', 'Add', 'cart', 'Amazon', 'Price', ':', '£45.00', '(', 'May', '4', ',', '2017', '11:37', 'https', ':', '//t.co/6ZC3vS6BtZ'];View on Amazon Add to cart Amazon Price: £45.00 (as of May 4, 2017 11:37 am ;False;99;17;False;False;False;0.0;False;0.1111111111111111;False;False;neg;1.0;33;71;3;31;False;False;False;0.0
860100017578790912;['#', 'Win', '$', '50', '#', 'Amazon', '#', 'GiftCard', 'great', '#', 'Books', '#', 'Giveaway', '#', 'Competition', ':', 'https', ':', '//t.co/mK5kY8m6Mi'];#Win a $50 #Amazon #GiftCard in this great #Books #Giveaway #Competition: ;False;97;19;False;False;False;0.0;False;0.10309278350515463;True;False;pos;1.0;514;69686;8747;5893;False;False;False;0.0
860100018006626304;"['Enter', '#', 'win', '$', '50', '#', 'Amazon', 'eGift', 'Card', '2nd', 'Annual', 'Mother', ""'s"", 'Day', '#', 'Giveaway', '@', 'southernmomlove', '!', 'https', ':', '//t.co/dylQm3SY5Q']";Enter to #win a $50 #Amazon eGift Card in the 2nd Annual Mother's Day #Giveaway from @southernmomlove! ;False;126;22;False;True;False;0.0;False;0.09523809523809523;True;False;pos;1.0;514;69686;8747;5893;False;False;False;0.0
860100018962919424;"['entered', 'give', 'away', 'chance', 'win', 'Balla', 'Bébé', 'M1', 'Auto', 'Milk', 'Maker', 'Mother', ""'s"", 'Day', '.', 'Join', '!', 'https', ':', '//t.co/zQXCMExaoo', '#', 'giveaway']";I entered a give away for a chance to win Balla Bébé M1 Auto Milk Maker for Mother's Day. Join it now!  #giveaway;False;136;22;False;True;False;0.0;True;0.11029411764705882;True;False;pos;1.0;2978;1992;44;744;False;False;False;0.0
860100019067736064;['Add', 'cart', 'Amazon', 'Price', ':', '£139.00', '£93.00', 'save', ':', '£46.00', '(', '33', '%', ')', '.', '(', 'May', '4', ',', '2017', '11:49', 'Details', ')', '.', 'Product', 'pr', 'https', ':', '//t.co/Blr5CCvi4H'];Add to cart Amazon Price: £139.00 £93.00 You save: £46.00 (33%). (as of May 4, 2017 11:49 AM Details). Product pr ;False;137;29;False;False;False;0.0;True;0.0948905109489051;False;False;pos;0.6;3193;6232;136;82;False;True;True;0.0
860100020732911616;"['Enter', 'Win', '$', '100', 'Starbucks', '&', 'amp', ';', 'Star', 'Wars', 'mug', '!', '??', '??', 'https', ':', '//t.co/CvOBTuCiYi', '??', 'https', ':', '//t.co/bjoO7KtgHD', 'https', ':', '//t.co/nvFw6H7M6c', '#', 'giveaway']";"Enter to Win $100 Starbucks &amp; Star Wars mug!
??
?? 
??
  #giveaway";True;139;26;False;True;False;0.0;False;0.12949640287769784;True;False;pos;0.6;473;632;32;648;False;False;False;0.0
860100025304723456;['Lightweight', 'Tent', 'Camping', 'https', ':', '//t.co/lJgJLsGBrG', 'https', ':', '//t.co/gQuE6bhB58', '#', 'giveaway'];Lightweight Tent for Camping   #giveaway;True;86;11;False;False;False;0.0;False;0.13953488372093023;True;False;pos;1.0;56;66;3;175;False;True;False;0.0
860100026684538880;['EU', 'Formalizes', 'Amazon', 'eBook', 'Antitrust', 'Agreement', 'https', ':', '//t.co/HvW9w2ISYG'];EU Formalizes Amazon eBook Antitrust Agreement ;False;70;9;False;False;False;0.0;False;0.18571428571428572;False;False;neg;1.0;3226;20347;255128;148;False;True;True;0.0
860100028416888832;['?', 'Logitech', 'K400', '920-007119', 'Plus', 'Wireless', 'Touch', 'Keyboard', 'Keyboard', 'TV', 'Connected', 'Computer', '???', 'https', ':', '//t.co/WkRqSLS1w3'];?  Logitech K400 920-007119 Plus Wireless Touch Keyboard with Keyboard for TV Connected Computer ??? ;False;124;16;False;False;False;0.568;False;0.12903225806451613;False;True;neg;1.0;49;302;93;67;False;True;True;0.0
860100028785995776;['Sexy', 'glamour', ',', 'romantic', 'encounter', '!', 'Lucky', 'you.Awesome', 'spice', '!', 'https', ':', '//t.co/r8HjXPrRAi', '#', 'giveaway'];Sexy glamour, is a romantic encounter! Lucky as you.Awesome spice!  #giveaway;True;100;15;False;True;True;0.0;False;0.08;True;False;pos;1.0;16;57;2;47;False;False;False;0.0
860100030061039617;"['entered', 'giveaway', 'chance', 'win', '``', 'Female', 'Cosmetic', 'Genital', 'Surgery', ':', 'Co', '...', ""''"", 'Christine', 'Hamori', '...', '.', 'https', ':', '//t.co/UqN6uhrcFO', '#', 'giveaway']";"I entered a giveaway for a chance to win ""Female Cosmetic Genital Surgery: Co..."" by Christine Hamori ....  #giveaway";True;140;22;False;False;False;0.0;True;0.08571428571428572;True;False;pos;1.0;141;3268;70;1631;False;True;True;0.0
860100030987894784;"['??', 'Life', ""'s"", 'Beach', 'Giveaway', 'Hop', '!', 'Enter', 'win', '$', '20', 'Amazon', 'Gift', 'Card', '@', 'candidcover', '!', 'https', ':', '//t.co/NGniZABMAs', 'https', ':', '//t.co/CWUukTdHY6']";?? Life's a Beach Giveaway Hop! Enter to win a $20 Amazon Gift Card from @candidcover!  ;False;134;23;False;True;True;0.0;False;0.15671641791044777;False;False;pos;1.0;1718;83304;1374;4671;False;False;False;0.0
860100034356019200;"['COACH', 'Women', ""'s"", 'Melodie', 'Pink', 'Semi', 'Matte', 'Calf', 'Sandal', 'Coach', 'https', ':', '//t.co/DBg7T6EW2m', 'https', ':', '//t.co/3ohfjNdbFE']";COACH Women's Melodie Pink Semi Matte Calf Sandal Coach  ;False;103;16;False;False;False;0.0;False;0.20388349514563106;False;True;neg;1.0;571;109;7;54;False;False;False;0.0
860100034385326080;['Listen', '1', '#', 'Amazon', '#', 'book', '#', 'coaching', '#', 'audiobook', 'https', ':', '//t.co/ryFT1Rthi0', '#', 'amreading…', 'https', ':', '//t.co/djOCCJtgYp'];Now you can Listen to the No 1 #Amazon #book on #coaching now an #audiobook  #amreading… ;False;135;18;False;False;False;0.0;True;0.08888888888888889;True;True;neg;1.0;748;137;13272;11058;False;True;True;2.0
860100036373475328;['Amazon’s', 'Alexa', 'voice', 'tech', 'available', 'build', 'chatbots', '#', 'chatbots', 'https', ':', '//t.co/pI1HnB4e8v', '-', 'bv'];Amazon’s Alexa voice tech is now available to build chatbots #chatbots  - bv;False;99;14;False;False;False;0.0;False;0.050505050505050504;True;False;pos;0.8;2171;3167;433;16;False;True;True;1.0
860100036499255296;['@', 'MikePDaTruth', '@', 'bmuny101', 'GameStop', 'usual', 'shenanigans', '?', '!', 'Lol', '.', 'check', 'Amazon', 'bro', '?', 'Sometimes', 'gi…', 'https', ':', '//t.co/bF4ESecZ8F'];@MikePDaTruth @bmuny101 GameStop up to the usual shenanigans?! Lol. Did you check Amazon too bro? Sometimes they gi… ;False;140;20;True;True;True;0.0;True;0.10714285714285714;False;True;pos;1.0;2756;9677;479;925;False;True;False;0.0
860100037338169344;"['@', 'notSoJunkDNA', '@', 'mnitabach', ""'ve"", 'never', 'bother', 'figure', ',', ""'ve"", 'stopped', 'logging', 'Amazon', 'AWS', 'time', 'flying']";@notSoJunkDNA @mnitabach I've never bother to figure it out, but I've been stopped from logging into Amazon AWS a few time while flying;False;135;16;False;False;False;0.0;True;0.08148148148148149;False;False;neg;0.6;1350;11347;1102;1179;False;True;False;0.0
860100039053586432;"['Enter', 'Win', '$', '100', 'Starbucks', '&', 'amp', ';', 'Star', 'Wars', 'mug', '!', '??', '??', 'https', ':', '//t.co/JZXru6377V', '??', 'https', ':', '//t.co/AAUlE2bvRm', 'https', ':', '//t.co/qQXQvw2I4G', '#', 'giveaway']";"Enter to Win $100 Starbucks &amp; Star Wars mug!
??
?? 
??
  #giveaway";True;139;26;False;True;False;0.0;False;0.1366906474820144;True;False;pos;0.6;2702;43892;4063;3941;False;True;True;
860100041121386496;"['entered', 'giveaway', 'chance', 'win', '``', 'Female', 'Cosmetic', 'Genital', 'Surgery', ':', 'Co', '...', ""''"", 'Christine', 'Hamori', '...', '.', 'https', ':', '//t.co/wjO6hqD89r', '#', 'giveaway']";"I entered a giveaway for a chance to win ""Female Cosmetic Genital Surgery: Co..."" by Christine Hamori ....  #giveaway";True;140;22;False;False;False;0.0;True;0.07142857142857142;True;False;pos;1.0;1397;1108;35;756;False;False;False;0.0
860100045206638592;"['Enter', 'Win', '$', '100', 'Starbucks', '&', 'amp', ';', 'Star', 'Wars', 'mug', '!', '??', '??', 'https', ':', '//t.co/I88TBo66tR', '??', 'https', ':', '//t.co/qQXQvw2I4G', '#', 'giveaway', 'https', ':', '//t.co/995ShuR3si']";"Enter to Win $100 Starbucks &amp; Star Wars mug!
??
?? 
??
  #giveaway ";False;140;26;False;True;False;0.0;False;0.11428571428571428;True;False;pos;0.6;2702;43893;4063;3941;False;True;True;0.0
