;name;url;query;city
1;#HSVBSC;http://twitter.com/search?q=%23HSVBSC;%23HSVBSC;Berlin
2;#SGESCF;http://twitter.com/search?q=%23SGESCF;%23SGESCF;Berlin
3;#Heldt;http://twitter.com/search?q=%23Heldt;%23Heldt;Berlin
4;#Lindenstrasse;http://twitter.com/search?q=%23Lindenstrasse;%23Lindenstrasse;Berlin
5;#pulseofeurope;http://twitter.com/search?q=%23pulseofeurope;%23pulseofeurope;Berlin
6;Deutsche Bank;http://twitter.com/search?q=%22Deutsche+Bank%22;%22Deutsche+Bank%22;Berlin
7;Eintracht;http://twitter.com/search?q=Eintracht;Eintracht;Berlin
8;Abseits;http://twitter.com/search?q=Abseits;Abseits;Berlin
9;Schiedsrichter;http://twitter.com/search?q=Schiedsrichter;Schiedsrichter;Berlin
10;Wirtschaftsminister;http://twitter.com/search?q=Wirtschaftsminister;Wirtschaftsminister;Berlin
11;Anh‰nger;http://twitter.com/search?q=Anh%C3%A4nger;Anh%C3%A4nger;Berlin
12;Anfang April;http://twitter.com/search?q=%22Anfang+April%22;%22Anfang+April%22;Berlin
13;Halbzeit;http://twitter.com/search?q=Halbzeit;Halbzeit;Berlin
14;Merkel die Grenze;http://twitter.com/search?q=%22Merkel+die+Grenze%22;%22Merkel+die+Grenze%22;Berlin
15;Zelda;http://twitter.com/search?q=Zelda;Zelda;Berlin
16;#Schmidt;http://twitter.com/search?q=%23Schmidt;%23Schmidt;Berlin
17;#SGFFCN;http://twitter.com/search?q=%23SGFFCN;%23SGFFCN;Berlin
18;#DSCAUE;http://twitter.com/search?q=%23DSCAUE;%23DSCAUE;Berlin
19;#RBLLOK;http://twitter.com/search?q=%23RBLLOK;%23RBLLOK;Berlin
20;#Nazi;http://twitter.com/search?q=%23Nazi;%23Nazi;Berlin
21;#PslFinalLahore;http://twitter.com/search?q=%23PslFinalLahore;%23PslFinalLahore;Berlin
22;#UKOpen;http://twitter.com/search?q=%23UKOpen;%23UKOpen;Berlin
23;#MyWeaknessIn3Words;http://twitter.com/search?q=%23MyWeaknessIn3Words;%23MyWeaknessIn3Words;Berlin
24;#FCBB_live;http://twitter.com/search?q=%23FCBB_live;%23FCBB_live;Berlin
25;#EUCS;http://twitter.com/search?q=%23EUCS;%23EUCS;Berlin
26;#Kreisliga;http://twitter.com/search?q=%23Kreisliga;%23Kreisliga;Berlin
27;#dkbhbl;http://twitter.com/search?q=%23dkbhbl;%23dkbhbl;Berlin
28;#goldenekamera;http://twitter.com/search?q=%23goldenekamera;%23goldenekamera;Berlin
29;#BMGS04;http://twitter.com/search?q=%23BMGS04;%23BMGS04;Berlin
30;#dopa;http://twitter.com/search?q=%23dopa;%23dopa;Berlin
31;#KOEFCB;http://twitter.com/search?q=%23KOEFCB;%23KOEFCB;Berlin
32;#TakeMeOut;http://twitter.com/search?q=%23TakeMeOut;%23TakeMeOut;Berlin
33;#gefragtgejagt;http://twitter.com/search?q=%23gefragtgejagt;%23gefragtgejagt;Berlin
34;#Wendt;http://twitter.com/search?q=%23Wendt;%23Wendt;Berlin
35;#Bertha17;http://twitter.com/search?q=%23Bertha17;%23Bertha17;Berlin
36;#DSDS;http://twitter.com/search?q=%23DSDS;%23DSDS;Berlin
37;#WeSupportLouis;http://twitter.com/search?q=%23WeSupportLouis;%23WeSupportLouis;Berlin
38;#Biathlon;http://twitter.com/search?q=%23Biathlon;%23Biathlon;Berlin
39;#TSGFCI;http://twitter.com/search?q=%23TSGFCI;%23TSGFCI;Berlin
40;#linkelpt;http://twitter.com/search?q=%23linkelpt;%23linkelpt;Berlin
41;#Ehefueralle;http://twitter.com/search?q=%23Ehefueralle;%23Ehefueralle;Berlin
42;#KCALieblingsvlogger;http://twitter.com/search?q=%23KCALieblingsvlogger;%23KCALieblingsvlogger;Berlin
43;#festundflauschig;http://twitter.com/search?q=%23festundflauschig;%23festundflauschig;Berlin
44;#gjhlmv;http://twitter.com/search?q=%23gjhlmv;%23gjhlmv;Berlin
45;#LIVARS;http://twitter.com/search?q=%23LIVARS;%23LIVARS;Berlin
46;#werderU23;http://twitter.com/search?q=%23werderU23;%23werderU23;Bremen
47;#BestFanArmy;http://twitter.com/search?q=%23BestFanArmy;%23BestFanArmy;Bremen
48;#HSVBSC;http://twitter.com/search?q=%23HSVBSC;%23HSVBSC;Bremen
49;#SGESCF;http://twitter.com/search?q=%23SGESCF;%23SGESCF;Bremen
50;#Heldt;http://twitter.com/search?q=%23Heldt;%23Heldt;Bremen
51;Deutsche Bank;http://twitter.com/search?q=%22Deutsche+Bank%22;%22Deutsche+Bank%22;Bremen
52;Eintracht;http://twitter.com/search?q=Eintracht;Eintracht;Bremen
53;Abseits;http://twitter.com/search?q=Abseits;Abseits;Bremen
54;Schiedsrichter;http://twitter.com/search?q=Schiedsrichter;Schiedsrichter;Bremen
55;Wirtschaftsminister;http://twitter.com/search?q=Wirtschaftsminister;Wirtschaftsminister;Bremen
56;Anh‰nger;http://twitter.com/search?q=Anh%C3%A4nger;Anh%C3%A4nger;Bremen
57;Anfang April;http://twitter.com/search?q=%22Anfang+April%22;%22Anfang+April%22;Bremen
58;Halbzeit;http://twitter.com/search?q=Halbzeit;Halbzeit;Bremen
59;Merkel die Grenze;http://twitter.com/search?q=%22Merkel+die+Grenze%22;%22Merkel+die+Grenze%22;Bremen
60;Zelda;http://twitter.com/search?q=Zelda;Zelda;Bremen
61;#Lindenstrasse;http://twitter.com/search?q=%23Lindenstrasse;%23Lindenstrasse;Bremen
62;#pulseofeurope;http://twitter.com/search?q=%23pulseofeurope;%23pulseofeurope;Bremen
63;#SGFFCN;http://twitter.com/search?q=%23SGFFCN;%23SGFFCN;Bremen
64;#sky90;http://twitter.com/search?q=%23sky90;%23sky90;Bremen
65;#DSCAUE;http://twitter.com/search?q=%23DSCAUE;%23DSCAUE;Bremen
66;#RBLLOK;http://twitter.com/search?q=%23RBLLOK;%23RBLLOK;Bremen
67;#Nazi;http://twitter.com/search?q=%23Nazi;%23Nazi;Bremen
68;#PslFinalLahore;http://twitter.com/search?q=%23PslFinalLahore;%23PslFinalLahore;Bremen
69;#UKOpen;http://twitter.com/search?q=%23UKOpen;%23UKOpen;Bremen
70;#FCBB_live;http://twitter.com/search?q=%23FCBB_live;%23FCBB_live;Bremen
71;#MyWeaknessIn3Words;http://twitter.com/search?q=%23MyWeaknessIn3Words;%23MyWeaknessIn3Words;Bremen
72;#EUCS;http://twitter.com/search?q=%23EUCS;%23EUCS;Bremen
73;#Kreisliga;http://twitter.com/search?q=%23Kreisliga;%23Kreisliga;Bremen
74;#Ehefueralle;http://twitter.com/search?q=%23Ehefueralle;%23Ehefueralle;Bremen
75;#dkbhbl;http://twitter.com/search?q=%23dkbhbl;%23dkbhbl;Bremen
76;#goldenekamera;http://twitter.com/search?q=%23goldenekamera;%23goldenekamera;Bremen
77;#BMGS04;http://twitter.com/search?q=%23BMGS04;%23BMGS04;Bremen
78;#dopa;http://twitter.com/search?q=%23dopa;%23dopa;Bremen
79;#KOEFCB;http://twitter.com/search?q=%23KOEFCB;%23KOEFCB;Bremen
80;#TakeMeOut;http://twitter.com/search?q=%23TakeMeOut;%23TakeMeOut;Bremen
81;#gefragtgejagt;http://twitter.com/search?q=%23gefragtgejagt;%23gefragtgejagt;Bremen
82;#Wendt;http://twitter.com/search?q=%23Wendt;%23Wendt;Bremen
83;#Bertha17;http://twitter.com/search?q=%23Bertha17;%23Bertha17;Bremen
84;#DSDS;http://twitter.com/search?q=%23DSDS;%23DSDS;Bremen
85;#WeSupportLouis;http://twitter.com/search?q=%23WeSupportLouis;%23WeSupportLouis;Bremen
86;#Biathlon;http://twitter.com/search?q=%23Biathlon;%23Biathlon;Bremen
87;#TSGFCI;http://twitter.com/search?q=%23TSGFCI;%23TSGFCI;Bremen
88;#linkelpt;http://twitter.com/search?q=%23linkelpt;%23linkelpt;Bremen
89;#KCALieblingsvlogger;http://twitter.com/search?q=%23KCALieblingsvlogger;%23KCALieblingsvlogger;Bremen
90;#festundflauschig;http://twitter.com/search?q=%23festundflauschig;%23festundflauschig;Bremen
91;#gjhlmv;http://twitter.com/search?q=%23gjhlmv;%23gjhlmv;Bremen
92;#LIVARS;http://twitter.com/search?q=%23LIVARS;%23LIVARS;Bremen
93;#BVBB04;http://twitter.com/search?q=%23BVBB04;%23BVBB04;Dortmund
94;#BMGS04;http://twitter.com/search?q=%23BMGS04;%23BMGS04;Dortmund
95;#Trump;http://twitter.com/search?q=%23Trump;%23Trump;Dortmund
96;#Erdogan;http://twitter.com/search?q=%23Erdogan;%23Erdogan;Dortmund
97;#HSVBSC;http://twitter.com/search?q=%23HSVBSC;%23HSVBSC;Dortmund
98;Deutsche Bank;http://twitter.com/search?q=%22Deutsche+Bank%22;%22Deutsche+Bank%22;Dortmund
99;Eintracht;http://twitter.com/search?q=Eintracht;Eintracht;Dortmund
100;Abseits;http://twitter.com/search?q=Abseits;Abseits;Dortmund
101;Schiedsrichter;http://twitter.com/search?q=Schiedsrichter;Schiedsrichter;Dortmund
102;Wirtschaftsminister;http://twitter.com/search?q=Wirtschaftsminister;Wirtschaftsminister;Dortmund
103;Anh‰nger;http://twitter.com/search?q=Anh%C3%A4nger;Anh%C3%A4nger;Dortmund
104;Anfang April;http://twitter.com/search?q=%22Anfang+April%22;%22Anfang+April%22;Dortmund
105;Halbzeit;http://twitter.com/search?q=Halbzeit;Halbzeit;Dortmund
106;Merkel die Grenze;http://twitter.com/search?q=%22Merkel+die+Grenze%22;%22Merkel+die+Grenze%22;Dortmund
107;Zelda;http://twitter.com/search?q=Zelda;Zelda;Dortmund
108;#SGESCF;http://twitter.com/search?q=%23SGESCF;%23SGESCF;Dortmund
109;#Heldt;http://twitter.com/search?q=%23Heldt;%23Heldt;Dortmund
110;#Lindenstrasse;http://twitter.com/search?q=%23Lindenstrasse;%23Lindenstrasse;Dortmund
111;#pulseofeurope;http://twitter.com/search?q=%23pulseofeurope;%23pulseofeurope;Dortmund
112;#SGFFCN;http://twitter.com/search?q=%23SGFFCN;%23SGFFCN;Dortmund
113;#DSCAUE;http://twitter.com/search?q=%23DSCAUE;%23DSCAUE;Dortmund
114;#Leverkusen;http://twitter.com/search?q=%23Leverkusen;%23Leverkusen;Dortmund
115;#RBLLOK;http://twitter.com/search?q=%23RBLLOK;%23RBLLOK;Dortmund
116;#PslFinalLahore;http://twitter.com/search?q=%23PslFinalLahore;%23PslFinalLahore;Dortmund
117;#UKOpen;http://twitter.com/search?q=%23UKOpen;%23UKOpen;Dortmund
118;#MyWeaknessIn3Words;http://twitter.com/search?q=%23MyWeaknessIn3Words;%23MyWeaknessIn3Words;Dortmund
119;#FCBB_live;http://twitter.com/search?q=%23FCBB_live;%23FCBB_live;Dortmund
120;#EUCS;http://twitter.com/search?q=%23EUCS;%23EUCS;Dortmund
121;#Kreisliga;http://twitter.com/search?q=%23Kreisliga;%23Kreisliga;Dortmund
122;#dkbhbl;http://twitter.com/search?q=%23dkbhbl;%23dkbhbl;Dortmund
123;#goldenekamera;http://twitter.com/search?q=%23goldenekamera;%23goldenekamera;Dortmund
124;#dopa;http://twitter.com/search?q=%23dopa;%23dopa;Dortmund
125;#KOEFCB;http://twitter.com/search?q=%23KOEFCB;%23KOEFCB;Dortmund
126;#TakeMeOut;http://twitter.com/search?q=%23TakeMeOut;%23TakeMeOut;Dortmund
127;#gefragtgejagt;http://twitter.com/search?q=%23gefragtgejagt;%23gefragtgejagt;Dortmund
128;#Wendt;http://twitter.com/search?q=%23Wendt;%23Wendt;Dortmund
129;#Bertha17;http://twitter.com/search?q=%23Bertha17;%23Bertha17;Dortmund
130;#DSDS;http://twitter.com/search?q=%23DSDS;%23DSDS;Dortmund
131;#WeSupportLouis;http://twitter.com/search?q=%23WeSupportLouis;%23WeSupportLouis;Dortmund
132;#Biathlon;http://twitter.com/search?q=%23Biathlon;%23Biathlon;Dortmund
133;#TSGFCI;http://twitter.com/search?q=%23TSGFCI;%23TSGFCI;Dortmund
134;#linkelpt;http://twitter.com/search?q=%23linkelpt;%23linkelpt;Dortmund
135;#Ehefueralle;http://twitter.com/search?q=%23Ehefueralle;%23Ehefueralle;Dortmund
136;#KCALieblingsvlogger;http://twitter.com/search?q=%23KCALieblingsvlogger;%23KCALieblingsvlogger;Dortmund
137;#festundflauschig;http://twitter.com/search?q=%23festundflauschig;%23festundflauschig;Dortmund
138;#gjhlmv;http://twitter.com/search?q=%23gjhlmv;%23gjhlmv;Dortmund
139;#LIVARS;http://twitter.com/search?q=%23LIVARS;%23LIVARS;Dortmund
140;#linkelpt;http://twitter.com/search?q=%23linkelpt;%23linkelpt;Dresden
141;#HSVBSC;http://twitter.com/search?q=%23HSVBSC;%23HSVBSC;Dresden
142;#SGESCF;http://twitter.com/search?q=%23SGESCF;%23SGESCF;Dresden
143;#Heldt;http://twitter.com/search?q=%23Heldt;%23Heldt;Dresden
144;#Lindenstrasse;http://twitter.com/search?q=%23Lindenstrasse;%23Lindenstrasse;Dresden
145;Deutsche Bank;http://twitter.com/search?q=%22Deutsche+Bank%22;%22Deutsche+Bank%22;Dresden
146;Eintracht;http://twitter.com/search?q=Eintracht;Eintracht;Dresden
147;Abseits;http://twitter.com/search?q=Abseits;Abseits;Dresden
148;Schiedsrichter;http://twitter.com/search?q=Schiedsrichter;Schiedsrichter;Dresden
149;Wirtschaftsminister;http://twitter.com/search?q=Wirtschaftsminister;Wirtschaftsminister;Dresden
150;Anh‰nger;http://twitter.com/search?q=Anh%C3%A4nger;Anh%C3%A4nger;Dresden
151;Anfang April;http://twitter.com/search?q=%22Anfang+April%22;%22Anfang+April%22;Dresden
152;Halbzeit;http://twitter.com/search?q=Halbzeit;Halbzeit;Dresden
153;Merkel die Grenze;http://twitter.com/search?q=%22Merkel+die+Grenze%22;%22Merkel+die+Grenze%22;Dresden
154;Zelda;http://twitter.com/search?q=Zelda;Zelda;Dresden
155;#pulseofeurope;http://twitter.com/search?q=%23pulseofeurope;%23pulseofeurope;Dresden
156;#Schmidt;http://twitter.com/search?q=%23Schmidt;%23Schmidt;Dresden
157;#SGFFCN;http://twitter.com/search?q=%23SGFFCN;%23SGFFCN;Dresden
158;#DSCAUE;http://twitter.com/search?q=%23DSCAUE;%23DSCAUE;Dresden
159;#RBLLOK;http://twitter.com/search?q=%23RBLLOK;%23RBLLOK;Dresden
160;#Nazi;http://twitter.com/search?q=%23Nazi;%23Nazi;Dresden
161;#PslFinalLahore;http://twitter.com/search?q=%23PslFinalLahore;%23PslFinalLahore;Dresden
162;#UKOpen;http://twitter.com/search?q=%23UKOpen;%23UKOpen;Dresden
163;#FCBB_live;http://twitter.com/search?q=%23FCBB_live;%23FCBB_live;Dresden
164;#MyWeaknessIn3Words;http://twitter.com/search?q=%23MyWeaknessIn3Words;%23MyWeaknessIn3Words;Dresden
165;#werderU23;http://twitter.com/search?q=%23werderU23;%23werderU23;Dresden
166;#EUCS;http://twitter.com/search?q=%23EUCS;%23EUCS;Dresden
167;#Kreisliga;http://twitter.com/search?q=%23Kreisliga;%23Kreisliga;Dresden
168;#Ehefueralle;http://twitter.com/search?q=%23Ehefueralle;%23Ehefueralle;Dresden
169;#dkbhbl;http://twitter.com/search?q=%23dkbhbl;%23dkbhbl;Dresden
170;#goldenekamera;http://twitter.com/search?q=%23goldenekamera;%23goldenekamera;Dresden
171;#BMGS04;http://twitter.com/search?q=%23BMGS04;%23BMGS04;Dresden
172;#dopa;http://twitter.com/search?q=%23dopa;%23dopa;Dresden
173;#KOEFCB;http://twitter.com/search?q=%23KOEFCB;%23KOEFCB;Dresden
174;#TakeMeOut;http://twitter.com/search?q=%23TakeMeOut;%23TakeMeOut;Dresden
175;#gefragtgejagt;http://twitter.com/search?q=%23gefragtgejagt;%23gefragtgejagt;Dresden
176;#Wendt;http://twitter.com/search?q=%23Wendt;%23Wendt;Dresden
177;#Bertha17;http://twitter.com/search?q=%23Bertha17;%23Bertha17;Dresden
178;#DSDS;http://twitter.com/search?q=%23DSDS;%23DSDS;Dresden
179;#WeSupportLouis;http://twitter.com/search?q=%23WeSupportLouis;%23WeSupportLouis;Dresden
180;#Biathlon;http://twitter.com/search?q=%23Biathlon;%23Biathlon;Dresden
181;#TSGFCI;http://twitter.com/search?q=%23TSGFCI;%23TSGFCI;Dresden
182;#KCALieblingsvlogger;http://twitter.com/search?q=%23KCALieblingsvlogger;%23KCALieblingsvlogger;Dresden
183;#festundflauschig;http://twitter.com/search?q=%23festundflauschig;%23festundflauschig;Dresden
184;#gjhlmv;http://twitter.com/search?q=%23gjhlmv;%23gjhlmv;Dresden
185;#LIVARS;http://twitter.com/search?q=%23LIVARS;%23LIVARS;Dresden
186;#HSVBSC;http://twitter.com/search?q=%23HSVBSC;%23HSVBSC;Dusseldorf
187;#SGESCF;http://twitter.com/search?q=%23SGESCF;%23SGESCF;Dusseldorf
188;#Heldt;http://twitter.com/search?q=%23Heldt;%23Heldt;Dusseldorf
189;#Lindenstrasse;http://twitter.com/search?q=%23Lindenstrasse;%23Lindenstrasse;Dusseldorf
190;#pulseofeurope;http://twitter.com/search?q=%23pulseofeurope;%23pulseofeurope;Dusseldorf
191;Deutsche Bank;http://twitter.com/search?q=%22Deutsche+Bank%22;%22Deutsche+Bank%22;Dusseldorf
192;Eintracht;http://twitter.com/search?q=Eintracht;Eintracht;Dusseldorf
193;Abseits;http://twitter.com/search?q=Abseits;Abseits;Dusseldorf
194;Schiedsrichter;http://twitter.com/search?q=Schiedsrichter;Schiedsrichter;Dusseldorf
195;Wirtschaftsminister;http://twitter.com/search?q=Wirtschaftsminister;Wirtschaftsminister;Dusseldorf
196;Anh‰nger;http://twitter.com/search?q=Anh%C3%A4nger;Anh%C3%A4nger;Dusseldorf
197;Anfang April;http://twitter.com/search?q=%22Anfang+April%22;%22Anfang+April%22;Dusseldorf
198;Halbzeit;http://twitter.com/search?q=Halbzeit;Halbzeit;Dusseldorf
199;Merkel die Grenze;http://twitter.com/search?q=%22Merkel+die+Grenze%22;%22Merkel+die+Grenze%22;Dusseldorf
200;Zelda;http://twitter.com/search?q=Zelda;Zelda;Dusseldorf
201;#Schmidt;http://twitter.com/search?q=%23Schmidt;%23Schmidt;Dusseldorf
202;#SGFFCN;http://twitter.com/search?q=%23SGFFCN;%23SGFFCN;Dusseldorf
203;#DSCAUE;http://twitter.com/search?q=%23DSCAUE;%23DSCAUE;Dusseldorf
204;#RBLLOK;http://twitter.com/search?q=%23RBLLOK;%23RBLLOK;Dusseldorf
205;#Nazi;http://twitter.com/search?q=%23Nazi;%23Nazi;Dusseldorf
206;#PslFinalLahore;http://twitter.com/search?q=%23PslFinalLahore;%23PslFinalLahore;Dusseldorf
207;#UKOpen;http://twitter.com/search?q=%23UKOpen;%23UKOpen;Dusseldorf
208;#FCBB_live;http://twitter.com/search?q=%23FCBB_live;%23FCBB_live;Dusseldorf
209;#MyWeaknessIn3Words;http://twitter.com/search?q=%23MyWeaknessIn3Words;%23MyWeaknessIn3Words;Dusseldorf
210;#werderU23;http://twitter.com/search?q=%23werderU23;%23werderU23;Dusseldorf
211;#EUCS;http://twitter.com/search?q=%23EUCS;%23EUCS;Dusseldorf
212;#Kreisliga;http://twitter.com/search?q=%23Kreisliga;%23Kreisliga;Dusseldorf
213;#dkbhbl;http://twitter.com/search?q=%23dkbhbl;%23dkbhbl;Dusseldorf
214;#goldenekamera;http://twitter.com/search?q=%23goldenekamera;%23goldenekamera;Dusseldorf
215;#BMGS04;http://twitter.com/search?q=%23BMGS04;%23BMGS04;Dusseldorf
216;#dopa;http://twitter.com/search?q=%23dopa;%23dopa;Dusseldorf
217;#KOEFCB;http://twitter.com/search?q=%23KOEFCB;%23KOEFCB;Dusseldorf
218;#TakeMeOut;http://twitter.com/search?q=%23TakeMeOut;%23TakeMeOut;Dusseldorf
219;#gefragtgejagt;http://twitter.com/search?q=%23gefragtgejagt;%23gefragtgejagt;Dusseldorf
220;#Wendt;http://twitter.com/search?q=%23Wendt;%23Wendt;Dusseldorf
221;#Bertha17;http://twitter.com/search?q=%23Bertha17;%23Bertha17;Dusseldorf
222;#DSDS;http://twitter.com/search?q=%23DSDS;%23DSDS;Dusseldorf
223;#WeSupportLouis;http://twitter.com/search?q=%23WeSupportLouis;%23WeSupportLouis;Dusseldorf
224;#Biathlon;http://twitter.com/search?q=%23Biathlon;%23Biathlon;Dusseldorf
225;#TSGFCI;http://twitter.com/search?q=%23TSGFCI;%23TSGFCI;Dusseldorf
226;#linkelpt;http://twitter.com/search?q=%23linkelpt;%23linkelpt;Dusseldorf
227;#Ehefueralle;http://twitter.com/search?q=%23Ehefueralle;%23Ehefueralle;Dusseldorf
228;#KCALieblingsvlogger;http://twitter.com/search?q=%23KCALieblingsvlogger;%23KCALieblingsvlogger;Dusseldorf
229;#festundflauschig;http://twitter.com/search?q=%23festundflauschig;%23festundflauschig;Dusseldorf
230;#gjhlmv;http://twitter.com/search?q=%23gjhlmv;%23gjhlmv;Dusseldorf
231;#LIVARS;http://twitter.com/search?q=%23LIVARS;%23LIVARS;Dusseldorf
232;#mindset;http://twitter.com/search?q=%23mindset;%23mindset;Essen
233;#HSVBSC;http://twitter.com/search?q=%23HSVBSC;%23HSVBSC;Essen
234;#SGESCF;http://twitter.com/search?q=%23SGESCF;%23SGESCF;Essen
235;#Heldt;http://twitter.com/search?q=%23Heldt;%23Heldt;Essen
236;#Lindenstrasse;http://twitter.com/search?q=%23Lindenstrasse;%23Lindenstrasse;Essen
237;Deutsche Bank;http://twitter.com/search?q=%22Deutsche+Bank%22;%22Deutsche+Bank%22;Essen
238;Eintracht;http://twitter.com/search?q=Eintracht;Eintracht;Essen
239;Abseits;http://twitter.com/search?q=Abseits;Abseits;Essen
240;Schiedsrichter;http://twitter.com/search?q=Schiedsrichter;Schiedsrichter;Essen
241;Wirtschaftsminister;http://twitter.com/search?q=Wirtschaftsminister;Wirtschaftsminister;Essen
242;Anh‰nger;http://twitter.com/search?q=Anh%C3%A4nger;Anh%C3%A4nger;Essen
243;Anfang April;http://twitter.com/search?q=%22Anfang+April%22;%22Anfang+April%22;Essen
244;Halbzeit;http://twitter.com/search?q=Halbzeit;Halbzeit;Essen
245;Merkel die Grenze;http://twitter.com/search?q=%22Merkel+die+Grenze%22;%22Merkel+die+Grenze%22;Essen
246;Zelda;http://twitter.com/search?q=Zelda;Zelda;Essen
247;#pulseofeurope;http://twitter.com/search?q=%23pulseofeurope;%23pulseofeurope;Essen
248;#Schmidt;http://twitter.com/search?q=%23Schmidt;%23Schmidt;Essen
249;#SGFFCN;http://twitter.com/search?q=%23SGFFCN;%23SGFFCN;Essen
250;#DSCAUE;http://twitter.com/search?q=%23DSCAUE;%23DSCAUE;Essen
251;#RBLLOK;http://twitter.com/search?q=%23RBLLOK;%23RBLLOK;Essen
252;#Nazi;http://twitter.com/search?q=%23Nazi;%23Nazi;Essen
253;#PslFinalLahore;http://twitter.com/search?q=%23PslFinalLahore;%23PslFinalLahore;Essen
254;#UKOpen;http://twitter.com/search?q=%23UKOpen;%23UKOpen;Essen
255;#FCBB_live;http://twitter.com/search?q=%23FCBB_live;%23FCBB_live;Essen
256;#MyWeaknessIn3Words;http://twitter.com/search?q=%23MyWeaknessIn3Words;%23MyWeaknessIn3Words;Essen
257;#werderU23;http://twitter.com/search?q=%23werderU23;%23werderU23;Essen
258;#EUCS;http://twitter.com/search?q=%23EUCS;%23EUCS;Essen
259;#Kreisliga;http://twitter.com/search?q=%23Kreisliga;%23Kreisliga;Essen
260;#Ehefueralle;http://twitter.com/search?q=%23Ehefueralle;%23Ehefueralle;Essen
261;#dkbhbl;http://twitter.com/search?q=%23dkbhbl;%23dkbhbl;Essen
262;#goldenekamera;http://twitter.com/search?q=%23goldenekamera;%23goldenekamera;Essen
263;#BMGS04;http://twitter.com/search?q=%23BMGS04;%23BMGS04;Essen
264;#dopa;http://twitter.com/search?q=%23dopa;%23dopa;Essen
265;#KOEFCB;http://twitter.com/search?q=%23KOEFCB;%23KOEFCB;Essen
266;#TakeMeOut;http://twitter.com/search?q=%23TakeMeOut;%23TakeMeOut;Essen
267;#gefragtgejagt;http://twitter.com/search?q=%23gefragtgejagt;%23gefragtgejagt;Essen
268;#Wendt;http://twitter.com/search?q=%23Wendt;%23Wendt;Essen
269;#Bertha17;http://twitter.com/search?q=%23Bertha17;%23Bertha17;Essen
270;#DSDS;http://twitter.com/search?q=%23DSDS;%23DSDS;Essen
271;#WeSupportLouis;http://twitter.com/search?q=%23WeSupportLouis;%23WeSupportLouis;Essen
272;#Biathlon;http://twitter.com/search?q=%23Biathlon;%23Biathlon;Essen
273;#TSGFCI;http://twitter.com/search?q=%23TSGFCI;%23TSGFCI;Essen
274;#linkelpt;http://twitter.com/search?q=%23linkelpt;%23linkelpt;Essen
275;#KCALieblingsvlogger;http://twitter.com/search?q=%23KCALieblingsvlogger;%23KCALieblingsvlogger;Essen
276;#festundflauschig;http://twitter.com/search?q=%23festundflauschig;%23festundflauschig;Essen
277;#gjhlmv;http://twitter.com/search?q=%23gjhlmv;%23gjhlmv;Essen
278;#LIVARS;http://twitter.com/search?q=%23LIVARS;%23LIVARS;Essen
279;#HSVBSC;http://twitter.com/search?q=%23HSVBSC;%23HSVBSC;Frankfurt
280;#SGESCF;http://twitter.com/search?q=%23SGESCF;%23SGESCF;Frankfurt
281;#Heldt;http://twitter.com/search?q=%23Heldt;%23Heldt;Frankfurt
282;#Lindenstrasse;http://twitter.com/search?q=%23Lindenstrasse;%23Lindenstrasse;Frankfurt
283;#pulseofeurope;http://twitter.com/search?q=%23pulseofeurope;%23pulseofeurope;Frankfurt
284;Deutsche Bank;http://twitter.com/search?q=%22Deutsche+Bank%22;%22Deutsche+Bank%22;Frankfurt
285;Eintracht;http://twitter.com/search?q=Eintracht;Eintracht;Frankfurt
286;Abseits;http://twitter.com/search?q=Abseits;Abseits;Frankfurt
287;Schiedsrichter;http://twitter.com/search?q=Schiedsrichter;Schiedsrichter;Frankfurt
288;Wirtschaftsminister;http://twitter.com/search?q=Wirtschaftsminister;Wirtschaftsminister;Frankfurt
289;Anh‰nger;http://twitter.com/search?q=Anh%C3%A4nger;Anh%C3%A4nger;Frankfurt
290;Anfang April;http://twitter.com/search?q=%22Anfang+April%22;%22Anfang+April%22;Frankfurt
291;Halbzeit;http://twitter.com/search?q=Halbzeit;Halbzeit;Frankfurt
292;Merkel die Grenze;http://twitter.com/search?q=%22Merkel+die+Grenze%22;%22Merkel+die+Grenze%22;Frankfurt
293;Zelda;http://twitter.com/search?q=Zelda;Zelda;Frankfurt
294;#Schmidt;http://twitter.com/search?q=%23Schmidt;%23Schmidt;Frankfurt
295;#SGFFCN;http://twitter.com/search?q=%23SGFFCN;%23SGFFCN;Frankfurt
296;#DSCAUE;http://twitter.com/search?q=%23DSCAUE;%23DSCAUE;Frankfurt
297;#RBLLOK;http://twitter.com/search?q=%23RBLLOK;%23RBLLOK;Frankfurt
298;#Nazi;http://twitter.com/search?q=%23Nazi;%23Nazi;Frankfurt
299;#PslFinalLahore;http://twitter.com/search?q=%23PslFinalLahore;%23PslFinalLahore;Frankfurt
300;#UKOpen;http://twitter.com/search?q=%23UKOpen;%23UKOpen;Frankfurt
301;#FCBB_live;http://twitter.com/search?q=%23FCBB_live;%23FCBB_live;Frankfurt
302;#MyWeaknessIn3Words;http://twitter.com/search?q=%23MyWeaknessIn3Words;%23MyWeaknessIn3Words;Frankfurt
303;#werderU23;http://twitter.com/search?q=%23werderU23;%23werderU23;Frankfurt
304;#EUCS;http://twitter.com/search?q=%23EUCS;%23EUCS;Frankfurt
305;#Kreisliga;http://twitter.com/search?q=%23Kreisliga;%23Kreisliga;Frankfurt
306;#dkbhbl;http://twitter.com/search?q=%23dkbhbl;%23dkbhbl;Frankfurt
307;#goldenekamera;http://twitter.com/search?q=%23goldenekamera;%23goldenekamera;Frankfurt
308;#BMGS04;http://twitter.com/search?q=%23BMGS04;%23BMGS04;Frankfurt
309;#dopa;http://twitter.com/search?q=%23dopa;%23dopa;Frankfurt
310;#KOEFCB;http://twitter.com/search?q=%23KOEFCB;%23KOEFCB;Frankfurt
311;#TakeMeOut;http://twitter.com/search?q=%23TakeMeOut;%23TakeMeOut;Frankfurt
312;#gefragtgejagt;http://twitter.com/search?q=%23gefragtgejagt;%23gefragtgejagt;Frankfurt
313;#Wendt;http://twitter.com/search?q=%23Wendt;%23Wendt;Frankfurt
314;#Bertha17;http://twitter.com/search?q=%23Bertha17;%23Bertha17;Frankfurt
315;#DSDS;http://twitter.com/search?q=%23DSDS;%23DSDS;Frankfurt
316;#WeSupportLouis;http://twitter.com/search?q=%23WeSupportLouis;%23WeSupportLouis;Frankfurt
317;#Biathlon;http://twitter.com/search?q=%23Biathlon;%23Biathlon;Frankfurt
318;#TSGFCI;http://twitter.com/search?q=%23TSGFCI;%23TSGFCI;Frankfurt
319;#linkelpt;http://twitter.com/search?q=%23linkelpt;%23linkelpt;Frankfurt
320;#Ehefueralle;http://twitter.com/search?q=%23Ehefueralle;%23Ehefueralle;Frankfurt
321;#KCALieblingsvlogger;http://twitter.com/search?q=%23KCALieblingsvlogger;%23KCALieblingsvlogger;Frankfurt
322;#festundflauschig;http://twitter.com/search?q=%23festundflauschig;%23festundflauschig;Frankfurt
323;#gjhlmv;http://twitter.com/search?q=%23gjhlmv;%23gjhlmv;Frankfurt
324;#LIVARS;http://twitter.com/search?q=%23LIVARS;%23LIVARS;Frankfurt
325;#HSVBSC;http://twitter.com/search?q=%23HSVBSC;%23HSVBSC;Hamburg
326;#SGESCF;http://twitter.com/search?q=%23SGESCF;%23SGESCF;Hamburg
327;#goldenekamera;http://twitter.com/search?q=%23goldenekamera;%23goldenekamera;Hamburg
328;#BMGS04;http://twitter.com/search?q=%23BMGS04;%23BMGS04;Hamburg
329;#Biathlon;http://twitter.com/search?q=%23Biathlon;%23Biathlon;Hamburg
330;Deutsche Bank;http://twitter.com/search?q=%22Deutsche+Bank%22;%22Deutsche+Bank%22;Hamburg
331;Eintracht;http://twitter.com/search?q=Eintracht;Eintracht;Hamburg
332;Abseits;http://twitter.com/search?q=Abseits;Abseits;Hamburg
333;Schiedsrichter;http://twitter.com/search?q=Schiedsrichter;Schiedsrichter;Hamburg
334;Anh‰nger;http://twitter.com/search?q=Anh%C3%A4nger;Anh%C3%A4nger;Hamburg
335;Anfang April;http://twitter.com/search?q=%22Anfang+April%22;%22Anfang+April%22;Hamburg
336;Halbzeit;http://twitter.com/search?q=Halbzeit;Halbzeit;Hamburg
337;Merkel die Grenze;http://twitter.com/search?q=%22Merkel+die+Grenze%22;%22Merkel+die+Grenze%22;Hamburg
338;Zelda;http://twitter.com/search?q=Zelda;Zelda;Hamburg
339;#Heldt;http://twitter.com/search?q=%23Heldt;%23Heldt;Hamburg
340;#Lindenstrasse;http://twitter.com/search?q=%23Lindenstrasse;%23Lindenstrasse;Hamburg
341;#pulseofeurope;http://twitter.com/search?q=%23pulseofeurope;%23pulseofeurope;Hamburg
342;#Schmidt;http://twitter.com/search?q=%23Schmidt;%23Schmidt;Hamburg
343;#SGFFCN;http://twitter.com/search?q=%23SGFFCN;%23SGFFCN;Hamburg
344;#DSCAUE;http://twitter.com/search?q=%23DSCAUE;%23DSCAUE;Hamburg
345;#RBLLOK;http://twitter.com/search?q=%23RBLLOK;%23RBLLOK;Hamburg
346;#Nazi;http://twitter.com/search?q=%23Nazi;%23Nazi;Hamburg
347;#PslFinalLahore;http://twitter.com/search?q=%23PslFinalLahore;%23PslFinalLahore;Hamburg
348;#UKOpen;http://twitter.com/search?q=%23UKOpen;%23UKOpen;Hamburg
349;#FCBB_live;http://twitter.com/search?q=%23FCBB_live;%23FCBB_live;Hamburg
350;#MyWeaknessIn3Words;http://twitter.com/search?q=%23MyWeaknessIn3Words;%23MyWeaknessIn3Words;Hamburg
351;#werderU23;http://twitter.com/search?q=%23werderU23;%23werderU23;Hamburg
352;#EUCS;http://twitter.com/search?q=%23EUCS;%23EUCS;Hamburg
353;#Kreisliga;http://twitter.com/search?q=%23Kreisliga;%23Kreisliga;Hamburg
354;#Ehefueralle;http://twitter.com/search?q=%23Ehefueralle;%23Ehefueralle;Hamburg
355;#dkbhbl;http://twitter.com/search?q=%23dkbhbl;%23dkbhbl;Hamburg
356;#dopa;http://twitter.com/search?q=%23dopa;%23dopa;Hamburg
357;#KOEFCB;http://twitter.com/search?q=%23KOEFCB;%23KOEFCB;Hamburg
358;#TakeMeOut;http://twitter.com/search?q=%23TakeMeOut;%23TakeMeOut;Hamburg
359;#gefragtgejagt;http://twitter.com/search?q=%23gefragtgejagt;%23gefragtgejagt;Hamburg
360;#Wendt;http://twitter.com/search?q=%23Wendt;%23Wendt;Hamburg
361;#Bertha17;http://twitter.com/search?q=%23Bertha17;%23Bertha17;Hamburg
362;#DSDS;http://twitter.com/search?q=%23DSDS;%23DSDS;Hamburg
363;#WeSupportLouis;http://twitter.com/search?q=%23WeSupportLouis;%23WeSupportLouis;Hamburg
364;#TSGFCI;http://twitter.com/search?q=%23TSGFCI;%23TSGFCI;Hamburg
365;#linkelpt;http://twitter.com/search?q=%23linkelpt;%23linkelpt;Hamburg
366;#KCALieblingsvlogger;http://twitter.com/search?q=%23KCALieblingsvlogger;%23KCALieblingsvlogger;Hamburg
367;#festundflauschig;http://twitter.com/search?q=%23festundflauschig;%23festundflauschig;Hamburg
368;#gjhlmv;http://twitter.com/search?q=%23gjhlmv;%23gjhlmv;Hamburg
369;#LIVARS;http://twitter.com/search?q=%23LIVARS;%23LIVARS;Hamburg
370;#HSVBSC;http://twitter.com/search?q=%23HSVBSC;%23HSVBSC;Cologne
371;#Heldt;http://twitter.com/search?q=%23Heldt;%23Heldt;Cologne
372;#SGESCF;http://twitter.com/search?q=%23SGESCF;%23SGESCF;Cologne
373;#Leverkusen;http://twitter.com/search?q=%23Leverkusen;%23Leverkusen;Cologne
374;#goldenekamera;http://twitter.com/search?q=%23goldenekamera;%23goldenekamera;Cologne
375;Deutsche Bank;http://twitter.com/search?q=%22Deutsche+Bank%22;%22Deutsche+Bank%22;Cologne
376;Eintracht;http://twitter.com/search?q=Eintracht;Eintracht;Cologne
377;Abseits;http://twitter.com/search?q=Abseits;Abseits;Cologne
378;Wirtschaftsminister;http://twitter.com/search?q=Wirtschaftsminister;Wirtschaftsminister;Cologne
379;Schiedsrichter;http://twitter.com/search?q=Schiedsrichter;Schiedsrichter;Cologne
380;Anh‰nger;http://twitter.com/search?q=Anh%C3%A4nger;Anh%C3%A4nger;Cologne
381;Anfang April;http://twitter.com/search?q=%22Anfang+April%22;%22Anfang+April%22;Cologne
382;Halbzeit;http://twitter.com/search?q=Halbzeit;Halbzeit;Cologne
383;Merkel die Grenze;http://twitter.com/search?q=%22Merkel+die+Grenze%22;%22Merkel+die+Grenze%22;Cologne
384;Zelda;http://twitter.com/search?q=Zelda;Zelda;Cologne
385;#KOEFCB;http://twitter.com/search?q=%23KOEFCB;%23KOEFCB;Cologne
386;#BMGS04;http://twitter.com/search?q=%23BMGS04;%23BMGS04;Cologne
387;#BVBB04;http://twitter.com/search?q=%23BVBB04;%23BVBB04;Cologne
388;#DSDS;http://twitter.com/search?q=%23DSDS;%23DSDS;Cologne
389;#Lindenstrasse;http://twitter.com/search?q=%23Lindenstrasse;%23Lindenstrasse;Cologne
390;#pulseofeurope;http://twitter.com/search?q=%23pulseofeurope;%23pulseofeurope;Cologne
391;#SGFFCN;http://twitter.com/search?q=%23SGFFCN;%23SGFFCN;Cologne
392;#DSCAUE;http://twitter.com/search?q=%23DSCAUE;%23DSCAUE;Cologne
393;#RBLLOK;http://twitter.com/search?q=%23RBLLOK;%23RBLLOK;Cologne
394;#Nazi;http://twitter.com/search?q=%23Nazi;%23Nazi;Cologne
395;#PslFinalLahore;http://twitter.com/search?q=%23PslFinalLahore;%23PslFinalLahore;Cologne
396;#UKOpen;http://twitter.com/search?q=%23UKOpen;%23UKOpen;Cologne
397;#MyWeaknessIn3Words;http://twitter.com/search?q=%23MyWeaknessIn3Words;%23MyWeaknessIn3Words;Cologne
398;#FCBB_live;http://twitter.com/search?q=%23FCBB_live;%23FCBB_live;Cologne
399;#EUCS;http://twitter.com/search?q=%23EUCS;%23EUCS;Cologne
400;#Kreisliga;http://twitter.com/search?q=%23Kreisliga;%23Kreisliga;Cologne
401;#dkbhbl;http://twitter.com/search?q=%23dkbhbl;%23dkbhbl;Cologne
402;#dopa;http://twitter.com/search?q=%23dopa;%23dopa;Cologne
403;#TakeMeOut;http://twitter.com/search?q=%23TakeMeOut;%23TakeMeOut;Cologne
404;#gefragtgejagt;http://twitter.com/search?q=%23gefragtgejagt;%23gefragtgejagt;Cologne
405;#Wendt;http://twitter.com/search?q=%23Wendt;%23Wendt;Cologne
406;#Bertha17;http://twitter.com/search?q=%23Bertha17;%23Bertha17;Cologne
407;#WeSupportLouis;http://twitter.com/search?q=%23WeSupportLouis;%23WeSupportLouis;Cologne
408;#Biathlon;http://twitter.com/search?q=%23Biathlon;%23Biathlon;Cologne
409;#TSGFCI;http://twitter.com/search?q=%23TSGFCI;%23TSGFCI;Cologne
410;#linkelpt;http://twitter.com/search?q=%23linkelpt;%23linkelpt;Cologne
411;#Ehefueralle;http://twitter.com/search?q=%23Ehefueralle;%23Ehefueralle;Cologne
412;#KCALieblingsvlogger;http://twitter.com/search?q=%23KCALieblingsvlogger;%23KCALieblingsvlogger;Cologne
413;#festundflauschig;http://twitter.com/search?q=%23festundflauschig;%23festundflauschig;Cologne
414;#gjhlmv;http://twitter.com/search?q=%23gjhlmv;%23gjhlmv;Cologne
415;#LIVARS;http://twitter.com/search?q=%23LIVARS;%23LIVARS;Cologne
416;#RBLLOK;http://twitter.com/search?q=%23RBLLOK;%23RBLLOK;Leipzig
417;#RWEZWI;http://twitter.com/search?q=%23RWEZWI;%23RWEZWI;Leipzig
418;#goldenekamera;http://twitter.com/search?q=%23goldenekamera;%23goldenekamera;Leipzig
419;Instagram Stories;http://twitter.com/search?q=%22Instagram+Stories%22;%22Instagram+Stories%22;Leipzig
420;Zelda;http://twitter.com/search?q=Zelda;Zelda;Leipzig
421;#Dresden;http://twitter.com/search?q=%23Dresden;%23Dresden;Leipzig
422;#HSVBSC;http://twitter.com/search?q=%23HSVBSC;%23HSVBSC;Leipzig
423;Deutsche Bank;http://twitter.com/search?q=%22Deutsche+Bank%22;%22Deutsche+Bank%22;Leipzig
424;Eintracht;http://twitter.com/search?q=Eintracht;Eintracht;Leipzig
425;Abseits;http://twitter.com/search?q=Abseits;Abseits;Leipzig
426;Wirtschaftsminister;http://twitter.com/search?q=Wirtschaftsminister;Wirtschaftsminister;Leipzig
427;Schiedsrichter;http://twitter.com/search?q=Schiedsrichter;Schiedsrichter;Leipzig
428;Anh‰nger;http://twitter.com/search?q=Anh%C3%A4nger;Anh%C3%A4nger;Leipzig
429;Anfang April;http://twitter.com/search?q=%22Anfang+April%22;%22Anfang+April%22;Leipzig
430;Halbzeit;http://twitter.com/search?q=Halbzeit;Halbzeit;Leipzig
431;Merkel die Grenze;http://twitter.com/search?q=%22Merkel+die+Grenze%22;%22Merkel+die+Grenze%22;Leipzig
432;#SGESCF;http://twitter.com/search?q=%23SGESCF;%23SGESCF;Leipzig
433;#Heldt;http://twitter.com/search?q=%23Heldt;%23Heldt;Leipzig
434;#Lindenstrasse;http://twitter.com/search?q=%23Lindenstrasse;%23Lindenstrasse;Leipzig
435;#pulseofeurope;http://twitter.com/search?q=%23pulseofeurope;%23pulseofeurope;Leipzig
436;#Schmidt;http://twitter.com/search?q=%23Schmidt;%23Schmidt;Leipzig
437;#SGFFCN;http://twitter.com/search?q=%23SGFFCN;%23SGFFCN;Leipzig
438;#DSCAUE;http://twitter.com/search?q=%23DSCAUE;%23DSCAUE;Leipzig
439;#Nazi;http://twitter.com/search?q=%23Nazi;%23Nazi;Leipzig
440;#PslFinalLahore;http://twitter.com/search?q=%23PslFinalLahore;%23PslFinalLahore;Leipzig
441;#MyWeaknessIn3Words;http://twitter.com/search?q=%23MyWeaknessIn3Words;%23MyWeaknessIn3Words;Leipzig
442;#UKOpen;http://twitter.com/search?q=%23UKOpen;%23UKOpen;Leipzig
443;#FCBB_live;http://twitter.com/search?q=%23FCBB_live;%23FCBB_live;Leipzig
444;#EUCS;http://twitter.com/search?q=%23EUCS;%23EUCS;Leipzig
445;#Kreisliga;http://twitter.com/search?q=%23Kreisliga;%23Kreisliga;Leipzig
446;#dkbhbl;http://twitter.com/search?q=%23dkbhbl;%23dkbhbl;Leipzig
447;#BMGS04;http://twitter.com/search?q=%23BMGS04;%23BMGS04;Leipzig
448;#dopa;http://twitter.com/search?q=%23dopa;%23dopa;Leipzig
449;#KOEFCB;http://twitter.com/search?q=%23KOEFCB;%23KOEFCB;Leipzig
450;#TakeMeOut;http://twitter.com/search?q=%23TakeMeOut;%23TakeMeOut;Leipzig
451;#gefragtgejagt;http://twitter.com/search?q=%23gefragtgejagt;%23gefragtgejagt;Leipzig
452;#Wendt;http://twitter.com/search?q=%23Wendt;%23Wendt;Leipzig
453;#Bertha17;http://twitter.com/search?q=%23Bertha17;%23Bertha17;Leipzig
454;#DSDS;http://twitter.com/search?q=%23DSDS;%23DSDS;Leipzig
455;#WeSupportLouis;http://twitter.com/search?q=%23WeSupportLouis;%23WeSupportLouis;Leipzig
456;#Biathlon;http://twitter.com/search?q=%23Biathlon;%23Biathlon;Leipzig
457;#TSGFCI;http://twitter.com/search?q=%23TSGFCI;%23TSGFCI;Leipzig
458;#linkelpt;http://twitter.com/search?q=%23linkelpt;%23linkelpt;Leipzig
459;#Ehefueralle;http://twitter.com/search?q=%23Ehefueralle;%23Ehefueralle;Leipzig
460;#KCALieblingsvlogger;http://twitter.com/search?q=%23KCALieblingsvlogger;%23KCALieblingsvlogger;Leipzig
461;#festundflauschig;http://twitter.com/search?q=%23festundflauschig;%23festundflauschig;Leipzig
462;#gjhlmv;http://twitter.com/search?q=%23gjhlmv;%23gjhlmv;Leipzig
463;#LIVARS;http://twitter.com/search?q=%23LIVARS;%23LIVARS;Leipzig
464;#HSVBSC;http://twitter.com/search?q=%23HSVBSC;%23HSVBSC;Munich
465;#SGESCF;http://twitter.com/search?q=%23SGESCF;%23SGESCF;Munich
466;#FCBB_live;http://twitter.com/search?q=%23FCBB_live;%23FCBB_live;Munich
467;#goldenekamera;http://twitter.com/search?q=%23goldenekamera;%23goldenekamera;Munich
468;#KOEFCB;http://twitter.com/search?q=%23KOEFCB;%23KOEFCB;Munich
469;Deutsche Bank;http://twitter.com/search?q=%22Deutsche+Bank%22;%22Deutsche+Bank%22;Munich
470;Eintracht;http://twitter.com/search?q=Eintracht;Eintracht;Munich
471;Abseits;http://twitter.com/search?q=Abseits;Abseits;Munich
472;Wirtschaftsminister;http://twitter.com/search?q=Wirtschaftsminister;Wirtschaftsminister;Munich
473;Schiedsrichter;http://twitter.com/search?q=Schiedsrichter;Schiedsrichter;Munich
474;Anh‰nger;http://twitter.com/search?q=Anh%C3%A4nger;Anh%C3%A4nger;Munich
475;Anfang April;http://twitter.com/search?q=%22Anfang+April%22;%22Anfang+April%22;Munich
476;Halbzeit;http://twitter.com/search?q=Halbzeit;Halbzeit;Munich
477;Merkel die Grenze;http://twitter.com/search?q=%22Merkel+die+Grenze%22;%22Merkel+die+Grenze%22;Munich
478;Zelda;http://twitter.com/search?q=Zelda;Zelda;Munich
479;#SGFFCN;http://twitter.com/search?q=%23SGFFCN;%23SGFFCN;Munich
480;#pulseofeurope;http://twitter.com/search?q=%23pulseofeurope;%23pulseofeurope;Munich
481;#BVBB04;http://twitter.com/search?q=%23BVBB04;%23BVBB04;Munich
482;#BMGS04;http://twitter.com/search?q=%23BMGS04;%23BMGS04;Munich
483;#Heldt;http://twitter.com/search?q=%23Heldt;%23Heldt;Munich
484;#Lindenstrasse;http://twitter.com/search?q=%23Lindenstrasse;%23Lindenstrasse;Munich
485;#DSCAUE;http://twitter.com/search?q=%23DSCAUE;%23DSCAUE;Munich
486;#Leverkusen;http://twitter.com/search?q=%23Leverkusen;%23Leverkusen;Munich
487;#RBLLOK;http://twitter.com/search?q=%23RBLLOK;%23RBLLOK;Munich
488;#Nazi;http://twitter.com/search?q=%23Nazi;%23Nazi;Munich
489;#PslFinalLahore;http://twitter.com/search?q=%23PslFinalLahore;%23PslFinalLahore;Munich
490;#UKOpen;http://twitter.com/search?q=%23UKOpen;%23UKOpen;Munich
491;#MyWeaknessIn3Words;http://twitter.com/search?q=%23MyWeaknessIn3Words;%23MyWeaknessIn3Words;Munich
492;#EUCS;http://twitter.com/search?q=%23EUCS;%23EUCS;Munich
493;#Kreisliga;http://twitter.com/search?q=%23Kreisliga;%23Kreisliga;Munich
494;#dkbhbl;http://twitter.com/search?q=%23dkbhbl;%23dkbhbl;Munich
495;#dopa;http://twitter.com/search?q=%23dopa;%23dopa;Munich
496;#TakeMeOut;http://twitter.com/search?q=%23TakeMeOut;%23TakeMeOut;Munich
497;#gefragtgejagt;http://twitter.com/search?q=%23gefragtgejagt;%23gefragtgejagt;Munich
498;#Wendt;http://twitter.com/search?q=%23Wendt;%23Wendt;Munich
499;#Bertha17;http://twitter.com/search?q=%23Bertha17;%23Bertha17;Munich
500;#DSDS;http://twitter.com/search?q=%23DSDS;%23DSDS;Munich
501;#WeSupportLouis;http://twitter.com/search?q=%23WeSupportLouis;%23WeSupportLouis;Munich
502;#Biathlon;http://twitter.com/search?q=%23Biathlon;%23Biathlon;Munich
503;#TSGFCI;http://twitter.com/search?q=%23TSGFCI;%23TSGFCI;Munich
504;#linkelpt;http://twitter.com/search?q=%23linkelpt;%23linkelpt;Munich
505;#Ehefueralle;http://twitter.com/search?q=%23Ehefueralle;%23Ehefueralle;Munich
506;#KCALieblingsvlogger;http://twitter.com/search?q=%23KCALieblingsvlogger;%23KCALieblingsvlogger;Munich
507;#festundflauschig;http://twitter.com/search?q=%23festundflauschig;%23festundflauschig;Munich
508;#gjhlmv;http://twitter.com/search?q=%23gjhlmv;%23gjhlmv;Munich
509;#LIVARS;http://twitter.com/search?q=%23LIVARS;%23LIVARS;Munich
510;#VfBPK;http://twitter.com/search?q=%23VfBPK;%23VfBPK;Stuttgart
511;#goldenekamera;http://twitter.com/search?q=%23goldenekamera;%23goldenekamera;Stuttgart
512;#NintendoSwitch;http://twitter.com/search?q=%23NintendoSwitch;%23NintendoSwitch;Stuttgart
513;#Erdogan;http://twitter.com/search?q=%23Erdogan;%23Erdogan;Stuttgart
514;#Wendt;http://twitter.com/search?q=%23Wendt;%23Wendt;Stuttgart
515;Spaﬂ;http://twitter.com/search?q=Spa%C3%9F;Spa%C3%9F;Stuttgart
516;Eintracht;http://twitter.com/search?q=Eintracht;Eintracht;Stuttgart
517;Abseits;http://twitter.com/search?q=Abseits;Abseits;Stuttgart
518;Schiedsrichter;http://twitter.com/search?q=Schiedsrichter;Schiedsrichter;Stuttgart
519;Anh‰nger;http://twitter.com/search?q=Anh%C3%A4nger;Anh%C3%A4nger;Stuttgart
520;Anfang April;http://twitter.com/search?q=%22Anfang+April%22;%22Anfang+April%22;Stuttgart
521;Halbzeit;http://twitter.com/search?q=Halbzeit;Halbzeit;Stuttgart
522;Zelda;http://twitter.com/search?q=Zelda;Zelda;Stuttgart
523;#DeutscheMitte;http://twitter.com/search?q=%23DeutscheMitte;%23DeutscheMitte;Stuttgart
524;#HSVBSC;http://twitter.com/search?q=%23HSVBSC;%23HSVBSC;Stuttgart
525;#SGESCF;http://twitter.com/search?q=%23SGESCF;%23SGESCF;Stuttgart
526;#Heldt;http://twitter.com/search?q=%23Heldt;%23Heldt;Stuttgart
527;#Lindenstrasse;http://twitter.com/search?q=%23Lindenstrasse;%23Lindenstrasse;Stuttgart
528;#pulseofeurope;http://twitter.com/search?q=%23pulseofeurope;%23pulseofeurope;Stuttgart
529;#Schmidt;http://twitter.com/search?q=%23Schmidt;%23Schmidt;Stuttgart
530;#SGFFCN;http://twitter.com/search?q=%23SGFFCN;%23SGFFCN;Stuttgart
531;#DSCAUE;http://twitter.com/search?q=%23DSCAUE;%23DSCAUE;Stuttgart
532;#RBLLOK;http://twitter.com/search?q=%23RBLLOK;%23RBLLOK;Stuttgart
533;#PslFinalLahore;http://twitter.com/search?q=%23PslFinalLahore;%23PslFinalLahore;Stuttgart
534;#UKOpen;http://twitter.com/search?q=%23UKOpen;%23UKOpen;Stuttgart
535;#FCBB_live;http://twitter.com/search?q=%23FCBB_live;%23FCBB_live;Stuttgart
536;#MyWeaknessIn3Words;http://twitter.com/search?q=%23MyWeaknessIn3Words;%23MyWeaknessIn3Words;Stuttgart
537;#werderU23;http://twitter.com/search?q=%23werderU23;%23werderU23;Stuttgart
538;#EUCS;http://twitter.com/search?q=%23EUCS;%23EUCS;Stuttgart
539;#Kreisliga;http://twitter.com/search?q=%23Kreisliga;%23Kreisliga;Stuttgart
540;#Ehefueralle;http://twitter.com/search?q=%23Ehefueralle;%23Ehefueralle;Stuttgart
541;#dkbhbl;http://twitter.com/search?q=%23dkbhbl;%23dkbhbl;Stuttgart
542;#BMGS04;http://twitter.com/search?q=%23BMGS04;%23BMGS04;Stuttgart
543;#dopa;http://twitter.com/search?q=%23dopa;%23dopa;Stuttgart
544;#KOEFCB;http://twitter.com/search?q=%23KOEFCB;%23KOEFCB;Stuttgart
545;#TakeMeOut;http://twitter.com/search?q=%23TakeMeOut;%23TakeMeOut;Stuttgart
546;#gefragtgejagt;http://twitter.com/search?q=%23gefragtgejagt;%23gefragtgejagt;Stuttgart
547;#Bertha17;http://twitter.com/search?q=%23Bertha17;%23Bertha17;Stuttgart
548;#DSDS;http://twitter.com/search?q=%23DSDS;%23DSDS;Stuttgart
549;#WeSupportLouis;http://twitter.com/search?q=%23WeSupportLouis;%23WeSupportLouis;Stuttgart
550;#Biathlon;http://twitter.com/search?q=%23Biathlon;%23Biathlon;Stuttgart
551;#TSGFCI;http://twitter.com/search?q=%23TSGFCI;%23TSGFCI;Stuttgart
552;#linkelpt;http://twitter.com/search?q=%23linkelpt;%23linkelpt;Stuttgart
553;#KCALieblingsvlogger;http://twitter.com/search?q=%23KCALieblingsvlogger;%23KCALieblingsvlogger;Stuttgart
554;#festundflauschig;http://twitter.com/search?q=%23festundflauschig;%23festundflauschig;Stuttgart
555;#gjhlmv;http://twitter.com/search?q=%23gjhlmv;%23gjhlmv;Stuttgart
556;#LIVARS;http://twitter.com/search?q=%23LIVARS;%23LIVARS;Stuttgart
